// Code generated by tools/gen_block_support.go from 26.2/block_support.json; DO NOT EDIT.

package block

// SupportType mirrors net.minecraft.world.level.block.SupportType. The ordinal order
// (FULL=0, CENTER=1, RIGID=2) is the order used as the low component of the faceSturdy
// cache index. CITE: javap net.minecraft.world.level.block.SupportType — fields declared
// FULL, CENTER, RIGID in that order.
type SupportType uint8

const (
	SupportFull   SupportType = iota // FULL: the whole face is a full 16x16 square.
	SupportCenter                    // CENTER: a centered 2x2 (>= [6,6]..[10,10]) region.
	SupportRigid                     // RIGID: the whole face square AND it is non-fragile.
)

// supportTypeCount is SupportType.values().length (3). The faceSturdy cache index is
// dir.ordinal()*supportTypeCount + supportType.ordinal(). CITE: javap
// BlockBehaviour$BlockStateBase$Cache.getFaceSupportIndex.
const supportTypeCount = 3

const (
	// bit 18 holds isSolid() (the legacySolid field); bit 19 holds isCollisionShapeFullBlock();
	// bit 20 holds isSuffocating() (the no-context per-block isSuffocating StatePredicate result).
	bitIsSolid              = 18
	bitIsCollisionFullBlock = 19
	bitIsSuffocating        = 20
)

// blockSupport[stateID] packs the precomputed block-support cache for that state:
//
//	bits 0..17 : faceSturdy[18], bit (dir*supportTypeCount + supportType)
//	bit  18    : isSolid()
//	bit  19    : isCollisionShapeFullBlock()
//	bit  20    : isSuffocating()
//
// It is keyed directly by StateID (the global block-state id), matching StateList.
var blockSupport = [...]uint32{
	0x000000, 0x1fffff, 0x1fffff, 0x1fffff, 0x1fffff, 0x1fffff, 0x1fffff, 0x1fffff,
	0x1fffff, 0x1fffff, 0x1fffff, 0x1fffff, 0x1fffff, 0x1fffff, 0x1fffff, 0x1fffff,
	0x1fffff, 0x1fffff, 0x1fffff, 0x1fffff, 0x1fffff, 0x1fffff, 0x1fffff, 0x1fffff,
	0x1fffff, 0x1fffff, 0x1fffff, 0x1fffff, 0x1fffff, 0x000000, 0x000000, 0x000000,
	0x000000, 0x000000, 0x000000, 0x000000, 0x000000, 0x000000, 0x000000, 0x000000,
	0x000000, 0x000000, 0x000000, 0x000000, 0x000000, 0x000000, 0x000000, 0x000000,
	0x000000, 0x000000, 0x000000, 0x000000, 0x000000, 0x000000, 0x000000, 0x000000,
	0x000000, 0x000000, 0x000000, 0x000000, 0x000000, 0x000000, 0x000000, 0x000000,
	0x000000, 0x000000, 0x000000, 0x000000, 0x000000, 0x000000, 0x000000, 0x000000,
	0x000000, 0x000000, 0x000000, 0x000000, 0x000000, 0x000000, 0x000000, 0x000000,
	0x000000, 0x000000, 0x000000, 0x000000, 0x000000, 0x1fffff, 0x000000, 0x000000,
	0x000000, 0x000000, 0x000000, 0x000000, 0x000000, 0x000000, 0x000000, 0x000000,
	0x000000, 0x000000, 0x000000, 0x000000, 0x000000, 0x000000, 0x000000, 0x000000,
	0x000000, 0x000000, 0x000000, 0x000000, 0x000000, 0x000000, 0x000000, 0x000000,
	0x000000, 0x000000, 0x000000, 0x000000, 0x000000, 0x000000, 0x1fffff, 0x1fffff,
	0x1fffff, 0x1fffff, 0x1fffff, 0x1fffff, 0x1fffff, 0x1fffff, 0x1fffff, 0x1fffff,
	0x1fffff, 0x1fffff, 0x1fffff, 0x1fffff, 0x1fffff, 0x1fffff, 0x1fffff, 0x1fffff,
	0x1fffff, 0x1fffff, 0x1fffff, 0x1fffff, 0x1fffff, 0x1fffff, 0x1fffff, 0x1fffff,
	0x1fffff, 0x1fffff, 0x1fffff, 0x1fffff, 0x1fffff, 0x1fffff, 0x1fffff, 0x1fffff,
	0x1fffff, 0x1fffff, 0x1fffff, 0x1fffff, 0x1fffff, 0x1fffff, 0x1fffff, 0x1fffff,
	0x1fffff, 0x1fffff, 0x1fffff, 0x0fffff, 0x0fffff, 0x1fffff, 0x1fffff, 0x1fffff,
	0x1fffff, 0x1fffff, 0x1fffff, 0x1fffff, 0x1fffff, 0x1fffff, 0x1fffff, 0x1fffff,
	0x1fffff, 0x1fffff, 0x1fffff, 0x1fffff, 0x1fffff, 0x1fffff, 0x1fffff, 0x1fffff,
	0x1fffff, 0x1fffff, 0x1fffff, 0x1fffff, 0x1fffff, 0x1fffff, 0x1fffff, 0x1fffff,
	0x1fffff, 0x1fffff, 0x1fffff, 0x1fffff, 0x1fffff, 0x1fffff, 0x1fffff, 0x1fffff,
	0x1fffff, 0x1fffff, 0x1fffff, 0x1fffff, 0x1fffff, 0x1fffff, 0x1fffff, 0x1fffff,
	0x1fffff, 0x1fffff, 0x1fffff, 0x1fffff, 0x1fffff, 0x1fffff, 0x1fffff, 0x1fffff,
	0x1fffff, 0x1fffff, 0x1fffff, 0x1fffff, 0x1fffff, 0x1fffff, 0x1fffff, 0x1fffff,
	0x1fffff, 0x1fffff, 0x1fffff, 0x1fffff, 0x1fffff, 0x1fffff, 0x1fffff, 0x1fffff,
	0x1fffff, 0x1fffff, 0x1fffff, 0x1fffff, 0x1fffff, 0x1fffff, 0x1fffff, 0x1fffff,
	0x1fffff, 0x1fffff, 0x1fffff, 0x1fffff, 0x1fffff, 0x1fffff, 0x1fffff, 0x1fffff,
	0x1fffff, 0x1fffff, 0x1fffff, 0x1fffff, 0x0c0000, 0x0c0000, 0x0c0000, 0x0c0000,
	0x0c0000, 0x0c0000, 0x0c0000, 0x0c0000, 0x0c0000, 0x0c0000, 0x0c0000, 0x0c0000,
	0x0c0000, 0x0c0000, 0x0c0000, 0x0c0000, 0x0c0000, 0x0c0000, 0x0c0000, 0x0c0000,
	0x0c0000, 0x0c0000, 0x0c0000, 0x0c0000, 0x0c0000, 0x0c0000, 0x0c0000, 0x0c0000,
	0x0c0000, 0x0c0000, 0x0c0000, 0x0c0000, 0x0c0000, 0x0c0000, 0x0c0000, 0x0c0000,
	0x0c0000, 0x0c0000, 0x0c0000, 0x0c0000, 0x0c0000, 0x0c0000, 0x0c0000, 0x0c0000,
	0x0c0000, 0x0c0000, 0x0c0000, 0x0c0000, 0x0c0000, 0x0c0000, 0x0c0000, 0x0c0000,
	0x0c0000, 0x0c0000, 0x0c0000, 0x0c0000, 0x0c0000, 0x0c0000, 0x0c0000, 0x0c0000,
	0x0c0000, 0x0c0000, 0x0c0000, 0x0c0000, 0x0c0000, 0x0c0000, 0x0c0000, 0x0c0000,
	0x0c0000, 0x0c0000, 0x0c0000, 0x0c0000, 0x0c0000, 0x0c0000, 0x0c0000, 0x0c0000,
	0x0c0000, 0x0c0000, 0x0c0000, 0x0c0000, 0x0c0000, 0x0c0000, 0x0c0000, 0x0c0000,
	0x0c0000, 0x0c0000, 0x0c0000, 0x0c0000, 0x0c0000, 0x0c0000, 0x0c0000, 0x0c0000,
	0x0c0000, 0x0c0000, 0x0c0000, 0x0c0000, 0x0c0000, 0x0c0000, 0x0c0000, 0x0c0000,
	0x0c0000, 0x0c0000, 0x0c0000, 0x0c0000, 0x0c0000, 0x0c0000, 0x0c0000, 0x0c0000,
	0x0c0000, 0x0c0000, 0x0c0000, 0x0c0000, 0x0c0000, 0x0c0000, 0x0c0000, 0x0c0000,
	0x0c0000, 0x0c0000, 0x0c0000, 0x0c0000, 0x0c0000, 0x0c0000, 0x0c0000, 0x0c0000,
	0x0c0000, 0x0c0000, 0x0c0000, 0x0c0000, 0x0c0000, 0x0c0000, 0x0c0000, 0x0c0000,
	0x0c0000, 0x0c0000, 0x0c0000, 0x0c0000, 0x0c0000, 0x0c0000, 0x0c0000, 0x0c0000,
	0x0c0000, 0x0c0000, 0x0c0000, 0x0c0000, 0x0c0000, 0x0c0000, 0x0c0000, 0x0c0000,
	0x0c0000, 0x0c0000, 0x0c0000, 0x0c0000, 0x0c0000, 0x0c0000, 0x0c0000, 0x0c0000,
	0x0c0000, 0x0c0000, 0x0c0000, 0x0c0000, 0x0c0000, 0x0c0000, 0x0c0000, 0x0c0000,
	0x0c0000, 0x0c0000, 0x0c0000, 0x0c0000, 0x0c0000, 0x0c0000, 0x0c0000, 0x0c0000,
	0x0c0000, 0x0c0000, 0x0c0000, 0x0c0000, 0x0c0000, 0x0c0000, 0x0c0000, 0x0c0000,
	0x0c0000, 0x0c0000, 0x0c0000, 0x0c0000, 0x0c0000, 0x0c0000, 0x0c0000, 0x0c0000,
	0x0c0000, 0x0c0000, 0x0c0000, 0x0c0000, 0x0c0000, 0x0c0000, 0x0c0000, 0x0c0000,
	0x0c0000, 0x0c0000, 0x0c0000, 0x0c0000, 0x0c0000, 0x0c0000, 0x0c0000, 0x0c0000,
	0x0c0000, 0x0c0000, 0x0c0000, 0x0c0000, 0x0c0000, 0x0c0000, 0x0c0000, 0x0c0000,
	0x0c0000, 0x0c0000, 0x0c0000, 0x0c0000, 0x0c0000, 0x0c0000, 0x0c0000, 0x0c0000,
	0x0c0000, 0x0c0000, 0x0c0000, 0x0c0000, 0x0c0000, 0x0c0000, 0x0c0000, 0x0c0000,
	0x0c0000, 0x0c0000, 0x0c0000, 0x0c0000, 0x0c0000, 0x0c0000, 0x0c0000, 0x0c0000,
	0x0c0000, 0x0c0000, 0x0c0000, 0x0c0000, 0x0c0000, 0x0c0000, 0x0c0000, 0x0c0000,
	0x0c0000, 0x0c0000, 0x0c0000, 0x0c0000, 0x0c0000, 0x0c0000, 0x0c0000, 0x0c0000,
	0x0c0000, 0x0c0000, 0x0c0000, 0x0c0000, 0x0c0000, 0x0c0000, 0x0c0000, 0x0c0000,
	0x0c0000, 0x0c0000, 0x0c0000, 0x0c0000, 0x0c0000, 0x0c0000, 0x0c0000, 0x0c0000,
	0x0c0000, 0x0c0000, 0x0c0000, 0x0c0000, 0x0c0000, 0x0c0000, 0x0c0000, 0x0c0000,
	0x0c0000, 0x0c0000, 0x0c0000, 0x0c0000, 0x0c0000, 0x0c0000, 0x0c0000, 0x0c0000,
	0x0c0000, 0x0c0000, 0x0c0000, 0x0c0000, 0x0c0000, 0x0c0000, 0x0c0000, 0x0c0000,
	0x0c0000, 0x0c0000, 0x0c0000, 0x0c0000, 0x0c0000, 0x0c0000, 0x0c0000, 0x0c0000,
	0x0c0000, 0x0c0000, 0x0c0000, 0x0c0000, 0x0c0000, 0x0c0000, 0x0c0000, 0x0c0000,
	0x1fffff, 0x1fffff, 0x0fffff, 0x1fffff, 0x1fffff, 0x1fffff, 0x1fffff, 0x1fffff,
	0x1fffff, 0x1fffff, 0x1fffff, 0x1fffff, 0x1fffff, 0x1fffff, 0x1fffff, 0x1fffff,
	0x1fffff, 0x1fffff, 0x1fffff, 0x1fffff, 0x1fffff, 0x1fffff, 0x1fffff, 0x1fffff,
	0x1fffff, 0x1fffff, 0x1fffff, 0x1fffff, 0x1fffff, 0x1fffff, 0x1fffff, 0x1fffff,
	0x1fffff, 0x1fffff, 0x1fffff, 0x1fffff, 0x1fffff, 0x1fffff, 0x1fffff, 0x1fffff,
	0x1fffff, 0x1fffff, 0x1fffff, 0x1fffff, 0x1fffff, 0x1fffff, 0x1fffff, 0x1fffff,
	0x1fffff, 0x1fffff, 0x1fffff, 0x1fffff, 0x1fffff, 0x1fffff, 0x1fffff, 0x1fffff,
	0x1fffff, 0x1fffff, 0x1fffff, 0x1fffff, 0x1fffff, 0x1fffff, 0x1fffff, 0x1fffff,
	0x1fffff, 0x1fffff, 0x1fffff, 0x1fffff, 0x1fffff, 0x1fffff, 0x1fffff, 0x1fffff,
	0x1fffff, 0x1fffff, 0x1fffff, 0x1fffff, 0x1fffff, 0x1fffff, 0x1fffff, 0x1fffff,
	0x1fffff, 0x1fffff, 0x1fffff, 0x1fffff, 0x1fffff, 0x1fffff, 0x1fffff, 0x1fffff,
	0x1fffff, 0x1fffff, 0x1fffff, 0x1fffff, 0x1fffff, 0x1fffff, 0x1fffff, 0x1fffff,
	0x1fffff, 0x1fffff, 0x1fffff, 0x1fffff, 0x1fffff, 0x1fffff, 0x1fffff, 0x1fffff,
	0x1fffff, 0x1fffff, 0x1fffff, 0x1fffff, 0x1fffff, 0x1fffff, 0x1fffff, 0x1fffff,
	0x1fffff, 0x1fffff, 0x1fffff, 0x1fffff, 0x1fffff, 0x1fffff, 0x1fffff, 0x1fffff,
	0x1fffff, 0x1fffff, 0x1fffff, 0x1fffff, 0x1fffff, 0x1fffff, 0x1fffff, 0x1fffff,
	0x1fffff, 0x1fffff, 0x1fffff, 0x1fffff, 0x1fffff, 0x1fffff, 0x1fffff, 0x1fffff,
	0x1fffff, 0x1fffff, 0x1fffff, 0x1fffff, 0x1fffff, 0x1fffff, 0x1fffff, 0x1fffff,
	0x1fffff, 0x1fffff, 0x1fffff, 0x1fffff, 0x1fffff, 0x1fffff, 0x1fffff, 0x1fffff,
	0x1fffff, 0x1fffff, 0x1fffff, 0x1fffff, 0x1fffff, 0x1fffff, 0x1fffff, 0x1fffff,
	0x1fffff, 0x1fffff, 0x1fffff, 0x1fffff, 0x1fffff, 0x1fffff, 0x1fffff, 0x1fffff,
	0x1fffff, 0x1fffff, 0x1fffff, 0x1fffff, 0x1fffff, 0x1fffff, 0x1fffff, 0x1fffff,
	0x1fffff, 0x1fffff, 0x1fffff, 0x1fffff, 0x1fffff, 0x1fffff, 0x1fffff, 0x1fffff,
	0x1fffff, 0x1fffff, 0x1fffff, 0x1fffff, 0x1fffff, 0x1fffff, 0x1fffff, 0x1fffff,
	0x1fffff, 0x1fffff, 0x1fffff, 0x1fffff, 0x1fffff, 0x1fffff, 0x1fffff, 0x1fffff,
	0x1fffff, 0x1fffff, 0x1fffff, 0x1fffff, 0x1fffff, 0x1fffff, 0x1fffff, 0x1fffff,
	0x1fffff, 0x1fffff, 0x1fffff, 0x1fffff, 0x1fffff, 0x1fffff, 0x1fffff, 0x1fffff,
	0x1fffff, 0x1fffff, 0x1fffff, 0x1fffff, 0x1fffff, 0x1fffff, 0x1fffff, 0x1fffff,
	0x1fffff, 0x1fffff, 0x1fffff, 0x1fffff, 0x1fffff, 0x1fffff, 0x1fffff, 0x1fffff,
	0x1fffff, 0x1fffff, 0x1fffff, 0x1fffff, 0x1fffff, 0x1fffff, 0x1fffff, 0x1fffff,
	0x1fffff, 0x1fffff, 0x1fffff, 0x1fffff, 0x1fffff, 0x1fffff, 0x1fffff, 0x1fffff,
	0x1fffff, 0x1fffff, 0x1fffff, 0x1fffff, 0x1fffff, 0x1fffff, 0x1fffff, 0x1fffff,
	0x1fffff, 0x1fffff, 0x1fffff, 0x1fffff, 0x1fffff, 0x1fffff, 0x1fffff, 0x1fffff,
	0x1fffff, 0x1fffff, 0x1fffff, 0x1fffff, 0x1fffff, 0x1fffff, 0x1fffff, 0x1fffff,
	0x1fffff, 0x1fffff, 0x1fffff, 0x1fffff, 0x1fffff, 0x1fffff, 0x1fffff, 0x1fffff,
	0x1fffff, 0x1fffff, 0x1fffff, 0x1fffff, 0x1fffff, 0x1fffff, 0x1fffff, 0x1fffff,
	0x1fffff, 0x1fffff, 0x1fffff, 0x1fffff, 0x1fffff, 0x1fffff, 0x1fffff, 0x1fffff,
	0x1fffff, 0x1fffff, 0x1fffff, 0x1fffff, 0x1fffff, 0x1fffff, 0x1fffff, 0x1fffff,
	0x1fffff, 0x1fffff, 0x1fffff, 0x1fffff, 0x1fffff, 0x1fffff, 0x1fffff, 0x1fffff,
	0x1fffff, 0x1fffff, 0x1fffff, 0x1fffff, 0x1fffff, 0x1fffff, 0x1fffff, 0x1fffff,
	0x1fffff, 0x1fffff, 0x1fffff, 0x1fffff, 0x1fffff, 0x1fffff, 0x1fffff, 0x1fffff,
	0x1fffff, 0x1fffff, 0x1fffff, 0x1fffff, 0x1fffff, 0x1fffff, 0x1fffff, 0x1fffff,
	0x1fffff, 0x1fffff, 0x1fffff, 0x1fffff, 0x1fffff, 0x1fffff, 0x1fffff, 0x1fffff,
	0x1fffff, 0x1fffff, 0x1fffff, 0x1fffff, 0x1fffff, 0x1fffff, 0x1fffff, 0x1fffff,
	0x1fffff, 0x1fffff, 0x1fffff, 0x1fffff, 0x1fffff, 0x1fffff, 0x1fffff, 0x1fffff,
	0x1fffff, 0x1fffff, 0x1fffff, 0x1fffff, 0x1fffff, 0x1fffff, 0x1fffff, 0x1fffff,
	0x1fffff, 0x1fffff, 0x1fffff, 0x1fffff, 0x1fffff, 0x1fffff, 0x1fffff, 0x1fffff,
	0x1fffff, 0x1fffff, 0x1fffff, 0x1fffff, 0x1fffff, 0x1fffff, 0x1fffff, 0x1fffff,
	0x1fffff, 0x1fffff, 0x1fffff, 0x1fffff, 0x1fffff, 0x1fffff, 0x1fffff, 0x1fffff,
	0x1fffff, 0x1fffff, 0x1fffff, 0x1fffff, 0x1fffff, 0x1fffff, 0x1fffff, 0x1fffff,
	0x1fffff, 0x1fffff, 0x1fffff, 0x1fffff, 0x1fffff, 0x1fffff, 0x1fffff, 0x1fffff,
	0x1fffff, 0x1fffff, 0x1fffff, 0x1fffff, 0x1fffff, 0x1fffff, 0x1fffff, 0x1fffff,
	0x1fffff, 0x1fffff, 0x1fffff, 0x1fffff, 0x1fffff, 0x1fffff, 0x1fffff, 0x1fffff,
	0x1fffff, 0x1fffff, 0x1fffff, 0x1fffff, 0x1fffff, 0x1fffff, 0x1fffff, 0x1fffff,
	0x1fffff, 0x1fffff, 0x1fffff, 0x1fffff, 0x1fffff, 0x1fffff, 0x1fffff, 0x1fffff,
	0x1fffff, 0x1fffff, 0x1fffff, 0x1fffff, 0x1fffff, 0x1fffff, 0x1fffff, 0x1fffff,
	0x1fffff, 0x1fffff, 0x1fffff, 0x1fffff, 0x1fffff, 0x1fffff, 0x1fffff, 0x1fffff,
	0x1fffff, 0x1fffff, 0x1fffff, 0x1fffff, 0x1fffff, 0x1fffff, 0x1fffff, 0x1fffff,
	0x1fffff, 0x1fffff, 0x1fffff, 0x1fffff, 0x1fffff, 0x1fffff, 0x1fffff, 0x1fffff,
	0x1fffff, 0x1fffff, 0x1fffff, 0x1fffff, 0x1fffff, 0x1fffff, 0x1fffff, 0x1fffff,
	0x1fffff, 0x1fffff, 0x1fffff, 0x1fffff, 0x1fffff, 0x1fffff, 0x1fffff, 0x1fffff,
	0x1fffff, 0x1fffff, 0x1fffff, 0x1fffff, 0x1fffff, 0x1fffff, 0x1fffff, 0x1fffff,
	0x1fffff, 0x1fffff, 0x1fffff, 0x1fffff, 0x1fffff, 0x1fffff, 0x1fffff, 0x1fffff,
	0x1fffff, 0x1fffff, 0x1fffff, 0x1fffff, 0x1fffff, 0x1fffff, 0x1fffff, 0x1fffff,
	0x1fffff, 0x1fffff, 0x1fffff, 0x1fffff, 0x1fffff, 0x1fffff, 0x1fffff, 0x1fffff,
	0x1fffff, 0x1fffff, 0x1fffff, 0x1fffff, 0x1fffff, 0x1fffff, 0x1fffff, 0x1fffff,
	0x1fffff, 0x1fffff, 0x1fffff, 0x1fffff, 0x1fffff, 0x1fffff, 0x1fffff, 0x1fffff,
	0x1fffff, 0x1fffff, 0x1fffff, 0x1fffff, 0x1fffff, 0x1fffff, 0x1fffff, 0x1fffff,
	0x1fffff, 0x1fffff, 0x1fffff, 0x1fffff, 0x1fffff, 0x1fffff, 0x1fffff, 0x1fffff,
	0x1fffff, 0x1fffff, 0x1fffff, 0x1fffff, 0x1fffff, 0x1fffff, 0x1fffff, 0x1fffff,
	0x1fffff, 0x1fffff, 0x1fffff, 0x1fffff, 0x1fffff, 0x1fffff, 0x1fffff, 0x1fffff,
	0x1fffff, 0x1fffff, 0x1fffff, 0x1fffff, 0x1fffff, 0x1fffff, 0x1fffff, 0x1fffff,
	0x1fffff, 0x1fffff, 0x1fffff, 0x1fffff, 0x1fffff, 0x1fffff, 0x1fffff, 0x1fffff,
	0x1fffff, 0x1fffff, 0x1fffff, 0x1fffff, 0x1fffff, 0x1fffff, 0x1fffff, 0x1fffff,
	0x1fffff, 0x1fffff, 0x1fffff, 0x1fffff, 0x1fffff, 0x1fffff, 0x1fffff, 0x1fffff,
	0x1fffff, 0x1fffff, 0x1fffff, 0x1fffff, 0x1fffff, 0x1fffff, 0x1fffff, 0x1fffff,
	0x1fffff, 0x1fffff, 0x1fffff, 0x1fffff, 0x1fffff, 0x1fffff, 0x1fffff, 0x1fffff,
	0x1fffff, 0x1fffff, 0x1fffff, 0x1fffff, 0x1fffff, 0x1fffff, 0x1fffff, 0x1fffff,
	0x1fffff, 0x1fffff, 0x1fffff, 0x1fffff, 0x1fffff, 0x1fffff, 0x1fffff, 0x1fffff,
	0x1fffff, 0x1fffff, 0x1fffff, 0x1fffff, 0x1fffff, 0x1fffff, 0x1fffff, 0x1fffff,
	0x1fffff, 0x1fffff, 0x1fffff, 0x1fffff, 0x1fffff, 0x1fffff, 0x1fffff, 0x1fffff,
	0x1fffff, 0x1fffff, 0x1fffff, 0x1fffff, 0x1fffff, 0x1fffff, 0x1fffff, 0x1fffff,
	0x1fffff, 0x1fffff, 0x1fffff, 0x1fffff, 0x1fffff, 0x1fffff, 0x1fffff, 0x1fffff,
	0x1fffff, 0x1fffff, 0x1fffff, 0x1fffff, 0x1fffff, 0x1fffff, 0x1fffff, 0x1fffff,
	0x1fffff, 0x1fffff, 0x1fffff, 0x1fffff, 0x1fffff, 0x1fffff, 0x1fffff, 0x1fffff,
	0x1fffff, 0x1fffff, 0x1fffff, 0x1fffff, 0x1fffff, 0x1fffff, 0x1fffff, 0x1fffff,
	0x1fffff, 0x1fffff, 0x1fffff, 0x1fffff, 0x1fffff, 0x1fffff, 0x1fffff, 0x1fffff,
	0x1fffff, 0x1fffff, 0x1fffff, 0x1fffff, 0x1fffff, 0x1fffff, 0x1fffff, 0x1fffff,
	0x1fffff, 0x1fffff, 0x1fffff, 0x1fffff, 0x1fffff, 0x1fffff, 0x1fffff, 0x1fffff,
	0x1fffff, 0x1fffff, 0x1fffff, 0x1fffff, 0x1fffff, 0x1fffff, 0x1fffff, 0x1fffff,
	0x1fffff, 0x1fffff, 0x1fffff, 0x1fffff, 0x1fffff, 0x1fffff, 0x1fffff, 0x1fffff,
	0x1fffff, 0x1fffff, 0x1fffff, 0x1fffff, 0x1fffff, 0x1fffff, 0x1fffff, 0x1fffff,
	0x1fffff, 0x1fffff, 0x1fffff, 0x1fffff, 0x1fffff, 0x1fffff, 0x1fffff, 0x1fffff,
	0x1fffff, 0x1fffff, 0x1fffff, 0x1fffff, 0x1fffff, 0x1fffff, 0x1fffff, 0x1fffff,
	0x1fffff, 0x1fffff, 0x1fffff, 0x1fffff, 0x1fffff, 0x1fffff, 0x1fffff, 0x1fffff,
	0x1fffff, 0x1fffff, 0x1fffff, 0x1fffff, 0x1fffff, 0x1fffff, 0x1fffff, 0x1fffff,
	0x1fffff, 0x1fffff, 0x1fffff, 0x1fffff, 0x1fffff, 0x1fffff, 0x1fffff, 0x1fffff,
	0x1fffff, 0x1fffff, 0x1fffff, 0x1fffff, 0x1fffff, 0x1fffff, 0x1fffff, 0x1fffff,
	0x1fffff, 0x1fffff, 0x1fffff, 0x1fffff, 0x1fffff, 0x1fffff, 0x1fffff, 0x1fffff,
	0x1fffff, 0x1fffff, 0x1fffff, 0x1fffff, 0x1fffff, 0x1fffff, 0x1fffff, 0x1fffff,
	0x1fffff, 0x1fffff, 0x1fffff, 0x1fffff, 0x1fffff, 0x1fffff, 0x1fffff, 0x1fffff,
	0x1fffff, 0x1fffff, 0x1fffff, 0x1fffff, 0x1fffff, 0x1fffff, 0x1fffff, 0x1fffff,
	0x1fffff, 0x1fffff, 0x1fffff, 0x1fffff, 0x1fffff, 0x1fffff, 0x1fffff, 0x1fffff,
	0x1fffff, 0x1fffff, 0x1fffff, 0x1fffff, 0x1fffff, 0x1fffff, 0x1fffff, 0x1fffff,
	0x1fffff, 0x1fffff, 0x1fffff, 0x1fffff, 0x1fffff, 0x1fffff, 0x1fffff, 0x1fffff,
	0x1fffff, 0x1fffff, 0x1fffff, 0x1fffff, 0x1fffff, 0x1fffff, 0x1fffff, 0x1fffff,
	0x1fffff, 0x1fffff, 0x1fffff, 0x1fffff, 0x1fffff, 0x1fffff, 0x1fffff, 0x1fffff,
	0x1fffff, 0x1fffff, 0x1fffff, 0x1fffff, 0x1fffff, 0x1fffff, 0x1fffff, 0x1fffff,
	0x1fffff, 0x1fffff, 0x1fffff, 0x1fffff, 0x1fffff, 0x1fffff, 0x1fffff, 0x1fffff,
	0x1fffff, 0x1fffff, 0x1fffff, 0x1fffff, 0x1fffff, 0x1fffff, 0x1fffff, 0x1fffff,
	0x1fffff, 0x1fffff, 0x1fffff, 0x1fffff, 0x1fffff, 0x1fffff, 0x1fffff, 0x1fffff,
	0x1fffff, 0x1fffff, 0x1fffff, 0x1fffff, 0x1fffff, 0x1fffff, 0x1fffff, 0x1fffff,
	0x1fffff, 0x1fffff, 0x1fffff, 0x1fffff, 0x1fffff, 0x1fffff, 0x1fffff, 0x1fffff,
	0x1fffff, 0x1fffff, 0x1fffff, 0x1fffff, 0x1fffff, 0x1fffff, 0x1fffff, 0x1fffff,
	0x1fffff, 0x1fffff, 0x1fffff, 0x1fffff, 0x1fffff, 0x1fffff, 0x1fffff, 0x1fffff,
	0x1fffff, 0x1fffff, 0x1fffff, 0x1fffff, 0x1fffff, 0x1fffff, 0x1fffff, 0x1fffff,
	0x1fffff, 0x1fffff, 0x1fffff, 0x1fffff, 0x1fffff, 0x1fffff, 0x1fffff, 0x1fffff,
	0x1fffff, 0x1fffff, 0x1fffff, 0x1fffff, 0x1fffff, 0x1fffff, 0x1fffff, 0x1fffff,
	0x1fffff, 0x1fffff, 0x1fffff, 0x1fffff, 0x1fffff, 0x1fffff, 0x1fffff, 0x1fffff,
	0x1fffff, 0x1fffff, 0x1fffff, 0x1fffff, 0x1fffff, 0x1fffff, 0x1fffff, 0x1fffff,
	0x1fffff, 0x1fffff, 0x1fffff, 0x1fffff, 0x1fffff, 0x1fffff, 0x1fffff, 0x1fffff,
	0x1fffff, 0x1fffff, 0x1fffff, 0x1fffff, 0x1fffff, 0x1fffff, 0x1fffff, 0x1fffff,
	0x1fffff, 0x1fffff, 0x1fffff, 0x1fffff, 0x1fffff, 0x1fffff, 0x1fffff, 0x1fffff,
	0x1fffff, 0x1fffff, 0x1fffff, 0x1fffff, 0x1fffff, 0x1fffff, 0x1fffff, 0x1fffff,
	0x1fffff, 0x1fffff, 0x1fffff, 0x1fffff, 0x1fffff, 0x1fffff, 0x1fffff, 0x1fffff,
	0x1fffff, 0x1fffff, 0x1fffff, 0x1fffff, 0x1fffff, 0x1fffff, 0x1fffff, 0x1fffff,
	0x1fffff, 0x1fffff, 0x1fffff, 0x1fffff, 0x1fffff, 0x1fffff, 0x1fffff, 0x1fffff,
	0x1fffff, 0x1fffff, 0x1fffff, 0x1fffff, 0x1fffff, 0x1fffff, 0x1fffff, 0x1fffff,
	0x1fffff, 0x1fffff, 0x1fffff, 0x1fffff, 0x1fffff, 0x1fffff, 0x1fffff, 0x1fffff,
	0x1fffff, 0x1fffff, 0x1fffff, 0x1fffff, 0x1fffff, 0x1fffff, 0x1fffff, 0x1fffff,
	0x1fffff, 0x1fffff, 0x1fffff, 0x1fffff, 0x1fffff, 0x1fffff, 0x1fffff, 0x1fffff,
	0x1fffff, 0x1fffff, 0x1fffff, 0x1fffff, 0x1fffff, 0x1fffff, 0x1fffff, 0x1fffff,
	0x1fffff, 0x1fffff, 0x1fffff, 0x1fffff, 0x1fffff, 0x1fffff, 0x1fffff, 0x1fffff,
	0x1fffff, 0x1fffff, 0x1fffff, 0x1fffff, 0x1fffff, 0x1fffff, 0x1fffff, 0x1fffff,
	0x1fffff, 0x1fffff, 0x1fffff, 0x1fffff, 0x1fffff, 0x1fffff, 0x1fffff, 0x1fffff,
	0x1fffff, 0x1fffff, 0x1fffff, 0x1fffff, 0x1fffff, 0x1fffff, 0x1fffff, 0x1fffff,
	0x1fffff, 0x1fffff, 0x1fffff, 0x1fffff, 0x1fffff, 0x1fffff, 0x1fffff, 0x1fffff,
	0x1fffff, 0x1fffff, 0x1fffff, 0x1fffff, 0x1fffff, 0x1fffff, 0x1fffff, 0x1fffff,
	0x1fffff, 0x1fffff, 0x1fffff, 0x1fffff, 0x1fffff, 0x1fffff, 0x1fffff, 0x1fffff,
	0x1fffff, 0x1fffff, 0x1fffff, 0x1fffff, 0x1fffff, 0x1fffff, 0x1fffff, 0x1fffff,
	0x1fffff, 0x1fffff, 0x1fffff, 0x1fffff, 0x1fffff, 0x1fffff, 0x1fffff, 0x1fffff,
	0x1fffff, 0x1fffff, 0x1fffff, 0x1fffff, 0x1fffff, 0x1fffff, 0x1fffff, 0x1fffff,
	0x1fffff, 0x1fffff, 0x1fffff, 0x1fffff, 0x1fffff, 0x1fffff, 0x1fffff, 0x1fffff,
	0x1fffff, 0x1fffff, 0x1fffff, 0x1fffff, 0x1fffff, 0x1fffff, 0x1fffff, 0x1fffff,
	0x1fffff, 0x1fffff, 0x1fffff, 0x1fffff, 0x1fffff, 0x1fffff, 0x1fffff, 0x1fffff,
	0x1fffff, 0x1fffff, 0x1fffff, 0x1fffff, 0x1fffff, 0x1fffff, 0x1fffff, 0x1fffff,
	0x1fffff, 0x1fffff, 0x1fffff, 0x1fffff, 0x1fffff, 0x1fffff, 0x1fffff, 0x1fffff,
	0x1fffff, 0x1fffff, 0x1fffff, 0x1fffff, 0x1fffff, 0x1fffff, 0x1fffff, 0x1fffff,
	0x1fffff, 0x1fffff, 0x1fffff, 0x1fffff, 0x1fffff, 0x1fffff, 0x1fffff, 0x1fffff,
	0x1fffff, 0x1fffff, 0x1fffff, 0x1fffff, 0x1fffff, 0x1fffff, 0x1fffff, 0x1fffff,
	0x1fffff, 0x1fffff, 0x1fffff, 0x1fffff, 0x1fffff, 0x1fffff, 0x1fffff, 0x1fffff,
	0x1fffff, 0x1fffff, 0x1fffff, 0x1fffff, 0x1fffff, 0x1fffff, 0x1fffff, 0x1fffff,
	0x1fffff, 0x1fffff, 0x1fffff, 0x1fffff, 0x1fffff, 0x1fffff, 0x1fffff, 0x1fffff,
	0x1fffff, 0x1fffff, 0x1fffff, 0x1fffff, 0x1fffff, 0x1fffff, 0x1fffff, 0x1fffff,
	0x1fffff, 0x1fffff, 0x1fffff, 0x1fffff, 0x1fffff, 0x1fffff, 0x1fffff, 0x1fffff,
	0x1fffff, 0x1fffff, 0x1fffff, 0x1fffff, 0x1fffff, 0x1fffff, 0x1fffff, 0x1fffff,
	0x1fffff, 0x1fffff, 0x1fffff, 0x1fffff, 0x1fffff, 0x1fffff, 0x1fffff, 0x1fffff,
	0x1fffff, 0x1fffff, 0x1fffff, 0x1fffff, 0x1fffff, 0x1fffff, 0x1fffff, 0x1fffff,
	0x1fffff, 0x1fffff, 0x1fffff, 0x1fffff, 0x1fffff, 0x1fffff, 0x1fffff, 0x1fffff,
	0x1fffff, 0x1fffff, 0x1fffff, 0x1fffff, 0x1fffff, 0x1fffff, 0x1fffff, 0x1fffff,
	0x1fffff, 0x1fffff, 0x1fffff, 0x1fffff, 0x1fffff, 0x1fffff, 0x1fffff, 0x1fffff,
	0x1fffff, 0x1fffff, 0x1fffff, 0x1fffff, 0x1fffff, 0x1fffff, 0x1fffff, 0x1fffff,
	0x1fffff, 0x1fffff, 0x1fffff, 0x1fffff, 0x1fffff, 0x1fffff, 0x1fffff, 0x1fffff,
	0x1fffff, 0x1fffff, 0x1fffff, 0x1fffff, 0x1fffff, 0x1fffff, 0x1fffff, 0x1fffff,
	0x1fffff, 0x1fffff, 0x1fffff, 0x1fffff, 0x1fffff, 0x1fffff, 0x1fffff, 0x1fffff,
	0x1fffff, 0x1fffff, 0x1fffff, 0x1fffff, 0x1fffff, 0x1fffff, 0x1fffff, 0x1fffff,
	0x1fffff, 0x1fffff, 0x1fffff, 0x1fffff, 0x1fffff, 0x1fffff, 0x1fffff, 0x1fffff,
	0x1fffff, 0x1fffff, 0x1fffff, 0x1fffff, 0x1fffff, 0x1fffff, 0x1fffff, 0x1fffff,
	0x1fffff, 0x1fffff, 0x1fffff, 0x1fffff, 0x1fffff, 0x1fffff, 0x1fffff, 0x1fffff,
	0x1fffff, 0x1fffff, 0x1fffff, 0x1fffff, 0x1fffff, 0x1fffff, 0x1fffff, 0x1fffff,
	0x1fffff, 0x1fffff, 0x1fffff, 0x1fffff, 0x1fffff, 0x1fffff, 0x1fffff, 0x1fffff,
	0x1fffff, 0x1fffff, 0x1fffff, 0x040000, 0x040000, 0x040000, 0x040000, 0x040000,
	0x040000, 0x040000, 0x040000, 0x040000, 0x040000, 0x040000, 0x040000, 0x040000,
	0x040000, 0x040000, 0x040000, 0x040000, 0x040000, 0x040000, 0x040000, 0x040000,
	0x040000, 0x040000, 0x040000, 0x040000, 0x040000, 0x040000, 0x040000, 0x040000,
	0x040000, 0x040000, 0x040000, 0x040000, 0x040000, 0x040000, 0x040000, 0x040000,
	0x040000, 0x040000, 0x040000, 0x040000, 0x040000, 0x040000, 0x040000, 0x040000,
	0x040000, 0x040000, 0x040000, 0x040000, 0x040000, 0x040000, 0x040000, 0x040000,
	0x040000, 0x040000, 0x040000, 0x040000, 0x040000, 0x040000, 0x040000, 0x040000,
	0x040000, 0x040000, 0x040000, 0x040000, 0x040000, 0x040000, 0x040000, 0x040000,
	0x040000, 0x040000, 0x040000, 0x040000, 0x040000, 0x040000, 0x040000, 0x040000,
	0x040000, 0x040000, 0x040000, 0x040000, 0x040000, 0x040000, 0x040000, 0x040000,
	0x040000, 0x040000, 0x040000, 0x040000, 0x040000, 0x040000, 0x040000, 0x040000,
	0x040000, 0x040000, 0x040000, 0x040000, 0x040000, 0x040000, 0x040000, 0x040000,
	0x040000, 0x040000, 0x040000, 0x040000, 0x040000, 0x040000, 0x040000, 0x040000,
	0x040000, 0x040000, 0x040000, 0x040000, 0x040000, 0x040000, 0x040000, 0x040000,
	0x040000, 0x040000, 0x040000, 0x040000, 0x040000, 0x040000, 0x040000, 0x040000,
	0x040000, 0x040000, 0x040000, 0x040000, 0x040000, 0x040000, 0x040000, 0x040000,
	0x040000, 0x040000, 0x040000, 0x040000, 0x040000, 0x040000, 0x040000, 0x040000,
	0x040000, 0x040000, 0x040000, 0x040000, 0x040000, 0x040000, 0x040000, 0x040000,
	0x040000, 0x040000, 0x040000, 0x040000, 0x040000, 0x040000, 0x040000, 0x040000,
	0x040000, 0x040000, 0x040000, 0x040000, 0x040000, 0x040000, 0x040000, 0x040000,
	0x040000, 0x040000, 0x040000, 0x040000, 0x040000, 0x040000, 0x040000, 0x040000,
	0x040000, 0x040000, 0x040000, 0x040000, 0x040000, 0x040000, 0x040000, 0x040000,
	0x040000, 0x040000, 0x040000, 0x040000, 0x040000, 0x040000, 0x040000, 0x040000,
	0x040000, 0x040000, 0x040000, 0x040000, 0x040000, 0x040000, 0x040000, 0x040000,
	0x040000, 0x040000, 0x040000, 0x040000, 0x040000, 0x040000, 0x040000, 0x040000,
	0x040000, 0x040000, 0x040000, 0x040000, 0x040000, 0x040000, 0x040000, 0x040000,
	0x040000, 0x040000, 0x040000, 0x040000, 0x040000, 0x040000, 0x040000, 0x040000,
	0x040000, 0x040000, 0x040000, 0x040000, 0x040000, 0x040000, 0x040000, 0x040000,
	0x040000, 0x040000, 0x040000, 0x040000, 0x040000, 0x040000, 0x040000, 0x040000,
	0x040000, 0x040000, 0x040000, 0x040000, 0x040000, 0x040000, 0x040000, 0x040000,
	0x040000, 0x040000, 0x040000, 0x040000, 0x040000, 0x040000, 0x040000, 0x040000,
	0x040000, 0x040000, 0x040000, 0x000000, 0x000000, 0x000000, 0x000000, 0x000000,
	0x000000, 0x000000, 0x000000, 0x000000, 0x000000, 0x000000, 0x000000, 0x000000,
	0x000000, 0x000000, 0x000000, 0x000000, 0x000000, 0x000000, 0x000000, 0x000000,
	0x000000, 0x000000, 0x000000, 0x000000, 0x000000, 0x000000, 0x000000, 0x000000,
	0x000000, 0x000000, 0x000000, 0x000000, 0x000000, 0x000000, 0x000000, 0x000000,
	0x000000, 0x000000, 0x000000, 0x000000, 0x000000, 0x000000, 0x000000, 0x000000,
	0x000000, 0x000000, 0x000000, 0x052e12, 0x047492, 0x0521d2, 0x078492, 0x052487,
	0x040038, 0x1fffff, 0x1fffff, 0x1fffff, 0x1fffff, 0x1fffff, 0x1fffff, 0x040000,
	0x000000, 0x000000, 0x000000, 0x000000, 0x000000, 0x000000, 0x000000, 0x000000,
	0x000000, 0x052e12, 0x047492, 0x0521d2, 0x078492, 0x052487, 0x040038, 0x1fffff,
	0x1fffff, 0x1fffff, 0x1fffff, 0x1fffff, 0x1fffff, 0x0401c0, 0x0401c0, 0x0401c0,
	0x0401c0, 0x078000, 0x078000, 0x078000, 0x078000, 0x040e00, 0x040e00, 0x040e00,
	0x040e00, 0x047000, 0x047000, 0x047000, 0x047000, 0x04003a, 0x04003a, 0x04003a,
	0x04003a, 0x040017, 0x040017, 0x040017, 0x040017, 0x1fffff, 0x1fffff, 0x1fffff,
	0x1fffff, 0x1fffff, 0x1fffff, 0x1fffff, 0x1fffff, 0x1fffff, 0x1fffff, 0x1fffff,
	0x1fffff, 0x1fffff, 0x1fffff, 0x1fffff, 0x1fffff, 0x040000, 0x040000, 0x040000,
	0x040000, 0x040000, 0x040000, 0x040000, 0x040000, 0x040000, 0x040000, 0x040000,
	0x040000, 0x000000, 0x000000, 0x000000, 0x000000, 0x000000, 0x000000, 0x000000,
	0x000000, 0x000000, 0x000000, 0x000000, 0x000000, 0x000000, 0x000000, 0x000000,
	0x000000, 0x000000, 0x1fffff, 0x1fffff, 0x1fffff, 0x1fffff, 0x1fffff, 0x1fffff,
	0x1fffff, 0x1fffff, 0x1fffff, 0x1fffff, 0x1fffff, 0x1fffff, 0x1fffff, 0x1fffff,
	0x1fffff, 0x1fffff, 0x1fffff, 0x1fffff, 0x1fffff, 0x1fffff, 0x1fffff, 0x1fffff,
	0x1fffff, 0x1fffff, 0x1fffff, 0x1fffff, 0x1fffff, 0x1fffff, 0x1fffff, 0x1fffff,
	0x1fffff, 0x1fffff, 0x1fffff, 0x1fffff, 0x1fffff, 0x1fffff, 0x1fffff, 0x1fffff,
	0x1fffff, 0x1fffff, 0x1fffff, 0x1fffff, 0x1fffff, 0x1fffff, 0x1fffff, 0x1fffff,
	0x1fffff, 0x1fffff, 0x1fffff, 0x1fffff, 0x1fffff, 0x1fffff, 0x1fffff, 0x1fffff,
	0x1fffff, 0x1fffff, 0x1fffff, 0x1fffff, 0x1fffff, 0x1fffff, 0x1fffff, 0x1fffff,
	0x1fffff, 0x1fffff, 0x1fffff, 0x1fffff, 0x1fffff, 0x1fffff, 0x1fffff, 0x1fffff,
	0x1fffff, 0x1fffff, 0x1fffff, 0x1fffff, 0x1fffff, 0x1fffff, 0x1fffff, 0x1fffff,
	0x1fffff, 0x1fffff, 0x1fffff, 0x1fffff, 0x1fffff, 0x1fffff, 0x1fffff, 0x1fffff,
	0x1fffff, 0x1fffff, 0x1fffff, 0x1fffff, 0x1fffff, 0x1fffff, 0x1fffff, 0x1fffff,
	0x1fffff, 0x1fffff, 0x1fffff, 0x1fffff, 0x1fffff, 0x1fffff, 0x1fffff, 0x1fffff,
	0x1fffff, 0x1fffff, 0x1fffff, 0x1fffff, 0x1fffff, 0x1fffff, 0x1fffff, 0x1fffff,
	0x1fffff, 0x1fffff, 0x1fffff, 0x1fffff, 0x1fffff, 0x1fffff, 0x1fffff, 0x1fffff,
	0x1fffff, 0x1fffff, 0x1fffff, 0x1fffff, 0x1fffff, 0x1fffff, 0x1fffff, 0x1fffff,
	0x1fffff, 0x1fffff, 0x1fffff, 0x1fffff, 0x1fffff, 0x1fffff, 0x1fffff, 0x1fffff,
	0x1fffff, 0x1fffff, 0x1fffff, 0x1fffff, 0x1fffff, 0x1fffff, 0x1fffff, 0x1fffff,
	0x1fffff, 0x1fffff, 0x1fffff, 0x1fffff, 0x1fffff, 0x1fffff, 0x1fffff, 0x1fffff,
	0x1fffff, 0x1fffff, 0x1fffff, 0x1fffff, 0x1fffff, 0x1fffff, 0x1fffff, 0x1fffff,
	0x1fffff, 0x1fffff, 0x1fffff, 0x1fffff, 0x1fffff, 0x1fffff, 0x1fffff, 0x1fffff,
	0x1fffff, 0x1fffff, 0x1fffff, 0x1fffff, 0x1fffff, 0x1fffff, 0x1fffff, 0x1fffff,
	0x1fffff, 0x1fffff, 0x1fffff, 0x1fffff, 0x1fffff, 0x1fffff, 0x1fffff, 0x1fffff,
	0x1fffff, 0x1fffff, 0x1fffff, 0x1fffff, 0x1fffff, 0x1fffff, 0x1fffff, 0x1fffff,
	0x1fffff, 0x1fffff, 0x1fffff, 0x1fffff, 0x1fffff, 0x1fffff, 0x1fffff, 0x1fffff,
	0x1fffff, 0x1fffff, 0x1fffff, 0x1fffff, 0x1fffff, 0x1fffff, 0x1fffff, 0x1fffff,
	0x1fffff, 0x1fffff, 0x1fffff, 0x1fffff, 0x1fffff, 0x1fffff, 0x1fffff, 0x1fffff,
	0x1fffff, 0x1fffff, 0x1fffff, 0x1fffff, 0x1fffff, 0x1fffff, 0x1fffff, 0x1fffff,
	0x1fffff, 0x1fffff, 0x1fffff, 0x1fffff, 0x1fffff, 0x1fffff, 0x1fffff, 0x1fffff,
	0x1fffff, 0x1fffff, 0x1fffff, 0x1fffff, 0x1fffff, 0x1fffff, 0x1fffff, 0x1fffff,
	0x1fffff, 0x1fffff, 0x1fffff, 0x1fffff, 0x1fffff, 0x1fffff, 0x1fffff, 0x1fffff,
	0x1fffff, 0x1fffff, 0x1fffff, 0x1fffff, 0x1fffff, 0x1fffff, 0x1fffff, 0x1fffff,
	0x1fffff, 0x1fffff, 0x1fffff, 0x1fffff, 0x1fffff, 0x1fffff, 0x1fffff, 0x1fffff,
	0x040e00, 0x040e00, 0x040e00, 0x040e00, 0x040e00, 0x040e00, 0x040e00, 0x040e00,
	0x040e00, 0x040e00, 0x040e00, 0x040e00, 0x040e00, 0x040e00, 0x040e00, 0x040e00,
	0x0401c0, 0x0401c0, 0x0401c0, 0x0401c0, 0x0401c0, 0x0401c0, 0x0401c0, 0x0401c0,
	0x0401c0, 0x0401c0, 0x0401c0, 0x0401c0, 0x0401c0, 0x0401c0, 0x0401c0, 0x0401c0,
	0x078000, 0x078000, 0x078000, 0x078000, 0x078000, 0x078000, 0x078000, 0x078000,
	0x078000, 0x078000, 0x078000, 0x078000, 0x078000, 0x078000, 0x078000, 0x078000,
	0x047000, 0x047000, 0x047000, 0x047000, 0x047000, 0x047000, 0x047000, 0x047000,
	0x047000, 0x047000, 0x047000, 0x047000, 0x047000, 0x047000, 0x047000, 0x047000,
	0x040e00, 0x040e00, 0x040e00, 0x040e00, 0x040e00, 0x040e00, 0x040e00, 0x040e00,
	0x040e00, 0x040e00, 0x040e00, 0x040e00, 0x040e00, 0x040e00, 0x040e00, 0x040e00,
	0x0401c0, 0x0401c0, 0x0401c0, 0x0401c0, 0x0401c0, 0x0401c0, 0x0401c0, 0x0401c0,
	0x0401c0, 0x0401c0, 0x0401c0, 0x0401c0, 0x0401c0, 0x0401c0, 0x0401c0, 0x0401c0,
	0x078000, 0x078000, 0x078000, 0x078000, 0x078000, 0x078000, 0x078000, 0x078000,
	0x078000, 0x078000, 0x078000, 0x078000, 0x078000, 0x078000, 0x078000, 0x078000,
	0x047000, 0x047000, 0x047000, 0x047000, 0x047000, 0x047000, 0x047000, 0x047000,
	0x047000, 0x047000, 0x047000, 0x047000, 0x047000, 0x047000, 0x047000, 0x047000,
	0x040e00, 0x040e00, 0x040e00, 0x040e00, 0x040e00, 0x040e00, 0x040e00, 0x040e00,
	0x040e00, 0x040e00, 0x040e00, 0x040e00, 0x040e00, 0x040e00, 0x040e00, 0x040e00,
	0x0401c0, 0x0401c0, 0x0401c0, 0x0401c0, 0x0401c0, 0x0401c0, 0x0401c0, 0x0401c0,
	0x0401c0, 0x0401c0, 0x0401c0, 0x0401c0, 0x0401c0, 0x0401c0, 0x0401c0, 0x0401c0,
	0x078000, 0x078000, 0x078000, 0x078000, 0x078000, 0x078000, 0x078000, 0x078000,
	0x078000, 0x078000, 0x078000, 0x078000, 0x078000, 0x078000, 0x078000, 0x078000,
	0x047000, 0x047000, 0x047000, 0x047000, 0x047000, 0x047000, 0x047000, 0x047000,
	0x047000, 0x047000, 0x047000, 0x047000, 0x047000, 0x047000, 0x047000, 0x047000,
	0x040e00, 0x040e00, 0x040e00, 0x040e00, 0x040e00, 0x040e00, 0x040e00, 0x040e00,
	0x040e00, 0x040e00, 0x040e00, 0x040e00, 0x040e00, 0x040e00, 0x040e00, 0x040e00,
	0x0401c0, 0x0401c0, 0x0401c0, 0x0401c0, 0x0401c0, 0x0401c0, 0x0401c0, 0x0401c0,
	0x0401c0, 0x0401c0, 0x0401c0, 0x0401c0, 0x0401c0, 0x0401c0, 0x0401c0, 0x0401c0,
	0x078000, 0x078000, 0x078000, 0x078000, 0x078000, 0x078000, 0x078000, 0x078000,
	0x078000, 0x078000, 0x078000, 0x078000, 0x078000, 0x078000, 0x078000, 0x078000,
	0x047000, 0x047000, 0x047000, 0x047000, 0x047000, 0x047000, 0x047000, 0x047000,
	0x047000, 0x047000, 0x047000, 0x047000, 0x047000, 0x047000, 0x047000, 0x047000,
	0x040e00, 0x040e00, 0x040e00, 0x040e00, 0x040e00, 0x040e00, 0x040e00, 0x040e00,
	0x040e00, 0x040e00, 0x040e00, 0x040e00, 0x040e00, 0x040e00, 0x040e00, 0x040e00,
	0x0401c0, 0x0401c0, 0x0401c0, 0x0401c0, 0x0401c0, 0x0401c0, 0x0401c0, 0x0401c0,
	0x0401c0, 0x0401c0, 0x0401c0, 0x0401c0, 0x0401c0, 0x0401c0, 0x0401c0, 0x0401c0,
	0x078000, 0x078000, 0x078000, 0x078000, 0x078000, 0x078000, 0x078000, 0x078000,
	0x078000, 0x078000, 0x078000, 0x078000, 0x078000, 0x078000, 0x078000, 0x078000,
	0x047000, 0x047000, 0x047000, 0x047000, 0x047000, 0x047000, 0x047000, 0x047000,
	0x047000, 0x047000, 0x047000, 0x047000, 0x047000, 0x047000, 0x047000, 0x047000,
	0x040e00, 0x040e00, 0x040e00, 0x040e00, 0x040e00, 0x040e00, 0x040e00, 0x040e00,
	0x040e00, 0x040e00, 0x040e00, 0x040e00, 0x040e00, 0x040e00, 0x040e00, 0x040e00,
	0x0401c0, 0x0401c0, 0x0401c0, 0x0401c0, 0x0401c0, 0x0401c0, 0x0401c0, 0x0401c0,
	0x0401c0, 0x0401c0, 0x0401c0, 0x0401c0, 0x0401c0, 0x0401c0, 0x0401c0, 0x0401c0,
	0x078000, 0x078000, 0x078000, 0x078000, 0x078000, 0x078000, 0x078000, 0x078000,
	0x078000, 0x078000, 0x078000, 0x078000, 0x078000, 0x078000, 0x078000, 0x078000,
	0x047000, 0x047000, 0x047000, 0x047000, 0x047000, 0x047000, 0x047000, 0x047000,
	0x047000, 0x047000, 0x047000, 0x047000, 0x047000, 0x047000, 0x047000, 0x047000,
	0x040e00, 0x040e00, 0x040e00, 0x040e00, 0x040e00, 0x040e00, 0x040e00, 0x040e00,
	0x040e00, 0x040e00, 0x040e00, 0x040e00, 0x040e00, 0x040e00, 0x040e00, 0x040e00,
	0x0401c0, 0x0401c0, 0x0401c0, 0x0401c0, 0x0401c0, 0x0401c0, 0x0401c0, 0x0401c0,
	0x0401c0, 0x0401c0, 0x0401c0, 0x0401c0, 0x0401c0, 0x0401c0, 0x0401c0, 0x0401c0,
	0x078000, 0x078000, 0x078000, 0x078000, 0x078000, 0x078000, 0x078000, 0x078000,
	0x078000, 0x078000, 0x078000, 0x078000, 0x078000, 0x078000, 0x078000, 0x078000,
	0x047000, 0x047000, 0x047000, 0x047000, 0x047000, 0x047000, 0x047000, 0x047000,
	0x047000, 0x047000, 0x047000, 0x047000, 0x047000, 0x047000, 0x047000, 0x047000,
	0x040e00, 0x040e00, 0x040e00, 0x040e00, 0x040e00, 0x040e00, 0x040e00, 0x040e00,
	0x040e00, 0x040e00, 0x040e00, 0x040e00, 0x040e00, 0x040e00, 0x040e00, 0x040e00,
	0x0401c0, 0x0401c0, 0x0401c0, 0x0401c0, 0x0401c0, 0x0401c0, 0x0401c0, 0x0401c0,
	0x0401c0, 0x0401c0, 0x0401c0, 0x0401c0, 0x0401c0, 0x0401c0, 0x0401c0, 0x0401c0,
	0x078000, 0x078000, 0x078000, 0x078000, 0x078000, 0x078000, 0x078000, 0x078000,
	0x078000, 0x078000, 0x078000, 0x078000, 0x078000, 0x078000, 0x078000, 0x078000,
	0x047000, 0x047000, 0x047000, 0x047000, 0x047000, 0x047000, 0x047000, 0x047000,
	0x047000, 0x047000, 0x047000, 0x047000, 0x047000, 0x047000, 0x047000, 0x047000,
	0x040e00, 0x040e00, 0x040e00, 0x040e00, 0x040e00, 0x040e00, 0x040e00, 0x040e00,
	0x040e00, 0x040e00, 0x040e00, 0x040e00, 0x040e00, 0x040e00, 0x040e00, 0x040e00,
	0x0401c0, 0x0401c0, 0x0401c0, 0x0401c0, 0x0401c0, 0x0401c0, 0x0401c0, 0x0401c0,
	0x0401c0, 0x0401c0, 0x0401c0, 0x0401c0, 0x0401c0, 0x0401c0, 0x0401c0, 0x0401c0,
	0x078000, 0x078000, 0x078000, 0x078000, 0x078000, 0x078000, 0x078000, 0x078000,
	0x078000, 0x078000, 0x078000, 0x078000, 0x078000, 0x078000, 0x078000, 0x078000,
	0x047000, 0x047000, 0x047000, 0x047000, 0x047000, 0x047000, 0x047000, 0x047000,
	0x047000, 0x047000, 0x047000, 0x047000, 0x047000, 0x047000, 0x047000, 0x047000,
	0x040e00, 0x040e00, 0x040e00, 0x040e00, 0x040e00, 0x040e00, 0x040e00, 0x040e00,
	0x040e00, 0x040e00, 0x040e00, 0x040e00, 0x040e00, 0x040e00, 0x040e00, 0x040e00,
	0x0401c0, 0x0401c0, 0x0401c0, 0x0401c0, 0x0401c0, 0x0401c0, 0x0401c0, 0x0401c0,
	0x0401c0, 0x0401c0, 0x0401c0, 0x0401c0, 0x0401c0, 0x0401c0, 0x0401c0, 0x0401c0,
	0x078000, 0x078000, 0x078000, 0x078000, 0x078000, 0x078000, 0x078000, 0x078000,
	0x078000, 0x078000, 0x078000, 0x078000, 0x078000, 0x078000, 0x078000, 0x078000,
	0x047000, 0x047000, 0x047000, 0x047000, 0x047000, 0x047000, 0x047000, 0x047000,
	0x047000, 0x047000, 0x047000, 0x047000, 0x047000, 0x047000, 0x047000, 0x047000,
	0x040e00, 0x040e00, 0x040e00, 0x040e00, 0x040e00, 0x040e00, 0x040e00, 0x040e00,
	0x040e00, 0x040e00, 0x040e00, 0x040e00, 0x040e00, 0x040e00, 0x040e00, 0x040e00,
	0x0401c0, 0x0401c0, 0x0401c0, 0x0401c0, 0x0401c0, 0x0401c0, 0x0401c0, 0x0401c0,
	0x0401c0, 0x0401c0, 0x0401c0, 0x0401c0, 0x0401c0, 0x0401c0, 0x0401c0, 0x0401c0,
	0x078000, 0x078000, 0x078000, 0x078000, 0x078000, 0x078000, 0x078000, 0x078000,
	0x078000, 0x078000, 0x078000, 0x078000, 0x078000, 0x078000, 0x078000, 0x078000,
	0x047000, 0x047000, 0x047000, 0x047000, 0x047000, 0x047000, 0x047000, 0x047000,
	0x047000, 0x047000, 0x047000, 0x047000, 0x047000, 0x047000, 0x047000, 0x047000,
	0x040e00, 0x040e00, 0x040e00, 0x040e00, 0x040e00, 0x040e00, 0x040e00, 0x040e00,
	0x040e00, 0x040e00, 0x040e00, 0x040e00, 0x040e00, 0x040e00, 0x040e00, 0x040e00,
	0x0401c0, 0x0401c0, 0x0401c0, 0x0401c0, 0x0401c0, 0x0401c0, 0x0401c0, 0x0401c0,
	0x0401c0, 0x0401c0, 0x0401c0, 0x0401c0, 0x0401c0, 0x0401c0, 0x0401c0, 0x0401c0,
	0x078000, 0x078000, 0x078000, 0x078000, 0x078000, 0x078000, 0x078000, 0x078000,
	0x078000, 0x078000, 0x078000, 0x078000, 0x078000, 0x078000, 0x078000, 0x078000,
	0x047000, 0x047000, 0x047000, 0x047000, 0x047000, 0x047000, 0x047000, 0x047000,
	0x047000, 0x047000, 0x047000, 0x047000, 0x047000, 0x047000, 0x047000, 0x047000,
	0x1fffff, 0x1fffff, 0x000000, 0x000000, 0x000000, 0x000000, 0x000000, 0x000000,
	0x000000, 0x000000, 0x000000, 0x000000, 0x000000, 0x000000, 0x000000, 0x000000,
	0x000000, 0x000000, 0x000000, 0x000000, 0x000000, 0x000000, 0x000000, 0x000000,
	0x000000, 0x000000, 0x000000, 0x000000, 0x000000, 0x000000, 0x000000, 0x000000,
	0x000000, 0x000000, 0x000000, 0x000000, 0x000000, 0x000000, 0x000000, 0x000000,
	0x000000, 0x000000, 0x000000, 0x000000, 0x000000, 0x000000, 0x000000, 0x000000,
	0x000000, 0x000000, 0x000000, 0x000000, 0x000000, 0x000000, 0x000000, 0x000000,
	0x000000, 0x000000, 0x000000, 0x000000, 0x000000, 0x000000, 0x000000, 0x000000,
	0x000000, 0x000000, 0x000000, 0x000000, 0x000000, 0x000000, 0x000000, 0x000000,
	0x000000, 0x000000, 0x000000, 0x000000, 0x000000, 0x000000, 0x000000, 0x000000,
	0x000000, 0x000000, 0x000000, 0x000000, 0x000000, 0x000000, 0x000000, 0x000000,
	0x000000, 0x000000, 0x000000, 0x000000, 0x000000, 0x000000, 0x000000, 0x000000,
	0x000000, 0x000000, 0x000000, 0x000000, 0x000000, 0x000000, 0x000000, 0x000000,
	0x000000, 0x000000, 0x000000, 0x000000, 0x000000, 0x000000, 0x000000, 0x000000,
	0x000000, 0x000000, 0x000000, 0x000000, 0x000000, 0x000000, 0x000000, 0x000000,
	0x000000, 0x000000, 0x000000, 0x000000, 0x000000, 0x000000, 0x000000, 0x000000,
	0x000000, 0x000000, 0x000000, 0x000000, 0x000000, 0x000000, 0x000000, 0x000000,
	0x000000, 0x000000, 0x000000, 0x000000, 0x000000, 0x000000, 0x000000, 0x000000,
	0x000000, 0x000000, 0x000000, 0x000000, 0x000000, 0x000000, 0x000000, 0x000000,
	0x000000, 0x000000, 0x000000, 0x000000, 0x000000, 0x000000, 0x000000, 0x000000,
	0x000000, 0x000000, 0x000000, 0x000000, 0x000000, 0x000000, 0x000000, 0x000000,
	0x000000, 0x000000, 0x000000, 0x000000, 0x000000, 0x000000, 0x000000, 0x000000,
	0x000000, 0x000000, 0x000000, 0x000000, 0x000000, 0x000000, 0x000000, 0x000000,
	0x000000, 0x000000, 0x000000, 0x000000, 0x000000, 0x000000, 0x000000, 0x000000,
	0x000000, 0x000000, 0x000000, 0x000000, 0x000000, 0x000000, 0x000000, 0x000000,
	0x000000, 0x000000, 0x000000, 0x000000, 0x000000, 0x000000, 0x000000, 0x000000,
	0x000000, 0x000000, 0x000000, 0x000000, 0x000000, 0x000000, 0x000000, 0x000000,
	0x000000, 0x000000, 0x000000, 0x000000, 0x000000, 0x000000, 0x000000, 0x000000,
	0x000000, 0x000000, 0x000000, 0x000000, 0x000000, 0x000000, 0x000000, 0x000000,
	0x000000, 0x000000, 0x000000, 0x000000, 0x000000, 0x000000, 0x000000, 0x000000,
	0x000000, 0x000000, 0x000000, 0x000000, 0x000000, 0x000000, 0x000000, 0x000000,
	0x000000, 0x000000, 0x000000, 0x000000, 0x000000, 0x000000, 0x000000, 0x000000,
	0x000000, 0x000000, 0x000000, 0x000000, 0x000000, 0x000000, 0x000000, 0x000000,
	0x000000, 0x000000, 0x000000, 0x000000, 0x000000, 0x000000, 0x000000, 0x000000,
	0x000000, 0x000000, 0x000000, 0x000000, 0x000000, 0x000000, 0x000000, 0x000000,
	0x000000, 0x000000, 0x000000, 0x000000, 0x000000, 0x000000, 0x000000, 0x000000,
	0x000000, 0x000000, 0x000000, 0x000000, 0x000000, 0x000000, 0x000000, 0x000000,
	0x000000, 0x000000, 0x000000, 0x000000, 0x000000, 0x000000, 0x000000, 0x000000,
	0x000000, 0x000000, 0x000000, 0x000000, 0x000000, 0x000000, 0x000000, 0x000000,
	0x000000, 0x000000, 0x000000, 0x000000, 0x000000, 0x000000, 0x000000, 0x000000,
	0x000000, 0x000000, 0x000000, 0x000000, 0x000000, 0x000000, 0x000000, 0x000000,
	0x000000, 0x000000, 0x000000, 0x000000, 0x000000, 0x000000, 0x000000, 0x000000,
	0x000000, 0x000000, 0x000000, 0x000000, 0x000000, 0x000000, 0x000000, 0x000000,
	0x000000, 0x000000, 0x000000, 0x000000, 0x000000, 0x000000, 0x000000, 0x000000,
	0x000000, 0x000000, 0x000000, 0x000000, 0x000000, 0x000000, 0x000000, 0x000000,
	0x000000, 0x000000, 0x000000, 0x000000, 0x000000, 0x000000, 0x000000, 0x000000,
	0x000000, 0x000000, 0x000000, 0x000000, 0x000000, 0x000000, 0x000000, 0x000000,
	0x000000, 0x000000, 0x000000, 0x000000, 0x000000, 0x000000, 0x000000, 0x000000,
	0x000000, 0x000000, 0x000000, 0x000000, 0x000000, 0x000000, 0x000000, 0x000000,
	0x000000, 0x000000, 0x000000, 0x000000, 0x000000, 0x000000, 0x000000, 0x000000,
	0x000000, 0x000000, 0x000000, 0x000000, 0x000000, 0x000000, 0x000000, 0x000000,
	0x000000, 0x000000, 0x000000, 0x000000, 0x000000, 0x000000, 0x000000, 0x000000,
	0x000000, 0x000000, 0x000000, 0x000000, 0x000000, 0x000000, 0x000000, 0x000000,
	0x000000, 0x000000, 0x000000, 0x000000, 0x000000, 0x000000, 0x000000, 0x000000,
	0x000000, 0x000000, 0x000000, 0x000000, 0x000000, 0x000000, 0x000000, 0x000000,
	0x000000, 0x000000, 0x000000, 0x000000, 0x000000, 0x000000, 0x000000, 0x000000,
	0x000000, 0x000000, 0x000000, 0x000000, 0x000000, 0x000000, 0x000000, 0x000000,
	0x000000, 0x000000, 0x000000, 0x000000, 0x000000, 0x000000, 0x000000, 0x000000,
	0x000000, 0x000000, 0x000000, 0x000000, 0x000000, 0x000000, 0x000000, 0x000000,
	0x000000, 0x000000, 0x000000, 0x000000, 0x000000, 0x000000, 0x000000, 0x000000,
	0x000000, 0x000000, 0x000000, 0x000000, 0x000000, 0x000000, 0x000000, 0x000000,
	0x000000, 0x000000, 0x000000, 0x000000, 0x000000, 0x000000, 0x000000, 0x000000,
	0x000000, 0x000000, 0x000000, 0x000000, 0x000000, 0x000000, 0x000000, 0x000000,
	0x000000, 0x000000, 0x000000, 0x000000, 0x000000, 0x000000, 0x000000, 0x000000,
	0x000000, 0x000000, 0x000000, 0x000000, 0x000000, 0x000000, 0x000000, 0x000000,
	0x1fffff, 0x1fffff, 0x1fffff, 0x1fffff, 0x1fffff, 0x1fffff, 0x1fffff, 0x1fffff,
	0x1fffff, 0x1fffff, 0x1fffff, 0x1fffff, 0x1fffff, 0x1fffff, 0x1fffff, 0x1fffff,
	0x1fffff, 0x1fffff, 0x1fffff, 0x0401f8, 0x0401f8, 0x0471f8, 0x0471f8, 0x0781f8,
	0x0781f8, 0x040038, 0x040038, 0x040038, 0x040038, 0x0401c7, 0x0401c7, 0x0471c7,
	0x0471c7, 0x0781c7, 0x0781c7, 0x040007, 0x040007, 0x040007, 0x040007, 0x040e38,
	0x040e38, 0x078e38, 0x078e38, 0x047e38, 0x047e38, 0x040038, 0x040038, 0x040038,
	0x040038, 0x040e07, 0x040e07, 0x078e07, 0x078e07, 0x047e07, 0x047e07, 0x040007,
	0x040007, 0x040007, 0x040007, 0x047038, 0x047038, 0x047e38, 0x047e38, 0x0471f8,
	0x0471f8, 0x040038, 0x040038, 0x040038, 0x040038, 0x047007, 0x047007, 0x047e07,
	0x047e07, 0x0471c7, 0x0471c7, 0x040007, 0x040007, 0x040007, 0x040007, 0x078038,
	0x078038, 0x0781f8, 0x0781f8, 0x078e38, 0x078e38, 0x040038, 0x040038, 0x040038,
	0x040038, 0x078007, 0x078007, 0x0781c7, 0x0781c7, 0x078e07, 0x078e07, 0x040007,
	0x040007, 0x040007, 0x040007, 0x040002, 0x040002, 0x050002, 0x050002, 0x042002,
	0x042002, 0x040002, 0x040002, 0x042002, 0x042002, 0x050002, 0x050002, 0x040002,
	0x040002, 0x040082, 0x040082, 0x040402, 0x040402, 0x040002, 0x040002, 0x040402,
	0x040402, 0x040082, 0x040082, 0x000000, 0x000000, 0x000000, 0x000000, 0x000000,
	0x000000, 0x000000, 0x000000, 0x000000, 0x000000, 0x000000, 0x000000, 0x000000,
	0x000000, 0x000000, 0x000000, 0x000000, 0x000000, 0x000000, 0x000000, 0x000000,
	0x000000, 0x000000, 0x000000, 0x000000, 0x000000, 0x000000, 0x000000, 0x000000,
	0x000000, 0x000000, 0x000000, 0x000000, 0x000000, 0x000000, 0x000000, 0x000000,
	0x000000, 0x000000, 0x000000, 0x000000, 0x000000, 0x000000, 0x000000, 0x000000,
	0x000000, 0x000000, 0x000000, 0x000000, 0x000000, 0x000000, 0x000000, 0x000000,
	0x000000, 0x000000, 0x000000, 0x000000, 0x000000, 0x000000, 0x000000, 0x000000,
	0x000000, 0x000000, 0x000000, 0x000000, 0x000000, 0x000000, 0x000000, 0x000000,
	0x000000, 0x000000, 0x000000, 0x000000, 0x000000, 0x000000, 0x000000, 0x000000,
	0x000000, 0x000000, 0x000000, 0x000000, 0x000000, 0x000000, 0x000000, 0x000000,
	0x000000, 0x000000, 0x000000, 0x000000, 0x000000, 0x000000, 0x000000, 0x000000,
	0x000000, 0x000000, 0x000000, 0x000000, 0x000000, 0x000000, 0x000000, 0x000000,
	0x000000, 0x000000, 0x000000, 0x000000, 0x000000, 0x000000, 0x000000, 0x000000,
	0x000000, 0x000000, 0x000000, 0x000000, 0x000000, 0x000000, 0x000000, 0x000000,
	0x000000, 0x000000, 0x000000, 0x000000, 0x000000, 0x000000, 0x000000, 0x000000,
	0x000000, 0x000000, 0x000000, 0x000000, 0x000000, 0x000000, 0x000000, 0x000000,
	0x000000, 0x000000, 0x000000, 0x000000, 0x000000, 0x000000, 0x000000, 0x000000,
	0x000000, 0x000000, 0x000000, 0x000000, 0x000000, 0x000000, 0x000000, 0x000000,
	0x000000, 0x000000, 0x000000, 0x000000, 0x000000, 0x000000, 0x000000, 0x000000,
	0x000000, 0x000000, 0x000000, 0x000000, 0x000000, 0x000000, 0x000000, 0x000000,
	0x000000, 0x000000, 0x000000, 0x000000, 0x000000, 0x000000, 0x000000, 0x000000,
	0x000000, 0x000000, 0x000000, 0x000000, 0x000000, 0x000000, 0x000000, 0x000000,
	0x000000, 0x000000, 0x000000, 0x000000, 0x000000, 0x000000, 0x000000, 0x000000,
	0x000000, 0x000000, 0x000000, 0x000000, 0x000000, 0x000000, 0x000000, 0x000000,
	0x000000, 0x000000, 0x000000, 0x000000, 0x000000, 0x000000, 0x000000, 0x000000,
	0x000000, 0x000000, 0x000000, 0x000000, 0x000000, 0x000000, 0x000000, 0x000000,
	0x000000, 0x000000, 0x000000, 0x000000, 0x000000, 0x000000, 0x000000, 0x000000,
	0x000000, 0x000000, 0x000000, 0x000000, 0x000000, 0x000000, 0x000000, 0x000000,
	0x000000, 0x000000, 0x000000, 0x000000, 0x000000, 0x000000, 0x000000, 0x000000,
	0x000000, 0x000000, 0x000000, 0x000000, 0x000000, 0x000000, 0x000000, 0x000000,
	0x000000, 0x000000, 0x000000, 0x000000, 0x000000, 0x000000, 0x000000, 0x000000,
	0x000000, 0x000000, 0x000000, 0x000000, 0x000000, 0x000000, 0x000000, 0x000000,
	0x000000, 0x000000, 0x000000, 0x000000, 0x000000, 0x000000, 0x000000, 0x000000,
	0x000000, 0x000000, 0x000000, 0x000000, 0x000000, 0x000000, 0x000000, 0x000000,
	0x000000, 0x000000, 0x000000, 0x000000, 0x000000, 0x000000, 0x000000, 0x000000,
	0x000000, 0x000000, 0x000000, 0x000000, 0x000000, 0x000000, 0x000000, 0x000000,
	0x000000, 0x000000, 0x000000, 0x000000, 0x000000, 0x000000, 0x000000, 0x000000,
	0x000000, 0x000000, 0x000000, 0x000000, 0x000000, 0x000000, 0x000000, 0x000000,
	0x000000, 0x000000, 0x000000, 0x000000, 0x000000, 0x000000, 0x000000, 0x000000,
	0x000000, 0x000000, 0x000000, 0x000000, 0x000000, 0x000000, 0x000000, 0x000000,
	0x000000, 0x000000, 0x000000, 0x000000, 0x000000, 0x000000, 0x000000, 0x000000,
	0x000000, 0x000000, 0x000000, 0x000000, 0x000000, 0x000000, 0x000000, 0x000000,
	0x000000, 0x000000, 0x000000, 0x000000, 0x000000, 0x000000, 0x000000, 0x000000,
	0x000000, 0x000000, 0x000000, 0x000000, 0x000000, 0x000000, 0x000000, 0x000000,
	0x000000, 0x000000, 0x000000, 0x000000, 0x000000, 0x000000, 0x000000, 0x000000,
	0x000000, 0x000000, 0x000000, 0x000000, 0x000000, 0x000000, 0x000000, 0x000000,
	0x000000, 0x000000, 0x000000, 0x000000, 0x000000, 0x000000, 0x000000, 0x000000,
	0x000000, 0x000000, 0x000000, 0x000000, 0x000000, 0x000000, 0x000000, 0x000000,
	0x000000, 0x000000, 0x000000, 0x000000, 0x000000, 0x000000, 0x000000, 0x000000,
	0x000000, 0x000000, 0x000000, 0x000000, 0x000000, 0x000000, 0x000000, 0x000000,
	0x000000, 0x000000, 0x000000, 0x000000, 0x000000, 0x000000, 0x000000, 0x000000,
	0x000000, 0x000000, 0x000000, 0x000000, 0x000000, 0x000000, 0x000000, 0x000000,
	0x000000, 0x000000, 0x000000, 0x000000, 0x000000, 0x000000, 0x000000, 0x000000,
	0x000000, 0x000000, 0x000000, 0x000000, 0x000000, 0x000000, 0x000000, 0x000000,
	0x000000, 0x000000, 0x000000, 0x000000, 0x000000, 0x000000, 0x000000, 0x000000,
	0x000000, 0x000000, 0x000000, 0x000000, 0x000000, 0x000000, 0x000000, 0x000000,
	0x000000, 0x000000, 0x000000, 0x000000, 0x000000, 0x000000, 0x000000, 0x000000,
	0x000000, 0x000000, 0x000000, 0x000000, 0x000000, 0x000000, 0x000000, 0x000000,
	0x000000, 0x000000, 0x000000, 0x000000, 0x000000, 0x000000, 0x000000, 0x000000,
	0x000000, 0x000000, 0x000000, 0x000000, 0x000000, 0x000000, 0x000000, 0x000000,
	0x000000, 0x000000, 0x000000, 0x000000, 0x000000, 0x000000, 0x000000, 0x000000,
	0x000000, 0x000000, 0x000000, 0x000000, 0x000000, 0x000000, 0x000000, 0x000000,
	0x000000, 0x000000, 0x000000, 0x000000, 0x000000, 0x000000, 0x000000, 0x000000,
	0x000000, 0x000000, 0x000000, 0x000000, 0x000000, 0x000000, 0x000000, 0x000000,
	0x000000, 0x000000, 0x000000, 0x000000, 0x000000, 0x000000, 0x000000, 0x000000,
	0x000000, 0x000000, 0x000000, 0x000000, 0x000000, 0x000000, 0x000000, 0x000000,
	0x000000, 0x000000, 0x000000, 0x000000, 0x000000, 0x000000, 0x000000, 0x000000,
	0x000000, 0x000000, 0x000000, 0x000000, 0x000000, 0x000000, 0x000000, 0x000000,
	0x000000, 0x000000, 0x000000, 0x000000, 0x000000, 0x000000, 0x000000, 0x000000,
	0x000000, 0x000000, 0x000000, 0x000000, 0x000000, 0x000000, 0x000000, 0x000000,
	0x000000, 0x000000, 0x000000, 0x000000, 0x000000, 0x000000, 0x000000, 0x000000,
	0x000000, 0x000000, 0x000000, 0x000000, 0x000000, 0x000000, 0x000000, 0x000000,
	0x000000, 0x000000, 0x000000, 0x000000, 0x000000, 0x000000, 0x000000, 0x000000,
	0x000000, 0x000000, 0x000000, 0x000000, 0x000000, 0x000000, 0x000000, 0x000000,
	0x000000, 0x000000, 0x000000, 0x000000, 0x000000, 0x000000, 0x000000, 0x000000,
	0x000000, 0x000000, 0x000000, 0x000000, 0x000000, 0x000000, 0x000000, 0x000000,
	0x000000, 0x000000, 0x000000, 0x000000, 0x000000, 0x000000, 0x000000, 0x000000,
	0x000000, 0x000000, 0x000000, 0x000000, 0x000000, 0x000000, 0x000000, 0x000000,
	0x000000, 0x000000, 0x000000, 0x000000, 0x000000, 0x000000, 0x000000, 0x000000,
	0x000000, 0x000000, 0x000000, 0x000000, 0x000000, 0x000000, 0x000000, 0x000000,
	0x000000, 0x000000, 0x000000, 0x000000, 0x000000, 0x000000, 0x000000, 0x000000,
	0x000000, 0x000000, 0x000000, 0x000000, 0x000000, 0x000000, 0x000000, 0x000000,
	0x000000, 0x000000, 0x000000, 0x000000, 0x000000, 0x000000, 0x000000, 0x000000,
	0x000000, 0x000000, 0x000000, 0x000000, 0x000000, 0x000000, 0x000000, 0x000000,
	0x000000, 0x000000, 0x000000, 0x000000, 0x000000, 0x000000, 0x000000, 0x000000,
	0x000000, 0x000000, 0x000000, 0x000000, 0x000000, 0x000000, 0x000000, 0x000000,
	0x000000, 0x000000, 0x000000, 0x000000, 0x000000, 0x000000, 0x000000, 0x000000,
	0x000000, 0x000000, 0x000000, 0x000000, 0x000000, 0x000000, 0x000000, 0x000000,
	0x000000, 0x000000, 0x000000, 0x000000, 0x000000, 0x000000, 0x000000, 0x000000,
	0x000000, 0x000000, 0x000000, 0x000000, 0x000000, 0x000000, 0x000000, 0x000000,
	0x000000, 0x000000, 0x000000, 0x000000, 0x000000, 0x000000, 0x000000, 0x000000,
	0x000000, 0x000000, 0x000000, 0x000000, 0x000000, 0x000000, 0x000000, 0x000000,
	0x000000, 0x000000, 0x000000, 0x000000, 0x000000, 0x000000, 0x000000, 0x000000,
	0x000000, 0x000000, 0x000000, 0x000000, 0x000000, 0x000000, 0x000000, 0x000000,
	0x000000, 0x000000, 0x000000, 0x000000, 0x000000, 0x000000, 0x000000, 0x000000,
	0x000000, 0x000000, 0x000000, 0x000000, 0x000000, 0x000000, 0x000000, 0x000000,
	0x000000, 0x000000, 0x000000, 0x000000, 0x000000, 0x000000, 0x000000, 0x000000,
	0x000000, 0x000000, 0x000000, 0x000000, 0x000000, 0x000000, 0x000000, 0x000000,
	0x000000, 0x000000, 0x000000, 0x000000, 0x000000, 0x000000, 0x000000, 0x000000,
	0x000000, 0x000000, 0x000000, 0x000000, 0x000000, 0x000000, 0x000000, 0x000000,
	0x000000, 0x000000, 0x000000, 0x000000, 0x000000, 0x000000, 0x000000, 0x000000,
	0x000000, 0x000000, 0x000000, 0x000000, 0x000000, 0x000000, 0x000000, 0x000000,
	0x000000, 0x000000, 0x000000, 0x000000, 0x000000, 0x000000, 0x000000, 0x000000,
	0x000000, 0x000000, 0x000000, 0x000000, 0x000000, 0x000000, 0x000000, 0x000000,
	0x000000, 0x000000, 0x000000, 0x000000, 0x000000, 0x000000, 0x000000, 0x000000,
	0x000000, 0x000000, 0x000000, 0x000000, 0x000000, 0x000000, 0x000000, 0x000000,
	0x000000, 0x000000, 0x000000, 0x000000, 0x000000, 0x000000, 0x000000, 0x000000,
	0x000000, 0x000000, 0x000000, 0x000000, 0x000000, 0x000000, 0x000000, 0x000000,
	0x000000, 0x000000, 0x000000, 0x000000, 0x000000, 0x000000, 0x000000, 0x000000,
	0x000000, 0x000000, 0x000000, 0x000000, 0x000000, 0x000000, 0x000000, 0x000000,
	0x000000, 0x000000, 0x000000, 0x000000, 0x000000, 0x000000, 0x000000, 0x000000,
	0x000000, 0x000000, 0x000000, 0x000000, 0x000000, 0x000000, 0x000000, 0x000000,
	0x000000, 0x000000, 0x000000, 0x000000, 0x000000, 0x000000, 0x000000, 0x000000,
	0x000000, 0x000000, 0x000000, 0x000000, 0x000000, 0x000000, 0x000000, 0x000000,
	0x000000, 0x000000, 0x000000, 0x000000, 0x000000, 0x000000, 0x000000, 0x000000,
	0x000000, 0x000000, 0x000000, 0x000000, 0x000000, 0x000000, 0x000000, 0x000000,
	0x000000, 0x000000, 0x000000, 0x000000, 0x000000, 0x000000, 0x000000, 0x000000,
	0x000000, 0x000000, 0x000000, 0x000000, 0x000000, 0x000000, 0x000000, 0x000000,
	0x000000, 0x000000, 0x000000, 0x000000, 0x000000, 0x000000, 0x000000, 0x000000,
	0x000000, 0x000000, 0x000000, 0x000000, 0x000000, 0x000000, 0x000000, 0x000000,
	0x000000, 0x000000, 0x000000, 0x000000, 0x000000, 0x000000, 0x000000, 0x000000,
	0x000000, 0x000000, 0x000000, 0x000000, 0x000000, 0x000000, 0x000000, 0x000000,
	0x000000, 0x000000, 0x000000, 0x000000, 0x000000, 0x000000, 0x000000, 0x000000,
	0x000000, 0x000000, 0x000000, 0x000000, 0x000000, 0x000000, 0x000000, 0x000000,
	0x000000, 0x000000, 0x000000, 0x000000, 0x000000, 0x000000, 0x000000, 0x000000,
	0x000000, 0x000000, 0x000000, 0x000000, 0x000000, 0x000000, 0x000000, 0x000000,
	0x000000, 0x000000, 0x000000, 0x000000, 0x000000, 0x000000, 0x000000, 0x000000,
	0x000000, 0x000000, 0x000000, 0x000000, 0x000000, 0x000000, 0x000000, 0x000000,
	0x000000, 0x000000, 0x000000, 0x000000, 0x000000, 0x000000, 0x000000, 0x000000,
	0x000000, 0x000000, 0x000000, 0x000000, 0x000000, 0x000000, 0x000000, 0x000000,
	0x000000, 0x000000, 0x000000, 0x000000, 0x000000, 0x000000, 0x000000, 0x000000,
	0x000000, 0x000000, 0x000000, 0x000000, 0x000000, 0x000000, 0x000000, 0x000000,
	0x000000, 0x000000, 0x000000, 0x000000, 0x000000, 0x000000, 0x000000, 0x000000,
	0x000000, 0x000000, 0x000000, 0x000000, 0x000000, 0x000000, 0x000000, 0x000000,
	0x000000, 0x000000, 0x000000, 0x000000, 0x000000, 0x000000, 0x000000, 0x000000,
	0x000000, 0x000000, 0x000000, 0x000000, 0x000000, 0x000000, 0x000000, 0x000000,
	0x000000, 0x000000, 0x000000, 0x000000, 0x000000, 0x000000, 0x000000, 0x000000,
	0x000000, 0x000000, 0x000000, 0x000000, 0x000000, 0x000000, 0x000000, 0x000000,
	0x000000, 0x000000, 0x000000, 0x000000, 0x000000, 0x000000, 0x000000, 0x000000,
	0x000000, 0x000000, 0x000000, 0x000000, 0x000000, 0x000000, 0x000000, 0x000000,
	0x000000, 0x000000, 0x000000, 0x000000, 0x000000, 0x000000, 0x000000, 0x000000,
	0x000000, 0x000000, 0x000000, 0x000000, 0x000000, 0x000000, 0x000000, 0x000000,
	0x000000, 0x000000, 0x000000, 0x000000, 0x000000, 0x000000, 0x000000, 0x000000,
	0x000000, 0x000000, 0x000000, 0x000000, 0x000000, 0x000000, 0x000000, 0x000000,
	0x000000, 0x000000, 0x000000, 0x000000, 0x000000, 0x000000, 0x000000, 0x000000,
	0x000000, 0x000000, 0x000000, 0x000000, 0x000000, 0x000000, 0x000000, 0x000000,
	0x000000, 0x000000, 0x000000, 0x000000, 0x000000, 0x000000, 0x000000, 0x000000,
	0x000000, 0x000000, 0x000000, 0x000000, 0x000000, 0x000000, 0x000000, 0x000000,
	0x000000, 0x000000, 0x000000, 0x000000, 0x000000, 0x000000, 0x000000, 0x000000,
	0x000000, 0x000000, 0x000000, 0x000000, 0x000000, 0x000000, 0x000000, 0x000000,
	0x000000, 0x000000, 0x000000, 0x000000, 0x000000, 0x000000, 0x000000, 0x000000,
	0x000000, 0x000000, 0x000000, 0x000000, 0x000000, 0x000000, 0x000000, 0x000000,
	0x000000, 0x000000, 0x000000, 0x000000, 0x000000, 0x000000, 0x000000, 0x000000,
	0x000000, 0x000000, 0x000000, 0x000000, 0x000000, 0x000000, 0x000000, 0x000000,
	0x000000, 0x000000, 0x000000, 0x000000, 0x000000, 0x000000, 0x000000, 0x000000,
	0x000000, 0x000000, 0x000000, 0x000000, 0x000000, 0x000000, 0x000000, 0x000000,
	0x000000, 0x000000, 0x000000, 0x000000, 0x000000, 0x000000, 0x000000, 0x000000,
	0x000000, 0x000000, 0x000000, 0x000000, 0x000000, 0x000000, 0x000000, 0x000000,
	0x000000, 0x000000, 0x000000, 0x000000, 0x000000, 0x000000, 0x000000, 0x000000,
	0x000000, 0x000000, 0x000000, 0x000000, 0x000000, 0x000000, 0x000000, 0x000000,
	0x000000, 0x000000, 0x000000, 0x000000, 0x000000, 0x000000, 0x000000, 0x000000,
	0x000000, 0x000000, 0x000000, 0x1fffff, 0x1fffff, 0x1fffff, 0x1fffff, 0x000000,
	0x000000, 0x000000, 0x000000, 0x000000, 0x000000, 0x000000, 0x000000, 0x152487,
	0x152487, 0x152487, 0x152487, 0x152487, 0x152487, 0x152487, 0x152487, 0x1fffff,
	0x1fffff, 0x1fffff, 0x1fffff, 0x1fffff, 0x1fffff, 0x1fffff, 0x1fffff, 0x040000,
	0x040000, 0x040000, 0x040000, 0x040000, 0x040000, 0x040000, 0x040000, 0x040000,
	0x040000, 0x040000, 0x040000, 0x040000, 0x040000, 0x040000, 0x040000, 0x040000,
	0x040000, 0x040000, 0x040000, 0x040000, 0x040000, 0x040000, 0x040000, 0x040000,
	0x040000, 0x040000, 0x040000, 0x040000, 0x040000, 0x040000, 0x040000, 0x040000,
	0x040000, 0x040000, 0x040000, 0x040000, 0x040000, 0x040000, 0x040000, 0x040000,
	0x040000, 0x040000, 0x040000, 0x040000, 0x040000, 0x040000, 0x040000, 0x040000,
	0x040000, 0x040000, 0x040000, 0x040000, 0x040000, 0x040000, 0x040000, 0x040000,
	0x040000, 0x040000, 0x040000, 0x040000, 0x040000, 0x040000, 0x040000, 0x040000,
	0x040000, 0x040000, 0x040000, 0x040000, 0x040000, 0x040000, 0x040000, 0x040000,
	0x040000, 0x040000, 0x040000, 0x040000, 0x040000, 0x040000, 0x040000, 0x040000,
	0x040000, 0x040000, 0x040000, 0x040000, 0x040000, 0x040000, 0x040000, 0x040000,
	0x040000, 0x040000, 0x040000, 0x040000, 0x040000, 0x040000, 0x040000, 0x040000,
	0x040000, 0x040000, 0x040000, 0x040000, 0x040000, 0x040000, 0x040000, 0x040000,
	0x040000, 0x040000, 0x040000, 0x040000, 0x040000, 0x040000, 0x040000, 0x040000,
	0x040000, 0x040000, 0x040000, 0x040000, 0x040000, 0x040000, 0x040000, 0x040000,
	0x040000, 0x040000, 0x040000, 0x040000, 0x040000, 0x040000, 0x040000, 0x040000,
	0x040000, 0x040000, 0x040000, 0x040000, 0x040000, 0x040000, 0x040000, 0x040000,
	0x040000, 0x040000, 0x040000, 0x040000, 0x040000, 0x040000, 0x040000, 0x040000,
	0x040000, 0x040000, 0x040000, 0x040000, 0x040000, 0x040000, 0x040000, 0x040000,
	0x040000, 0x040000, 0x040000, 0x040000, 0x040000, 0x040000, 0x040000, 0x040000,
	0x040000, 0x040000, 0x040000, 0x040000, 0x040000, 0x040000, 0x040000, 0x040000,
	0x040000, 0x040000, 0x040000, 0x040000, 0x040000, 0x040000, 0x040000, 0x040000,
	0x040000, 0x040000, 0x040000, 0x040000, 0x040000, 0x040000, 0x040000, 0x040000,
	0x040000, 0x040000, 0x040000, 0x040000, 0x040000, 0x040000, 0x040000, 0x040000,
	0x040000, 0x040000, 0x040000, 0x040000, 0x040000, 0x040000, 0x040000, 0x040000,
	0x040000, 0x040000, 0x040000, 0x040000, 0x040000, 0x040000, 0x040000, 0x040000,
	0x040000, 0x040000, 0x040000, 0x040000, 0x040000, 0x040000, 0x040000, 0x040000,
	0x040000, 0x040000, 0x040000, 0x040000, 0x040000, 0x040000, 0x040000, 0x040000,
	0x040000, 0x040000, 0x040000, 0x040000, 0x040000, 0x040000, 0x040000, 0x040000,
	0x040000, 0x040000, 0x040000, 0x040000, 0x040000, 0x040000, 0x040000, 0x040000,
	0x040000, 0x040000, 0x040000, 0x040000, 0x040000, 0x040000, 0x040000, 0x040000,
	0x040000, 0x040000, 0x040000, 0x040000, 0x040000, 0x040000, 0x040000, 0x040000,
	0x040000, 0x040000, 0x040000, 0x040000, 0x040000, 0x040000, 0x040000, 0x040000,
	0x040000, 0x040000, 0x040000, 0x040000, 0x040000, 0x040000, 0x040000, 0x040000,
	0x040000, 0x040000, 0x040000, 0x040000, 0x040000, 0x040000, 0x040000, 0x040000,
	0x040000, 0x040000, 0x040000, 0x040000, 0x040000, 0x040000, 0x040000, 0x040000,
	0x040000, 0x040000, 0x040000, 0x040000, 0x040000, 0x040000, 0x040000, 0x040000,
	0x040000, 0x040000, 0x040000, 0x040000, 0x040000, 0x040000, 0x040000, 0x040000,
	0x040000, 0x040000, 0x040000, 0x040000, 0x040000, 0x040000, 0x040000, 0x040000,
	0x040000, 0x040000, 0x040000, 0x040000, 0x040000, 0x040000, 0x040000, 0x047000,
	0x047000, 0x040e00, 0x040e00, 0x078000, 0x078000, 0x040e00, 0x040e00, 0x047000,
	0x047000, 0x040e00, 0x040e00, 0x078000, 0x078000, 0x040e00, 0x040e00, 0x078000,
	0x078000, 0x0401c0, 0x0401c0, 0x047000, 0x047000, 0x0401c0, 0x0401c0, 0x078000,
	0x078000, 0x0401c0, 0x0401c0, 0x047000, 0x047000, 0x0401c0, 0x0401c0, 0x040e00,
	0x040e00, 0x078000, 0x078000, 0x0401c0, 0x0401c0, 0x078000, 0x078000, 0x040e00,
	0x040e00, 0x078000, 0x078000, 0x0401c0, 0x0401c0, 0x078000, 0x078000, 0x0401c0,
	0x0401c0, 0x047000, 0x047000, 0x040e00, 0x040e00, 0x047000, 0x047000, 0x0401c0,
	0x0401c0, 0x047000, 0x047000, 0x040e00, 0x040e00, 0x047000, 0x047000, 0x000e00,
	0x000e00, 0x0001c0, 0x0001c0, 0x038000, 0x038000, 0x007000, 0x007000, 0x000000,
	0x000000, 0x000000, 0x000000, 0x000000, 0x000000, 0x000000, 0x000000, 0x000000,
	0x000000, 0x000000, 0x000000, 0x000000, 0x000000, 0x000000, 0x000000, 0x000000,
	0x000000, 0x000000, 0x000000, 0x0401f8, 0x0401f8, 0x0471f8, 0x0471f8, 0x0781f8,
	0x0781f8, 0x040038, 0x040038, 0x040038, 0x040038, 0x0401c7, 0x0401c7, 0x0471c7,
	0x0471c7, 0x0781c7, 0x0781c7, 0x040007, 0x040007, 0x040007, 0x040007, 0x040e38,
	0x040e38, 0x078e38, 0x078e38, 0x047e38, 0x047e38, 0x040038, 0x040038, 0x040038,
	0x040038, 0x040e07, 0x040e07, 0x078e07, 0x078e07, 0x047e07, 0x047e07, 0x040007,
	0x040007, 0x040007, 0x040007, 0x047038, 0x047038, 0x047e38, 0x047e38, 0x0471f8,
	0x0471f8, 0x040038, 0x040038, 0x040038, 0x040038, 0x047007, 0x047007, 0x047e07,
	0x047e07, 0x0471c7, 0x0471c7, 0x040007, 0x040007, 0x040007, 0x040007, 0x078038,
	0x078038, 0x0781f8, 0x0781f8, 0x078e38, 0x078e38, 0x040038, 0x040038, 0x040038,
	0x040038, 0x078007, 0x078007, 0x0781c7, 0x0781c7, 0x078e07, 0x078e07, 0x040007,
	0x040007, 0x040007, 0x040007, 0x040000, 0x040000, 0x040000, 0x040000, 0x040000,
	0x040000, 0x040000, 0x040000, 0x040000, 0x040000, 0x040000, 0x040000, 0x040000,
	0x040000, 0x040000, 0x040000, 0x040000, 0x040000, 0x040000, 0x040000, 0x040000,
	0x040000, 0x040000, 0x040000, 0x040000, 0x040000, 0x040000, 0x040000, 0x040000,
	0x040000, 0x040000, 0x040000, 0x040000, 0x040000, 0x040000, 0x040000, 0x040000,
	0x040000, 0x040000, 0x040000, 0x040000, 0x040000, 0x040000, 0x040000, 0x040000,
	0x040000, 0x040000, 0x040000, 0x040000, 0x040000, 0x040000, 0x040000, 0x040000,
	0x040000, 0x040000, 0x040000, 0x040000, 0x040000, 0x040000, 0x040000, 0x040000,
	0x040000, 0x040000, 0x040000, 0x040000, 0x040000, 0x040000, 0x040000, 0x040000,
	0x040000, 0x040000, 0x040000, 0x040000, 0x040000, 0x040000, 0x040000, 0x040000,
	0x040000, 0x040000, 0x040000, 0x040002, 0x040002, 0x040012, 0x040012, 0x040012,
	0x040012, 0x040012, 0x040012, 0x040002, 0x040002, 0x040012, 0x040012, 0x040012,
	0x040012, 0x040012, 0x040012, 0x040002, 0x040002, 0x040012, 0x040012, 0x040012,
	0x040012, 0x040012, 0x040012, 0x040002, 0x040002, 0x040012, 0x040012, 0x040012,
	0x040012, 0x040012, 0x040012, 0x040002, 0x040002, 0x040012, 0x040012, 0x040012,
	0x040012, 0x040012, 0x040012, 0x040002, 0x040002, 0x040012, 0x040012, 0x040012,
	0x040012, 0x040012, 0x040012, 0x040002, 0x040002, 0x040012, 0x040012, 0x040012,
	0x040012, 0x040012, 0x040012, 0x040002, 0x040002, 0x040012, 0x040012, 0x040012,
	0x040012, 0x040012, 0x040012, 0x040002, 0x040002, 0x040012, 0x040012, 0x040012,
	0x040012, 0x040012, 0x040012, 0x040002, 0x040002, 0x040012, 0x040012, 0x040012,
	0x040012, 0x040012, 0x040012, 0x040002, 0x040002, 0x040012, 0x040012, 0x040012,
	0x040012, 0x040012, 0x040012, 0x040002, 0x040002, 0x040012, 0x040012, 0x040012,
	0x040012, 0x040012, 0x040012, 0x040002, 0x040002, 0x040012, 0x040012, 0x040012,
	0x040012, 0x040012, 0x040012, 0x040002, 0x040002, 0x040012, 0x040012, 0x040012,
	0x040012, 0x040012, 0x040012, 0x040002, 0x040002, 0x040012, 0x040012, 0x040012,
	0x040012, 0x040012, 0x040012, 0x040002, 0x040002, 0x040012, 0x040012, 0x040012,
	0x040012, 0x040012, 0x040012, 0x040002, 0x040002, 0x040012, 0x040012, 0x040012,
	0x040012, 0x040012, 0x040012, 0x040002, 0x040002, 0x040012, 0x040012, 0x040012,
	0x040012, 0x040012, 0x040012, 0x040002, 0x040002, 0x040012, 0x040012, 0x040012,
	0x040012, 0x040012, 0x040012, 0x040002, 0x040002, 0x040012, 0x040012, 0x040012,
	0x040012, 0x040012, 0x040012, 0x040002, 0x040002, 0x040012, 0x040012, 0x040012,
	0x040012, 0x040012, 0x040012, 0x040002, 0x040002, 0x040012, 0x040012, 0x040012,
	0x040012, 0x040012, 0x040012, 0x040002, 0x040002, 0x040012, 0x040012, 0x040012,
	0x040012, 0x040012, 0x040012, 0x040002, 0x040002, 0x040012, 0x040012, 0x040012,
	0x040012, 0x040012, 0x040012, 0x040002, 0x040002, 0x040012, 0x040012, 0x040012,
	0x040012, 0x040012, 0x040012, 0x040002, 0x040002, 0x040012, 0x040012, 0x040012,
	0x040012, 0x040012, 0x040012, 0x040002, 0x040002, 0x040012, 0x040012, 0x040012,
	0x040012, 0x040012, 0x040012, 0x040002, 0x040002, 0x040012, 0x040012, 0x040012,
	0x040012, 0x040012, 0x040012, 0x040002, 0x040002, 0x040012, 0x040012, 0x040012,
	0x040012, 0x040012, 0x040012, 0x040002, 0x040002, 0x040012, 0x040012, 0x040012,
	0x040012, 0x040012, 0x040012, 0x040002, 0x040002, 0x040012, 0x040012, 0x040012,
	0x040012, 0x040012, 0x040012, 0x040002, 0x040002, 0x040012, 0x040012, 0x040012,
	0x040012, 0x040012, 0x040012, 0x040002, 0x040002, 0x040012, 0x040012, 0x040012,
	0x040012, 0x040012, 0x040012, 0x040002, 0x040002, 0x040012, 0x040012, 0x040012,
	0x040012, 0x040012, 0x040012, 0x040002, 0x040002, 0x040012, 0x040012, 0x040012,
	0x040012, 0x040012, 0x040012, 0x040002, 0x040002, 0x040012, 0x040012, 0x040012,
	0x040012, 0x040012, 0x040012, 0x040002, 0x040002, 0x040012, 0x040012, 0x040012,
	0x040012, 0x040012, 0x040012, 0x040002, 0x040002, 0x040012, 0x040012, 0x040012,
	0x040012, 0x040012, 0x040012, 0x040002, 0x040002, 0x040012, 0x040012, 0x040012,
	0x040012, 0x040012, 0x040012, 0x040002, 0x040002, 0x040012, 0x040012, 0x040012,
	0x040012, 0x040012, 0x040012, 0x040002, 0x040002, 0x040012, 0x040012, 0x040012,
	0x040012, 0x040012, 0x040012, 0x040002, 0x040002, 0x040012, 0x040012, 0x040012,
	0x040012, 0x040012, 0x040012, 0x040002, 0x040002, 0x040012, 0x040012, 0x040012,
	0x040012, 0x040012, 0x040012, 0x040002, 0x040002, 0x040012, 0x040012, 0x040012,
	0x040012, 0x040012, 0x040012, 0x040002, 0x040002, 0x040012, 0x040012, 0x040012,
	0x040012, 0x040012, 0x040012, 0x040002, 0x040002, 0x040012, 0x040012, 0x040012,
	0x040012, 0x040012, 0x040012, 0x040002, 0x040002, 0x040012, 0x040012, 0x040012,
	0x040012, 0x040012, 0x040012, 0x040002, 0x040002, 0x040012, 0x040012, 0x040012,
	0x040012, 0x040012, 0x040012, 0x040002, 0x040002, 0x040012, 0x040012, 0x040012,
	0x040012, 0x040012, 0x040012, 0x040002, 0x040002, 0x040012, 0x040012, 0x040012,
	0x040012, 0x040012, 0x040012, 0x040002, 0x040002, 0x040012, 0x040012, 0x040012,
	0x040012, 0x040012, 0x040012, 0x040002, 0x040002, 0x040012, 0x040012, 0x040012,
	0x040012, 0x040012, 0x040012, 0x040002, 0x040002, 0x040012, 0x040012, 0x040012,
	0x040012, 0x040012, 0x040012, 0x040002, 0x040002, 0x040012, 0x040012, 0x040012,
	0x040012, 0x040012, 0x040012, 0x040002, 0x040002, 0x040012, 0x040012, 0x040012,
	0x040012, 0x040012, 0x040012, 0x040002, 0x040002, 0x040012, 0x040012, 0x040012,
	0x040012, 0x040012, 0x040012, 0x040002, 0x040002, 0x040012, 0x040012, 0x040012,
	0x040012, 0x040012, 0x040012, 0x040002, 0x040002, 0x040012, 0x040012, 0x040012,
	0x040012, 0x040012, 0x040012, 0x040002, 0x040002, 0x040012, 0x040012, 0x040012,
	0x040012, 0x040012, 0x040012, 0x040002, 0x040002, 0x040012, 0x040012, 0x040012,
	0x040012, 0x040012, 0x040012, 0x040002, 0x040002, 0x040012, 0x040012, 0x040012,
	0x040012, 0x040012, 0x040012, 0x040002, 0x040002, 0x040012, 0x040012, 0x040012,
	0x040012, 0x040012, 0x040012, 0x040002, 0x040002, 0x040012, 0x040012, 0x040012,
	0x040012, 0x040012, 0x040012, 0x040002, 0x040002, 0x040012, 0x040012, 0x040012,
	0x040012, 0x040012, 0x040012, 0x040002, 0x040002, 0x040012, 0x040012, 0x040012,
	0x040012, 0x040012, 0x040012, 0x040002, 0x040002, 0x040012, 0x040012, 0x040012,
	0x040012, 0x040012, 0x040012, 0x040002, 0x040002, 0x040012, 0x040012, 0x040012,
	0x040012, 0x040012, 0x040012, 0x040002, 0x040002, 0x040012, 0x040012, 0x040012,
	0x040012, 0x040012, 0x040012, 0x040002, 0x040002, 0x040012, 0x040012, 0x040012,
	0x040012, 0x040012, 0x040012, 0x040002, 0x040002, 0x040012, 0x040012, 0x040012,
	0x040012, 0x040012, 0x040012, 0x040002, 0x040002, 0x040012, 0x040012, 0x040012,
	0x040012, 0x040012, 0x040012, 0x040002, 0x040002, 0x040012, 0x040012, 0x040012,
	0x040012, 0x040012, 0x040012, 0x040002, 0x040002, 0x040012, 0x040012, 0x040012,
	0x040012, 0x040012, 0x040012, 0x040002, 0x040002, 0x040012, 0x040012, 0x040012,
	0x040012, 0x040012, 0x040012, 0x040002, 0x040002, 0x040012, 0x040012, 0x040012,
	0x040012, 0x040012, 0x040012, 0x040002, 0x040002, 0x040012, 0x040012, 0x040012,
	0x040012, 0x040012, 0x040012, 0x040002, 0x040002, 0x040012, 0x040012, 0x040012,
	0x040012, 0x040012, 0x040012, 0x040002, 0x040002, 0x040012, 0x040012, 0x040012,
	0x040012, 0x040012, 0x040012, 0x040002, 0x040002, 0x040012, 0x040012, 0x040012,
	0x040012, 0x040012, 0x040012, 0x040002, 0x040002, 0x040012, 0x040012, 0x040012,
	0x040012, 0x040012, 0x040012, 0x040002, 0x040002, 0x040012, 0x040012, 0x040012,
	0x040012, 0x040012, 0x040012, 0x040002, 0x040002, 0x040012, 0x040012, 0x040012,
	0x040012, 0x040012, 0x040012, 0x040002, 0x040002, 0x040012, 0x040012, 0x040012,
	0x040012, 0x040012, 0x040012, 0x040002, 0x040002, 0x040012, 0x040012, 0x040012,
	0x040012, 0x040012, 0x040012, 0x040002, 0x040002, 0x040012, 0x040012, 0x040012,
	0x040012, 0x040012, 0x040012, 0x040002, 0x040002, 0x040012, 0x040012, 0x040012,
	0x040012, 0x040012, 0x040012, 0x040002, 0x040002, 0x040012, 0x040012, 0x040012,
	0x040012, 0x040012, 0x040012, 0x040002, 0x040002, 0x040012, 0x040012, 0x040012,
	0x040012, 0x040012, 0x040012, 0x040002, 0x040002, 0x040012, 0x040012, 0x040012,
	0x040012, 0x040012, 0x040012, 0x040002, 0x040002, 0x040012, 0x040012, 0x040012,
	0x040012, 0x040012, 0x040012, 0x040002, 0x040002, 0x040012, 0x040012, 0x040012,
	0x040012, 0x040012, 0x040012, 0x040002, 0x040002, 0x040012, 0x040012, 0x040012,
	0x040012, 0x040012, 0x040012, 0x040002, 0x040002, 0x040012, 0x040012, 0x040012,
	0x040012, 0x040012, 0x040012, 0x040002, 0x040002, 0x040012, 0x040012, 0x040012,
	0x040012, 0x040012, 0x040012, 0x040002, 0x040002, 0x040012, 0x040012, 0x040012,
	0x040012, 0x040012, 0x040012, 0x040002, 0x040002, 0x040012, 0x040012, 0x040012,
	0x040012, 0x040012, 0x040012, 0x040012, 0x040012, 0x040012, 0x040012, 0x040012,
	0x040012, 0x040012, 0x040012, 0x040012, 0x040012, 0x040012, 0x040012, 0x040012,
	0x040012, 0x040012, 0x040012, 0x040012, 0x040012, 0x040012, 0x040012, 0x040012,
	0x040012, 0x040012, 0x040012, 0x040012, 0x040012, 0x040012, 0x040012, 0x040012,
	0x040012, 0x040012, 0x040012, 0x040012, 0x040012, 0x040012, 0x040012, 0x040012,
	0x040012, 0x040012, 0x040012, 0x040012, 0x040012, 0x040012, 0x040012, 0x040012,
	0x040012, 0x040012, 0x040012, 0x040012, 0x040012, 0x040012, 0x040012, 0x040012,
	0x040012, 0x040012, 0x040012, 0x040012, 0x040012, 0x040012, 0x040012, 0x040012,
	0x040012, 0x040012, 0x040012, 0x040012, 0x040012, 0x040012, 0x040012, 0x040012,
	0x040012, 0x040012, 0x040012, 0x040012, 0x040012, 0x040012, 0x040012, 0x040012,
	0x040012, 0x040012, 0x040012, 0x040012, 0x040012, 0x040012, 0x040012, 0x040012,
	0x040012, 0x040012, 0x040012, 0x040012, 0x040012, 0x040012, 0x040012, 0x040012,
	0x040012, 0x040012, 0x040012, 0x000000, 0x000000, 0x000000, 0x000000, 0x000000,
	0x000000, 0x000000, 0x000000, 0x000000, 0x000000, 0x000000, 0x000000, 0x000000,
	0x000000, 0x000000, 0x000000, 0x000000, 0x000000, 0x000000, 0x000000, 0x000000,
	0x000000, 0x000000, 0x000000, 0x040000, 0x040000, 0x047000, 0x047000, 0x040e00,
	0x040e00, 0x078000, 0x078000, 0x040e00, 0x040e00, 0x047000, 0x047000, 0x040e00,
	0x040e00, 0x078000, 0x078000, 0x040e00, 0x040e00, 0x078000, 0x078000, 0x0401c0,
	0x0401c0, 0x047000, 0x047000, 0x0401c0, 0x0401c0, 0x078000, 0x078000, 0x0401c0,
	0x0401c0, 0x047000, 0x047000, 0x0401c0, 0x0401c0, 0x040e00, 0x040e00, 0x078000,
	0x078000, 0x0401c0, 0x0401c0, 0x078000, 0x078000, 0x040e00, 0x040e00, 0x078000,
	0x078000, 0x0401c0, 0x0401c0, 0x078000, 0x078000, 0x0401c0, 0x0401c0, 0x047000,
	0x047000, 0x040e00, 0x040e00, 0x047000, 0x047000, 0x0401c0, 0x0401c0, 0x047000,
	0x047000, 0x040e00, 0x040e00, 0x047000, 0x047000, 0x040000, 0x040000, 0x040000,
	0x040000, 0x040000, 0x040000, 0x040000, 0x040000, 0x040000, 0x040000, 0x040000,
	0x040000, 0x040000, 0x040000, 0x040000, 0x040000, 0x040000, 0x040000, 0x040000,
	0x040000, 0x1fffff, 0x1fffff, 0x1fffff, 0x1fffff, 0x000000, 0x000000, 0x000000,
	0x000000, 0x000000, 0x000000, 0x000000, 0x000000, 0x000000, 0x000000, 0x000000,
	0x000000, 0x000000, 0x000000, 0x000000, 0x000000, 0x000000, 0x000000, 0x000000,
	0x000000, 0x000000, 0x000000, 0x000000, 0x000000, 0x000000, 0x000000, 0x000000,
	0x000000, 0x000000, 0x000000, 0x000000, 0x000000, 0x000000, 0x000000, 0x000007,
	0x000007, 0x000007, 0x000007, 0x012487, 0x012487, 0x012487, 0x03ffff, 0x1fffff,
	0x1fffff, 0x040002, 0x040002, 0x040002, 0x040002, 0x040002, 0x040002, 0x040002,
	0x040002, 0x040002, 0x040002, 0x040002, 0x040002, 0x040002, 0x040002, 0x040002,
	0x040002, 0x000000, 0x1fffff, 0x000000, 0x000000, 0x000000, 0x000000, 0x000000,
	0x000000, 0x000000, 0x000000, 0x000000, 0x000000, 0x000000, 0x000000, 0x000000,
	0x000000, 0x000000, 0x000000, 0x1fffff, 0x1fffff, 0x052492, 0x050492, 0x052492,
	0x050492, 0x052092, 0x050092, 0x052092, 0x050092, 0x052412, 0x050412, 0x052412,
	0x050412, 0x052012, 0x050012, 0x052012, 0x050012, 0x042492, 0x040492, 0x042492,
	0x040492, 0x042092, 0x040092, 0x042092, 0x040092, 0x042412, 0x040412, 0x042412,
	0x040412, 0x042012, 0x040012, 0x042012, 0x040012, 0x1fffff, 0x17ffff, 0x1fffff,
	0x1fffff, 0x1fffff, 0x1fffff, 0x1fffff, 0x1fffff, 0x1fffff, 0x000000, 0x000000,
	0x000000, 0x000000, 0x000000, 0x000000, 0x000000, 0x000000, 0x000000, 0x000000,
	0x1fffff, 0x000000, 0x000000, 0x1fffff, 0x1fffff, 0x1fffff, 0x1fffff, 0x1fffff,
	0x1fffff, 0x1fffff, 0x1fffff, 0x040002, 0x040002, 0x040002, 0x040002, 0x040000,
	0x040000, 0x040000, 0x000007, 0x000007, 0x000007, 0x000007, 0x000007, 0x000007,
	0x000007, 0x000007, 0x000007, 0x000007, 0x000007, 0x000007, 0x000007, 0x000007,
	0x000007, 0x000007, 0x000007, 0x000007, 0x000007, 0x000007, 0x000007, 0x000007,
	0x000007, 0x000007, 0x000007, 0x000007, 0x000007, 0x000007, 0x000007, 0x000007,
	0x000007, 0x000007, 0x000007, 0x000007, 0x000007, 0x000007, 0x000007, 0x000007,
	0x000007, 0x000007, 0x000007, 0x000007, 0x000007, 0x000007, 0x000007, 0x000007,
	0x000007, 0x000007, 0x000007, 0x000007, 0x000007, 0x000007, 0x000007, 0x000007,
	0x000007, 0x000007, 0x000007, 0x000007, 0x000007, 0x000007, 0x000007, 0x000007,
	0x000007, 0x000007, 0x0fffff, 0x0fffff, 0x0fffff, 0x0fffff, 0x0fffff, 0x0fffff,
	0x0fffff, 0x0fffff, 0x0fffff, 0x0fffff, 0x0fffff, 0x0fffff, 0x0fffff, 0x0fffff,
	0x0fffff, 0x0fffff, 0x040e00, 0x040e00, 0x040e00, 0x040e00, 0x040038, 0x040038,
	0x040038, 0x040038, 0x040e00, 0x040e00, 0x040e00, 0x040e00, 0x040007, 0x040007,
	0x040007, 0x040007, 0x0401c0, 0x0401c0, 0x0401c0, 0x0401c0, 0x040038, 0x040038,
	0x040038, 0x040038, 0x0401c0, 0x0401c0, 0x0401c0, 0x0401c0, 0x040007, 0x040007,
	0x040007, 0x040007, 0x078000, 0x078000, 0x078000, 0x078000, 0x040038, 0x040038,
	0x040038, 0x040038, 0x078000, 0x078000, 0x078000, 0x078000, 0x040007, 0x040007,
	0x040007, 0x040007, 0x047000, 0x047000, 0x047000, 0x047000, 0x040038, 0x040038,
	0x040038, 0x040038, 0x047000, 0x047000, 0x047000, 0x047000, 0x040007, 0x040007,
	0x040007, 0x040007, 0x040e00, 0x040e00, 0x040e00, 0x040e00, 0x040038, 0x040038,
	0x040038, 0x040038, 0x040e00, 0x040e00, 0x040e00, 0x040e00, 0x040007, 0x040007,
	0x040007, 0x040007, 0x0401c0, 0x0401c0, 0x0401c0, 0x0401c0, 0x040038, 0x040038,
	0x040038, 0x040038, 0x0401c0, 0x0401c0, 0x0401c0, 0x0401c0, 0x040007, 0x040007,
	0x040007, 0x040007, 0x078000, 0x078000, 0x078000, 0x078000, 0x040038, 0x040038,
	0x040038, 0x040038, 0x078000, 0x078000, 0x078000, 0x078000, 0x040007, 0x040007,
	0x040007, 0x040007, 0x047000, 0x047000, 0x047000, 0x047000, 0x040038, 0x040038,
	0x040038, 0x040038, 0x047000, 0x047000, 0x047000, 0x047000, 0x040007, 0x040007,
	0x040007, 0x040007, 0x040e00, 0x040e00, 0x040e00, 0x040e00, 0x040038, 0x040038,
	0x040038, 0x040038, 0x040e00, 0x040e00, 0x040e00, 0x040e00, 0x040007, 0x040007,
	0x040007, 0x040007, 0x0401c0, 0x0401c0, 0x0401c0, 0x0401c0, 0x040038, 0x040038,
	0x040038, 0x040038, 0x0401c0, 0x0401c0, 0x0401c0, 0x0401c0, 0x040007, 0x040007,
	0x040007, 0x040007, 0x078000, 0x078000, 0x078000, 0x078000, 0x040038, 0x040038,
	0x040038, 0x040038, 0x078000, 0x078000, 0x078000, 0x078000, 0x040007, 0x040007,
	0x040007, 0x040007, 0x047000, 0x047000, 0x047000, 0x047000, 0x040038, 0x040038,
	0x040038, 0x040038, 0x047000, 0x047000, 0x047000, 0x047000, 0x040007, 0x040007,
	0x040007, 0x040007, 0x040e00, 0x040e00, 0x040e00, 0x040e00, 0x040038, 0x040038,
	0x040038, 0x040038, 0x040e00, 0x040e00, 0x040e00, 0x040e00, 0x040007, 0x040007,
	0x040007, 0x040007, 0x0401c0, 0x0401c0, 0x0401c0, 0x0401c0, 0x040038, 0x040038,
	0x040038, 0x040038, 0x0401c0, 0x0401c0, 0x0401c0, 0x0401c0, 0x040007, 0x040007,
	0x040007, 0x040007, 0x078000, 0x078000, 0x078000, 0x078000, 0x040038, 0x040038,
	0x040038, 0x040038, 0x078000, 0x078000, 0x078000, 0x078000, 0x040007, 0x040007,
	0x040007, 0x040007, 0x047000, 0x047000, 0x047000, 0x047000, 0x040038, 0x040038,
	0x040038, 0x040038, 0x047000, 0x047000, 0x047000, 0x047000, 0x040007, 0x040007,
	0x040007, 0x040007, 0x040e00, 0x040e00, 0x040e00, 0x040e00, 0x040038, 0x040038,
	0x040038, 0x040038, 0x040e00, 0x040e00, 0x040e00, 0x040e00, 0x040007, 0x040007,
	0x040007, 0x040007, 0x0401c0, 0x0401c0, 0x0401c0, 0x0401c0, 0x040038, 0x040038,
	0x040038, 0x040038, 0x0401c0, 0x0401c0, 0x0401c0, 0x0401c0, 0x040007, 0x040007,
	0x040007, 0x040007, 0x078000, 0x078000, 0x078000, 0x078000, 0x040038, 0x040038,
	0x040038, 0x040038, 0x078000, 0x078000, 0x078000, 0x078000, 0x040007, 0x040007,
	0x040007, 0x040007, 0x047000, 0x047000, 0x047000, 0x047000, 0x040038, 0x040038,
	0x040038, 0x040038, 0x047000, 0x047000, 0x047000, 0x047000, 0x040007, 0x040007,
	0x040007, 0x040007, 0x040e00, 0x040e00, 0x040e00, 0x040e00, 0x040038, 0x040038,
	0x040038, 0x040038, 0x040e00, 0x040e00, 0x040e00, 0x040e00, 0x040007, 0x040007,
	0x040007, 0x040007, 0x0401c0, 0x0401c0, 0x0401c0, 0x0401c0, 0x040038, 0x040038,
	0x040038, 0x040038, 0x0401c0, 0x0401c0, 0x0401c0, 0x0401c0, 0x040007, 0x040007,
	0x040007, 0x040007, 0x078000, 0x078000, 0x078000, 0x078000, 0x040038, 0x040038,
	0x040038, 0x040038, 0x078000, 0x078000, 0x078000, 0x078000, 0x040007, 0x040007,
	0x040007, 0x040007, 0x047000, 0x047000, 0x047000, 0x047000, 0x040038, 0x040038,
	0x040038, 0x040038, 0x047000, 0x047000, 0x047000, 0x047000, 0x040007, 0x040007,
	0x040007, 0x040007, 0x040e00, 0x040e00, 0x040e00, 0x040e00, 0x040038, 0x040038,
	0x040038, 0x040038, 0x040e00, 0x040e00, 0x040e00, 0x040e00, 0x040007, 0x040007,
	0x040007, 0x040007, 0x0401c0, 0x0401c0, 0x0401c0, 0x0401c0, 0x040038, 0x040038,
	0x040038, 0x040038, 0x0401c0, 0x0401c0, 0x0401c0, 0x0401c0, 0x040007, 0x040007,
	0x040007, 0x040007, 0x078000, 0x078000, 0x078000, 0x078000, 0x040038, 0x040038,
	0x040038, 0x040038, 0x078000, 0x078000, 0x078000, 0x078000, 0x040007, 0x040007,
	0x040007, 0x040007, 0x047000, 0x047000, 0x047000, 0x047000, 0x040038, 0x040038,
	0x040038, 0x040038, 0x047000, 0x047000, 0x047000, 0x047000, 0x040007, 0x040007,
	0x040007, 0x040007, 0x040e00, 0x040e00, 0x040e00, 0x040e00, 0x040038, 0x040038,
	0x040038, 0x040038, 0x040e00, 0x040e00, 0x040e00, 0x040e00, 0x040007, 0x040007,
	0x040007, 0x040007, 0x0401c0, 0x0401c0, 0x0401c0, 0x0401c0, 0x040038, 0x040038,
	0x040038, 0x040038, 0x0401c0, 0x0401c0, 0x0401c0, 0x0401c0, 0x040007, 0x040007,
	0x040007, 0x040007, 0x078000, 0x078000, 0x078000, 0x078000, 0x040038, 0x040038,
	0x040038, 0x040038, 0x078000, 0x078000, 0x078000, 0x078000, 0x040007, 0x040007,
	0x040007, 0x040007, 0x047000, 0x047000, 0x047000, 0x047000, 0x040038, 0x040038,
	0x040038, 0x040038, 0x047000, 0x047000, 0x047000, 0x047000, 0x040007, 0x040007,
	0x040007, 0x040007, 0x040e00, 0x040e00, 0x040e00, 0x040e00, 0x040038, 0x040038,
	0x040038, 0x040038, 0x040e00, 0x040e00, 0x040e00, 0x040e00, 0x040007, 0x040007,
	0x040007, 0x040007, 0x0401c0, 0x0401c0, 0x0401c0, 0x0401c0, 0x040038, 0x040038,
	0x040038, 0x040038, 0x0401c0, 0x0401c0, 0x0401c0, 0x0401c0, 0x040007, 0x040007,
	0x040007, 0x040007, 0x078000, 0x078000, 0x078000, 0x078000, 0x040038, 0x040038,
	0x040038, 0x040038, 0x078000, 0x078000, 0x078000, 0x078000, 0x040007, 0x040007,
	0x040007, 0x040007, 0x047000, 0x047000, 0x047000, 0x047000, 0x040038, 0x040038,
	0x040038, 0x040038, 0x047000, 0x047000, 0x047000, 0x047000, 0x040007, 0x040007,
	0x040007, 0x040007, 0x040e00, 0x040e00, 0x040e00, 0x040e00, 0x040038, 0x040038,
	0x040038, 0x040038, 0x040e00, 0x040e00, 0x040e00, 0x040e00, 0x040007, 0x040007,
	0x040007, 0x040007, 0x0401c0, 0x0401c0, 0x0401c0, 0x0401c0, 0x040038, 0x040038,
	0x040038, 0x040038, 0x0401c0, 0x0401c0, 0x0401c0, 0x0401c0, 0x040007, 0x040007,
	0x040007, 0x040007, 0x078000, 0x078000, 0x078000, 0x078000, 0x040038, 0x040038,
	0x040038, 0x040038, 0x078000, 0x078000, 0x078000, 0x078000, 0x040007, 0x040007,
	0x040007, 0x040007, 0x047000, 0x047000, 0x047000, 0x047000, 0x040038, 0x040038,
	0x040038, 0x040038, 0x047000, 0x047000, 0x047000, 0x047000, 0x040007, 0x040007,
	0x040007, 0x040007, 0x1fffff, 0x1fffff, 0x1fffff, 0x1fffff, 0x1fffff, 0x1fffff,
	0x1fffff, 0x1fffff, 0x1fffff, 0x1fffff, 0x1fffff, 0x1fffff, 0x1fffff, 0x1fffff,
	0x1fffff, 0x1fffff, 0x1fffff, 0x1fffff, 0x1fffff, 0x1fffff, 0x1fffff, 0x1fffff,
	0x1fffff, 0x1fffff, 0x1fffff, 0x1fffff, 0x1fffff, 0x1fffff, 0x1fffff, 0x1fffff,
	0x1fffff, 0x1fffff, 0x1fffff, 0x1fffff, 0x1fffff, 0x1fffff, 0x1fffff, 0x1fffff,
	0x1fffff, 0x1fffff, 0x1fffff, 0x1fffff, 0x1fffff, 0x1fffff, 0x1fffff, 0x1fffff,
	0x1fffff, 0x1fffff, 0x1fffff, 0x1fffff, 0x1fffff, 0x1fffff, 0x1fffff, 0x1fffff,
	0x1fffff, 0x1fffff, 0x1fffff, 0x1fffff, 0x1fffff, 0x1fffff, 0x1fffff, 0x1fffff,
	0x1fffff, 0x1fffff, 0x1fffff, 0x1fffff, 0x1fffff, 0x1fffff, 0x1fffff, 0x1fffff,
	0x1fffff, 0x1fffff, 0x1fffff, 0x1fffff, 0x1fffff, 0x1fffff, 0x1fffff, 0x1fffff,
	0x1fffff, 0x1fffff, 0x1fffff, 0x1fffff, 0x1fffff, 0x1fffff, 0x1fffff, 0x1fffff,
	0x1fffff, 0x1fffff, 0x1fffff, 0x1fffff, 0x1fffff, 0x1fffff, 0x1fffff, 0x1fffff,
	0x1fffff, 0x1fffff, 0x1fffff, 0x1fffff, 0x1fffff, 0x1fffff, 0x1fffff, 0x1fffff,
	0x1fffff, 0x1fffff, 0x1fffff, 0x1fffff, 0x1fffff, 0x1fffff, 0x1fffff, 0x1fffff,
	0x1fffff, 0x1fffff, 0x1fffff, 0x1fffff, 0x1fffff, 0x1fffff, 0x1fffff, 0x1fffff,
	0x1fffff, 0x1fffff, 0x1fffff, 0x1fffff, 0x1fffff, 0x1fffff, 0x1fffff, 0x1fffff,
	0x1fffff, 0x1fffff, 0x1fffff, 0x1fffff, 0x1fffff, 0x1fffff, 0x1fffff, 0x1fffff,
	0x1fffff, 0x1fffff, 0x1fffff, 0x1fffff, 0x1fffff, 0x1fffff, 0x1fffff, 0x1fffff,
	0x1fffff, 0x1fffff, 0x1fffff, 0x1fffff, 0x1fffff, 0x1fffff, 0x1fffff, 0x1fffff,
	0x1fffff, 0x1fffff, 0x1fffff, 0x1fffff, 0x1fffff, 0x1fffff, 0x1fffff, 0x1fffff,
	0x1fffff, 0x1fffff, 0x1fffff, 0x1fffff, 0x1fffff, 0x1fffff, 0x1fffff, 0x1fffff,
	0x1fffff, 0x1fffff, 0x1fffff, 0x1fffff, 0x1fffff, 0x1fffff, 0x1fffff, 0x1fffff,
	0x1fffff, 0x1fffff, 0x1fffff, 0x1fffff, 0x1fffff, 0x1fffff, 0x1fffff, 0x1fffff,
	0x1fffff, 0x1fffff, 0x1fffff, 0x1fffff, 0x1fffff, 0x1fffff, 0x1fffff, 0x1fffff,
	0x1fffff, 0x1fffff, 0x1fffff, 0x1fffff, 0x1fffff, 0x1fffff, 0x1fffff, 0x1fffff,
	0x1fffff, 0x1fffff, 0x1fffff, 0x1fffff, 0x1fffff, 0x1fffff, 0x052492, 0x050492,
	0x052492, 0x050492, 0x052092, 0x050092, 0x052092, 0x050092, 0x052412, 0x050412,
	0x052412, 0x050412, 0x052012, 0x050012, 0x052012, 0x050012, 0x042492, 0x040492,
	0x042492, 0x040492, 0x042092, 0x040092, 0x042092, 0x040092, 0x042412, 0x040412,
	0x042412, 0x040412, 0x042012, 0x040012, 0x042012, 0x040012, 0x052492, 0x050492,
	0x052492, 0x050492, 0x052092, 0x050092, 0x052092, 0x050092, 0x052412, 0x050412,
	0x052412, 0x050412, 0x052012, 0x050012, 0x052012, 0x050012, 0x042492, 0x040492,
	0x042492, 0x040492, 0x042092, 0x040092, 0x042092, 0x040092, 0x042412, 0x040412,
	0x042412, 0x040412, 0x042012, 0x040012, 0x042012, 0x040012, 0x052492, 0x050492,
	0x052492, 0x050492, 0x052092, 0x050092, 0x052092, 0x050092, 0x052412, 0x050412,
	0x052412, 0x050412, 0x052012, 0x050012, 0x052012, 0x050012, 0x042492, 0x040492,
	0x042492, 0x040492, 0x042092, 0x040092, 0x042092, 0x040092, 0x042412, 0x040412,
	0x042412, 0x040412, 0x042012, 0x040012, 0x042012, 0x040012, 0x052492, 0x050492,
	0x052492, 0x050492, 0x052092, 0x050092, 0x052092, 0x050092, 0x052412, 0x050412,
	0x052412, 0x050412, 0x052012, 0x050012, 0x052012, 0x050012, 0x042492, 0x040492,
	0x042492, 0x040492, 0x042092, 0x040092, 0x042092, 0x040092, 0x042412, 0x040412,
	0x042412, 0x040412, 0x042012, 0x040012, 0x042012, 0x040012, 0x052492, 0x050492,
	0x052492, 0x050492, 0x052092, 0x050092, 0x052092, 0x050092, 0x052412, 0x050412,
	0x052412, 0x050412, 0x052012, 0x050012, 0x052012, 0x050012, 0x042492, 0x040492,
	0x042492, 0x040492, 0x042092, 0x040092, 0x042092, 0x040092, 0x042412, 0x040412,
	0x042412, 0x040412, 0x042012, 0x040012, 0x042012, 0x040012, 0x052492, 0x050492,
	0x052492, 0x050492, 0x052092, 0x050092, 0x052092, 0x050092, 0x052412, 0x050412,
	0x052412, 0x050412, 0x052012, 0x050012, 0x052012, 0x050012, 0x042492, 0x040492,
	0x042492, 0x040492, 0x042092, 0x040092, 0x042092, 0x040092, 0x042412, 0x040412,
	0x042412, 0x040412, 0x042012, 0x040012, 0x042012, 0x040012, 0x052492, 0x050492,
	0x052492, 0x050492, 0x052092, 0x050092, 0x052092, 0x050092, 0x052412, 0x050412,
	0x052412, 0x050412, 0x052012, 0x050012, 0x052012, 0x050012, 0x042492, 0x040492,
	0x042492, 0x040492, 0x042092, 0x040092, 0x042092, 0x040092, 0x042412, 0x040412,
	0x042412, 0x040412, 0x042012, 0x040012, 0x042012, 0x040012, 0x052492, 0x050492,
	0x052492, 0x050492, 0x052092, 0x050092, 0x052092, 0x050092, 0x052412, 0x050412,
	0x052412, 0x050412, 0x052012, 0x050012, 0x052012, 0x050012, 0x042492, 0x040492,
	0x042492, 0x040492, 0x042092, 0x040092, 0x042092, 0x040092, 0x042412, 0x040412,
	0x042412, 0x040412, 0x042012, 0x040012, 0x042012, 0x040012, 0x052492, 0x050492,
	0x052492, 0x050492, 0x052092, 0x050092, 0x052092, 0x050092, 0x052412, 0x050412,
	0x052412, 0x050412, 0x052012, 0x050012, 0x052012, 0x050012, 0x042492, 0x040492,
	0x042492, 0x040492, 0x042092, 0x040092, 0x042092, 0x040092, 0x042412, 0x040412,
	0x042412, 0x040412, 0x042012, 0x040012, 0x042012, 0x040012, 0x040000, 0x040000,
	0x040012, 0x040012, 0x040000, 0x040000, 0x040000, 0x040000, 0x040012, 0x040012,
	0x040000, 0x040000, 0x040000, 0x040000, 0x040012, 0x040012, 0x040000, 0x040000,
	0x040000, 0x040000, 0x040012, 0x040012, 0x040000, 0x040000, 0x040000, 0x040000,
	0x040012, 0x040012, 0x040000, 0x040000, 0x040000, 0x040000, 0x040012, 0x040012,
	0x040000, 0x040000, 0x040000, 0x040000, 0x040012, 0x040012, 0x040000, 0x040000,
	0x040000, 0x040000, 0x040012, 0x040012, 0x040000, 0x040000, 0x040000, 0x040000,
	0x040012, 0x040012, 0x040000, 0x040000, 0x052492, 0x050492, 0x052492, 0x050492,
	0x052092, 0x050092, 0x052092, 0x050092, 0x052412, 0x050412, 0x052412, 0x050412,
	0x052012, 0x050012, 0x052012, 0x050012, 0x042492, 0x040492, 0x042492, 0x040492,
	0x042092, 0x040092, 0x042092, 0x040092, 0x042412, 0x040412, 0x042412, 0x040412,
	0x042012, 0x040012, 0x042012, 0x040012, 0x1fffff, 0x1fffff, 0x000000, 0x000000,
	0x000000, 0x000000, 0x000000, 0x000000, 0x000000, 0x000000, 0x000000, 0x000000,
	0x000000, 0x000000, 0x000000, 0x000000, 0x000000, 0x000000, 0x000000, 0x000000,
	0x000000, 0x000000, 0x000000, 0x000000, 0x000000, 0x000000, 0x000000, 0x000000,
	0x000000, 0x000000, 0x000000, 0x000000, 0x000000, 0x000000, 0x000000, 0x000000,
	0x000000, 0x000000, 0x000000, 0x000000, 0x000000, 0x000000, 0x000000, 0x000000,
	0x000000, 0x000000, 0x000000, 0x000000, 0x000000, 0x000000, 0x000000, 0x000000,
	0x000000, 0x000000, 0x000000, 0x000000, 0x000000, 0x000000, 0x000000, 0x000000,
	0x000000, 0x000000, 0x000000, 0x000000, 0x000000, 0x000000, 0x000000, 0x000000,
	0x000000, 0x000000, 0x000000, 0x000000, 0x000000, 0x000000, 0x000000, 0x000000,
	0x000000, 0x000000, 0x000000, 0x000000, 0x000000, 0x000000, 0x000000, 0x000000,
	0x000000, 0x000000, 0x000000, 0x000000, 0x000000, 0x000000, 0x000000, 0x000000,
	0x000000, 0x000000, 0x000000, 0x000000, 0x000000, 0x000000, 0x000000, 0x000000,
	0x000000, 0x000000, 0x000000, 0x000000, 0x000000, 0x000000, 0x000000, 0x000000,
	0x000000, 0x000000, 0x000000, 0x000000, 0x000000, 0x000000, 0x000000, 0x000000,
	0x000000, 0x000000, 0x000000, 0x000000, 0x000000, 0x000000, 0x000000, 0x000000,
	0x000000, 0x000000, 0x000000, 0x000000, 0x000000, 0x000000, 0x000000, 0x000000,
	0x000000, 0x000000, 0x000000, 0x000000, 0x000000, 0x000000, 0x000000, 0x000000,
	0x000000, 0x000000, 0x000000, 0x000000, 0x000000, 0x000000, 0x000000, 0x000000,
	0x000000, 0x000000, 0x000000, 0x000000, 0x000000, 0x000000, 0x000000, 0x000000,
	0x000000, 0x000000, 0x000000, 0x000000, 0x000000, 0x000000, 0x000000, 0x000000,
	0x000000, 0x000000, 0x000000, 0x000000, 0x000000, 0x000000, 0x000000, 0x000000,
	0x000000, 0x000000, 0x000000, 0x000000, 0x000000, 0x000000, 0x000000, 0x000000,
	0x000000, 0x000000, 0x000000, 0x000000, 0x000000, 0x000000, 0x000000, 0x000000,
	0x000000, 0x000000, 0x000000, 0x000000, 0x000000, 0x000000, 0x000000, 0x000000,
	0x000000, 0x000000, 0x000000, 0x000000, 0x000000, 0x000000, 0x000000, 0x000000,
	0x000000, 0x000000, 0x000000, 0x000000, 0x000000, 0x000000, 0x000000, 0x000000,
	0x000000, 0x000000, 0x000000, 0x000000, 0x000000, 0x000000, 0x000000, 0x000000,
	0x000000, 0x000000, 0x000000, 0x000000, 0x000000, 0x000000, 0x000000, 0x000000,
	0x000000, 0x000000, 0x000000, 0x000000, 0x000000, 0x000000, 0x000000, 0x000000,
	0x000000, 0x000000, 0x000000, 0x000000, 0x000000, 0x000000, 0x000000, 0x000000,
	0x000000, 0x000000, 0x000000, 0x000000, 0x000000, 0x000000, 0x000000, 0x000000,
	0x000000, 0x000000, 0x000000, 0x000000, 0x000000, 0x000000, 0x000000, 0x000000,
	0x000000, 0x000000, 0x000000, 0x000000, 0x000000, 0x000000, 0x000000, 0x000000,
	0x000000, 0x000000, 0x000000, 0x000000, 0x000000, 0x000000, 0x000000, 0x000000,
	0x000000, 0x000000, 0x000000, 0x000000, 0x000000, 0x000000, 0x000000, 0x000000,
	0x000000, 0x000000, 0x000000, 0x000000, 0x000000, 0x000000, 0x000000, 0x000000,
	0x000000, 0x000000, 0x000000, 0x000000, 0x000000, 0x000000, 0x000000, 0x000000,
	0x000000, 0x000000, 0x000000, 0x000000, 0x000000, 0x000000, 0x000000, 0x000000,
	0x000000, 0x000000, 0x000000, 0x000000, 0x000000, 0x000000, 0x040000, 0x040000,
	0x040010, 0x040010, 0x040000, 0x040000, 0x040010, 0x040010, 0x040000, 0x040000,
	0x040010, 0x040010, 0x040000, 0x040000, 0x040010, 0x040010, 0x040000, 0x040000,
	0x040010, 0x040010, 0x040000, 0x040000, 0x040010, 0x040010, 0x040000, 0x040000,
	0x040010, 0x040010, 0x040000, 0x040000, 0x040010, 0x040010, 0x0401f8, 0x0401f8,
	0x0471f8, 0x0471f8, 0x0781f8, 0x0781f8, 0x040038, 0x040038, 0x040038, 0x040038,
	0x0401c7, 0x0401c7, 0x0471c7, 0x0471c7, 0x0781c7, 0x0781c7, 0x040007, 0x040007,
	0x040007, 0x040007, 0x040e38, 0x040e38, 0x078e38, 0x078e38, 0x047e38, 0x047e38,
	0x040038, 0x040038, 0x040038, 0x040038, 0x040e07, 0x040e07, 0x078e07, 0x078e07,
	0x047e07, 0x047e07, 0x040007, 0x040007, 0x040007, 0x040007, 0x047038, 0x047038,
	0x047e38, 0x047e38, 0x0471f8, 0x0471f8, 0x040038, 0x040038, 0x040038, 0x040038,
	0x047007, 0x047007, 0x047e07, 0x047e07, 0x0471c7, 0x0471c7, 0x040007, 0x040007,
	0x040007, 0x040007, 0x078038, 0x078038, 0x0781f8, 0x0781f8, 0x078e38, 0x078e38,
	0x040038, 0x040038, 0x040038, 0x040038, 0x078007, 0x078007, 0x0781c7, 0x0781c7,
	0x078e07, 0x078e07, 0x040007, 0x040007, 0x040007, 0x040007, 0x0401f8, 0x0401f8,
	0x0471f8, 0x0471f8, 0x0781f8, 0x0781f8, 0x040038, 0x040038, 0x040038, 0x040038,
	0x0401c7, 0x0401c7, 0x0471c7, 0x0471c7, 0x0781c7, 0x0781c7, 0x040007, 0x040007,
	0x040007, 0x040007, 0x040e38, 0x040e38, 0x078e38, 0x078e38, 0x047e38, 0x047e38,
	0x040038, 0x040038, 0x040038, 0x040038, 0x040e07, 0x040e07, 0x078e07, 0x078e07,
	0x047e07, 0x047e07, 0x040007, 0x040007, 0x040007, 0x040007, 0x047038, 0x047038,
	0x047e38, 0x047e38, 0x0471f8, 0x0471f8, 0x040038, 0x040038, 0x040038, 0x040038,
	0x047007, 0x047007, 0x047e07, 0x047e07, 0x0471c7, 0x0471c7, 0x040007, 0x040007,
	0x040007, 0x040007, 0x078038, 0x078038, 0x0781f8, 0x0781f8, 0x078e38, 0x078e38,
	0x040038, 0x040038, 0x040038, 0x040038, 0x078007, 0x078007, 0x0781c7, 0x0781c7,
	0x078e07, 0x078e07, 0x040007, 0x040007, 0x040007, 0x040007, 0x0401f8, 0x0401f8,
	0x0471f8, 0x0471f8, 0x0781f8, 0x0781f8, 0x040038, 0x040038, 0x040038, 0x040038,
	0x0401c7, 0x0401c7, 0x0471c7, 0x0471c7, 0x0781c7, 0x0781c7, 0x040007, 0x040007,
	0x040007, 0x040007, 0x040e38, 0x040e38, 0x078e38, 0x078e38, 0x047e38, 0x047e38,
	0x040038, 0x040038, 0x040038, 0x040038, 0x040e07, 0x040e07, 0x078e07, 0x078e07,
	0x047e07, 0x047e07, 0x040007, 0x040007, 0x040007, 0x040007, 0x047038, 0x047038,
	0x047e38, 0x047e38, 0x0471f8, 0x0471f8, 0x040038, 0x040038, 0x040038, 0x040038,
	0x047007, 0x047007, 0x047e07, 0x047e07, 0x0471c7, 0x0471c7, 0x040007, 0x040007,
	0x040007, 0x040007, 0x078038, 0x078038, 0x0781f8, 0x0781f8, 0x078e38, 0x078e38,
	0x040038, 0x040038, 0x040038, 0x040038, 0x078007, 0x078007, 0x0781c7, 0x0781c7,
	0x078e07, 0x078e07, 0x040007, 0x040007, 0x040007, 0x040007, 0x1fffff, 0x1fffff,
	0x000002, 0x1fffff, 0x1fffff, 0x0401f8, 0x0401f8, 0x0471f8, 0x0471f8, 0x0781f8,
	0x0781f8, 0x040038, 0x040038, 0x040038, 0x040038, 0x0401c7, 0x0401c7, 0x0471c7,
	0x0471c7, 0x0781c7, 0x0781c7, 0x040007, 0x040007, 0x040007, 0x040007, 0x040e38,
	0x040e38, 0x078e38, 0x078e38, 0x047e38, 0x047e38, 0x040038, 0x040038, 0x040038,
	0x040038, 0x040e07, 0x040e07, 0x078e07, 0x078e07, 0x047e07, 0x047e07, 0x040007,
	0x040007, 0x040007, 0x040007, 0x047038, 0x047038, 0x047e38, 0x047e38, 0x0471f8,
	0x0471f8, 0x040038, 0x040038, 0x040038, 0x040038, 0x047007, 0x047007, 0x047e07,
	0x047e07, 0x0471c7, 0x0471c7, 0x040007, 0x040007, 0x040007, 0x040007, 0x078038,
	0x078038, 0x0781f8, 0x0781f8, 0x078e38, 0x078e38, 0x040038, 0x040038, 0x040038,
	0x040038, 0x078007, 0x078007, 0x0781c7, 0x0781c7, 0x078e07, 0x078e07, 0x040007,
	0x040007, 0x040007, 0x040007, 0x040038, 0x040038, 0x040007, 0x040007, 0x1fffff,
	0x1fffff, 0x040012, 0x042012, 0x042012, 0x040012, 0x042012, 0x042012, 0x000000,
	0x042012, 0x042012, 0x000000, 0x042012, 0x042012, 0x040412, 0x042412, 0x042412,
	0x040412, 0x042412, 0x042412, 0x040412, 0x042412, 0x042412, 0x040412, 0x042412,
	0x042412, 0x040412, 0x042412, 0x042412, 0x040412, 0x042412, 0x042412, 0x040412,
	0x042412, 0x042412, 0x040412, 0x042412, 0x042412, 0x040092, 0x042092, 0x042092,
	0x040092, 0x042092, 0x042092, 0x040092, 0x042092, 0x042092, 0x040092, 0x042092,
	0x042092, 0x040492, 0x042492, 0x042492, 0x040492, 0x042492, 0x042492, 0x040492,
	0x042492, 0x042492, 0x040492, 0x042492, 0x042492, 0x040492, 0x042492, 0x042492,
	0x040492, 0x042492, 0x042492, 0x040492, 0x042492, 0x042492, 0x040492, 0x042492,
	0x042492, 0x040092, 0x042092, 0x042092, 0x040092, 0x042092, 0x042092, 0x040092,
	0x042092, 0x042092, 0x040092, 0x042092, 0x042092, 0x040492, 0x042492, 0x042492,
	0x040492, 0x042492, 0x042492, 0x040492, 0x042492, 0x042492, 0x040492, 0x042492,
	0x042492, 0x040492, 0x042492, 0x042492, 0x040492, 0x042492, 0x042492, 0x040492,
	0x042492, 0x042492, 0x040492, 0x042492, 0x042492, 0x050012, 0x052012, 0x052012,
	0x050012, 0x052012, 0x052012, 0x050012, 0x052012, 0x052012, 0x050012, 0x052012,
	0x052012, 0x050412, 0x052412, 0x052412, 0x050412, 0x052412, 0x052412, 0x050412,
	0x052412, 0x052412, 0x050412, 0x052412, 0x052412, 0x050412, 0x052412, 0x052412,
	0x050412, 0x052412, 0x052412, 0x050412, 0x052412, 0x052412, 0x050412, 0x052412,
	0x052412, 0x050092, 0x052092, 0x052092, 0x050092, 0x052092, 0x052092, 0x050092,
	0x052092, 0x052092, 0x050092, 0x052092, 0x052092, 0x050492, 0x052492, 0x052492,
	0x050492, 0x052492, 0x052492, 0x050492, 0x052492, 0x052492, 0x050492, 0x052492,
	0x052492, 0x050492, 0x052492, 0x052492, 0x050492, 0x052492, 0x052492, 0x050492,
	0x052492, 0x052492, 0x050492, 0x052492, 0x052492, 0x050092, 0x052092, 0x052092,
	0x050092, 0x052092, 0x052092, 0x050092, 0x052092, 0x052092, 0x050092, 0x052092,
	0x052092, 0x050492, 0x052492, 0x052492, 0x050492, 0x052492, 0x052492, 0x050492,
	0x052492, 0x052492, 0x050492, 0x052492, 0x052492, 0x050492, 0x052492, 0x052492,
	0x050492, 0x052492, 0x052492, 0x050492, 0x052492, 0x052492, 0x050492, 0x052492,
	0x052492, 0x050012, 0x052012, 0x052012, 0x050012, 0x052012, 0x052012, 0x050012,
	0x052012, 0x052012, 0x050012, 0x052012, 0x052012, 0x050412, 0x052412, 0x052412,
	0x050412, 0x052412, 0x052412, 0x050412, 0x052412, 0x052412, 0x050412, 0x052412,
	0x052412, 0x050412, 0x052412, 0x052412, 0x050412, 0x052412, 0x052412, 0x050412,
	0x052412, 0x052412, 0x050412, 0x052412, 0x052412, 0x050092, 0x052092, 0x052092,
	0x050092, 0x052092, 0x052092, 0x050092, 0x052092, 0x052092, 0x050092, 0x052092,
	0x052092, 0x050492, 0x052492, 0x052492, 0x050492, 0x052492, 0x052492, 0x050492,
	0x052492, 0x052492, 0x050492, 0x052492, 0x052492, 0x050492, 0x052492, 0x052492,
	0x050492, 0x052492, 0x052492, 0x050492, 0x052492, 0x052492, 0x050492, 0x052492,
	0x052492, 0x050092, 0x052092, 0x052092, 0x050092, 0x052092, 0x052092, 0x050092,
	0x052092, 0x052092, 0x050092, 0x052092, 0x052092, 0x050492, 0x052492, 0x052492,
	0x050492, 0x052492, 0x052492, 0x050492, 0x052492, 0x052492, 0x050492, 0x052492,
	0x052492, 0x050492, 0x052492, 0x052492, 0x050492, 0x052492, 0x052492, 0x050492,
	0x052492, 0x052492, 0x050492, 0x052492, 0x052492, 0x1fffff, 0x1fffff, 0x052492,
	0x050492, 0x052492, 0x050492, 0x052092, 0x050092, 0x052092, 0x050092, 0x052412,
	0x050412, 0x052412, 0x050412, 0x052012, 0x050012, 0x052012, 0x050012, 0x042492,
	0x040492, 0x042492, 0x040492, 0x042092, 0x040092, 0x042092, 0x040092, 0x042412,
	0x040412, 0x042412, 0x040412, 0x042012, 0x040012, 0x042012, 0x040012, 0x0401f8,
	0x0401f8, 0x0471f8, 0x0471f8, 0x0781f8, 0x0781f8, 0x040038, 0x040038, 0x040038,
	0x040038, 0x0401c7, 0x0401c7, 0x0471c7, 0x0471c7, 0x0781c7, 0x0781c7, 0x040007,
	0x040007, 0x040007, 0x040007, 0x040e38, 0x040e38, 0x078e38, 0x078e38, 0x047e38,
	0x047e38, 0x040038, 0x040038, 0x040038, 0x040038, 0x040e07, 0x040e07, 0x078e07,
	0x078e07, 0x047e07, 0x047e07, 0x040007, 0x040007, 0x040007, 0x040007, 0x047038,
	0x047038, 0x047e38, 0x047e38, 0x0471f8, 0x0471f8, 0x040038, 0x040038, 0x040038,
	0x040038, 0x047007, 0x047007, 0x047e07, 0x047e07, 0x0471c7, 0x0471c7, 0x040007,
	0x040007, 0x040007, 0x040007, 0x078038, 0x078038, 0x0781f8, 0x0781f8, 0x078e38,
	0x078e38, 0x040038, 0x040038, 0x040038, 0x040038, 0x078007, 0x078007, 0x0781c7,
	0x0781c7, 0x078e07, 0x078e07, 0x040007, 0x040007, 0x040007, 0x040007, 0x000000,
	0x000000, 0x000000, 0x000000, 0x052487, 0x040002, 0x040002, 0x040002, 0x040002,
	0x040002, 0x040002, 0x040002, 0x040002, 0x040020, 0x040020, 0x040020, 0x040020,
	0x040020, 0x040020, 0x040020, 0x040020, 0x000000, 0x052497, 0x052497, 0x052497,
	0x052497, 0x052487, 0x052487, 0x052487, 0x052487, 0x1fffff, 0x040012, 0x1fffff,
	0x1fffff, 0x000000, 0x000000, 0x000000, 0x000000, 0x000000, 0x000000, 0x000000,
	0x000000, 0x000000, 0x000000, 0x000000, 0x000000, 0x0401f8, 0x0401f8, 0x0471f8,
	0x0471f8, 0x0781f8, 0x0781f8, 0x040038, 0x040038, 0x040038, 0x040038, 0x0401c7,
	0x0401c7, 0x0471c7, 0x0471c7, 0x0781c7, 0x0781c7, 0x040007, 0x040007, 0x040007,
	0x040007, 0x040e38, 0x040e38, 0x078e38, 0x078e38, 0x047e38, 0x047e38, 0x040038,
	0x040038, 0x040038, 0x040038, 0x040e07, 0x040e07, 0x078e07, 0x078e07, 0x047e07,
	0x047e07, 0x040007, 0x040007, 0x040007, 0x040007, 0x047038, 0x047038, 0x047e38,
	0x047e38, 0x0471f8, 0x0471f8, 0x040038, 0x040038, 0x040038, 0x040038, 0x047007,
	0x047007, 0x047e07, 0x047e07, 0x0471c7, 0x0471c7, 0x040007, 0x040007, 0x040007,
	0x040007, 0x078038, 0x078038, 0x0781f8, 0x0781f8, 0x078e38, 0x078e38, 0x040038,
	0x040038, 0x040038, 0x040038, 0x078007, 0x078007, 0x0781c7, 0x0781c7, 0x078e07,
	0x078e07, 0x040007, 0x040007, 0x040007, 0x040007, 0x1fffff, 0x1fffff, 0x040002,
	0x040002, 0x040002, 0x040002, 0x040002, 0x040002, 0x040002, 0x040002, 0x000000,
	0x000000, 0x000000, 0x000000, 0x000000, 0x000000, 0x000000, 0x000000, 0x000000,
	0x000000, 0x000000, 0x000000, 0x000000, 0x000000, 0x000000, 0x000000, 0x000000,
	0x000000, 0x000000, 0x000000, 0x000000, 0x000000, 0x000000, 0x000000, 0x000000,
	0x000000, 0x000000, 0x000000, 0x000000, 0x000000, 0x000000, 0x000000, 0x000000,
	0x000000, 0x000000, 0x000000, 0x000000, 0x000000, 0x000000, 0x000000, 0x000000,
	0x000000, 0x000000, 0x000000, 0x000000, 0x000000, 0x000000, 0x000000, 0x000000,
	0x000000, 0x000000, 0x000000, 0x000000, 0x000000, 0x000000, 0x000000, 0x000000,
	0x000000, 0x000000, 0x000000, 0x000000, 0x000000, 0x000000, 0x000000, 0x000000,
	0x000000, 0x000000, 0x000000, 0x000000, 0x000000, 0x000000, 0x000000, 0x000000,
	0x000000, 0x000000, 0x000000, 0x000000, 0x000000, 0x000000, 0x000000, 0x000000,
	0x000000, 0x000000, 0x000000, 0x000000, 0x000000, 0x000000, 0x000000, 0x000000,
	0x000000, 0x000000, 0x000000, 0x000000, 0x000000, 0x000000, 0x000000, 0x000000,
	0x000000, 0x000000, 0x000000, 0x000000, 0x000000, 0x000000, 0x000000, 0x000000,
	0x000000, 0x000000, 0x000000, 0x000000, 0x000000, 0x000000, 0x000000, 0x000000,
	0x000000, 0x000000, 0x000000, 0x000000, 0x000000, 0x000000, 0x000000, 0x000000,
	0x000000, 0x000000, 0x000000, 0x000000, 0x000000, 0x000000, 0x000000, 0x000000,
	0x000000, 0x000000, 0x000000, 0x000000, 0x000000, 0x000000, 0x000000, 0x000000,
	0x000000, 0x000000, 0x000000, 0x000000, 0x000000, 0x000000, 0x000000, 0x1fffff,
	0x0401f8, 0x0401f8, 0x0471f8, 0x0471f8, 0x0781f8, 0x0781f8, 0x040038, 0x040038,
	0x040038, 0x040038, 0x0401c7, 0x0401c7, 0x0471c7, 0x0471c7, 0x0781c7, 0x0781c7,
	0x040007, 0x040007, 0x040007, 0x040007, 0x040e38, 0x040e38, 0x078e38, 0x078e38,
	0x047e38, 0x047e38, 0x040038, 0x040038, 0x040038, 0x040038, 0x040e07, 0x040e07,
	0x078e07, 0x078e07, 0x047e07, 0x047e07, 0x040007, 0x040007, 0x040007, 0x040007,
	0x047038, 0x047038, 0x047e38, 0x047e38, 0x0471f8, 0x0471f8, 0x040038, 0x040038,
	0x040038, 0x040038, 0x047007, 0x047007, 0x047e07, 0x047e07, 0x0471c7, 0x0471c7,
	0x040007, 0x040007, 0x040007, 0x040007, 0x078038, 0x078038, 0x0781f8, 0x0781f8,
	0x078e38, 0x078e38, 0x040038, 0x040038, 0x040038, 0x040038, 0x078007, 0x078007,
	0x0781c7, 0x0781c7, 0x078e07, 0x078e07, 0x040007, 0x040007, 0x040007, 0x040007,
	0x0401f8, 0x0401f8, 0x0471f8, 0x0471f8, 0x0781f8, 0x0781f8, 0x040038, 0x040038,
	0x040038, 0x040038, 0x0401c7, 0x0401c7, 0x0471c7, 0x0471c7, 0x0781c7, 0x0781c7,
	0x040007, 0x040007, 0x040007, 0x040007, 0x040e38, 0x040e38, 0x078e38, 0x078e38,
	0x047e38, 0x047e38, 0x040038, 0x040038, 0x040038, 0x040038, 0x040e07, 0x040e07,
	0x078e07, 0x078e07, 0x047e07, 0x047e07, 0x040007, 0x040007, 0x040007, 0x040007,
	0x047038, 0x047038, 0x047e38, 0x047e38, 0x0471f8, 0x0471f8, 0x040038, 0x040038,
	0x040038, 0x040038, 0x047007, 0x047007, 0x047e07, 0x047e07, 0x0471c7, 0x0471c7,
	0x040007, 0x040007, 0x040007, 0x040007, 0x078038, 0x078038, 0x0781f8, 0x0781f8,
	0x078e38, 0x078e38, 0x040038, 0x040038, 0x040038, 0x040038, 0x078007, 0x078007,
	0x0781c7, 0x0781c7, 0x078e07, 0x078e07, 0x040007, 0x040007, 0x040007, 0x040007,
	0x0401f8, 0x0401f8, 0x0471f8, 0x0471f8, 0x0781f8, 0x0781f8, 0x040038, 0x040038,
	0x040038, 0x040038, 0x0401c7, 0x0401c7, 0x0471c7, 0x0471c7, 0x0781c7, 0x0781c7,
	0x040007, 0x040007, 0x040007, 0x040007, 0x040e38, 0x040e38, 0x078e38, 0x078e38,
	0x047e38, 0x047e38, 0x040038, 0x040038, 0x040038, 0x040038, 0x040e07, 0x040e07,
	0x078e07, 0x078e07, 0x047e07, 0x047e07, 0x040007, 0x040007, 0x040007, 0x040007,
	0x047038, 0x047038, 0x047e38, 0x047e38, 0x0471f8, 0x0471f8, 0x040038, 0x040038,
	0x040038, 0x040038, 0x047007, 0x047007, 0x047e07, 0x047e07, 0x0471c7, 0x0471c7,
	0x040007, 0x040007, 0x040007, 0x040007, 0x078038, 0x078038, 0x0781f8, 0x0781f8,
	0x078e38, 0x078e38, 0x040038, 0x040038, 0x040038, 0x040038, 0x078007, 0x078007,
	0x0781c7, 0x0781c7, 0x078e07, 0x078e07, 0x040007, 0x040007, 0x040007, 0x040007,
	0x1fffff, 0x1fffff, 0x1fffff, 0x1fffff, 0x1fffff, 0x1fffff, 0x1fffff, 0x1fffff,
	0x1fffff, 0x1fffff, 0x1fffff, 0x1fffff, 0x1fffff, 0x040012, 0x042012, 0x042012,
	0x040012, 0x042012, 0x042012, 0x040000, 0x042012, 0x042012, 0x040000, 0x042012,
	0x042012, 0x040412, 0x042412, 0x042412, 0x040412, 0x042412, 0x042412, 0x040412,
	0x042412, 0x042412, 0x040412, 0x042412, 0x042412, 0x040412, 0x042412, 0x042412,
	0x040412, 0x042412, 0x042412, 0x040412, 0x042412, 0x042412, 0x040412, 0x042412,
	0x042412, 0x040092, 0x042092, 0x042092, 0x040092, 0x042092, 0x042092, 0x040092,
	0x042092, 0x042092, 0x040092, 0x042092, 0x042092, 0x040492, 0x042492, 0x042492,
	0x040492, 0x042492, 0x042492, 0x040492, 0x042492, 0x042492, 0x040492, 0x042492,
	0x042492, 0x040492, 0x042492, 0x042492, 0x040492, 0x042492, 0x042492, 0x040492,
	0x042492, 0x042492, 0x040492, 0x042492, 0x042492, 0x040092, 0x042092, 0x042092,
	0x040092, 0x042092, 0x042092, 0x040092, 0x042092, 0x042092, 0x040092, 0x042092,
	0x042092, 0x040492, 0x042492, 0x042492, 0x040492, 0x042492, 0x042492, 0x040492,
	0x042492, 0x042492, 0x040492, 0x042492, 0x042492, 0x040492, 0x042492, 0x042492,
	0x040492, 0x042492, 0x042492, 0x040492, 0x042492, 0x042492, 0x040492, 0x042492,
	0x042492, 0x050012, 0x052012, 0x052012, 0x050012, 0x052012, 0x052012, 0x050012,
	0x052012, 0x052012, 0x050012, 0x052012, 0x052012, 0x050412, 0x052412, 0x052412,
	0x050412, 0x052412, 0x052412, 0x050412, 0x052412, 0x052412, 0x050412, 0x052412,
	0x052412, 0x050412, 0x052412, 0x052412, 0x050412, 0x052412, 0x052412, 0x050412,
	0x052412, 0x052412, 0x050412, 0x052412, 0x052412, 0x050092, 0x052092, 0x052092,
	0x050092, 0x052092, 0x052092, 0x050092, 0x052092, 0x052092, 0x050092, 0x052092,
	0x052092, 0x050492, 0x052492, 0x052492, 0x050492, 0x052492, 0x052492, 0x050492,
	0x052492, 0x052492, 0x050492, 0x052492, 0x052492, 0x050492, 0x052492, 0x052492,
	0x050492, 0x052492, 0x052492, 0x050492, 0x052492, 0x052492, 0x050492, 0x052492,
	0x052492, 0x050092, 0x052092, 0x052092, 0x050092, 0x052092, 0x052092, 0x050092,
	0x052092, 0x052092, 0x050092, 0x052092, 0x052092, 0x050492, 0x052492, 0x052492,
	0x050492, 0x052492, 0x052492, 0x050492, 0x052492, 0x052492, 0x050492, 0x052492,
	0x052492, 0x050492, 0x052492, 0x052492, 0x050492, 0x052492, 0x052492, 0x050492,
	0x052492, 0x052492, 0x050492, 0x052492, 0x052492, 0x050012, 0x052012, 0x052012,
	0x050012, 0x052012, 0x052012, 0x050012, 0x052012, 0x052012, 0x050012, 0x052012,
	0x052012, 0x050412, 0x052412, 0x052412, 0x050412, 0x052412, 0x052412, 0x050412,
	0x052412, 0x052412, 0x050412, 0x052412, 0x052412, 0x050412, 0x052412, 0x052412,
	0x050412, 0x052412, 0x052412, 0x050412, 0x052412, 0x052412, 0x050412, 0x052412,
	0x052412, 0x050092, 0x052092, 0x052092, 0x050092, 0x052092, 0x052092, 0x050092,
	0x052092, 0x052092, 0x050092, 0x052092, 0x052092, 0x050492, 0x052492, 0x052492,
	0x050492, 0x052492, 0x052492, 0x050492, 0x052492, 0x052492, 0x050492, 0x052492,
	0x052492, 0x050492, 0x052492, 0x052492, 0x050492, 0x052492, 0x052492, 0x050492,
	0x052492, 0x052492, 0x050492, 0x052492, 0x052492, 0x050092, 0x052092, 0x052092,
	0x050092, 0x052092, 0x052092, 0x050092, 0x052092, 0x052092, 0x050092, 0x052092,
	0x052092, 0x050492, 0x052492, 0x052492, 0x050492, 0x052492, 0x052492, 0x050492,
	0x052492, 0x052492, 0x050492, 0x052492, 0x052492, 0x050492, 0x052492, 0x052492,
	0x050492, 0x052492, 0x052492, 0x050492, 0x052492, 0x052492, 0x050492, 0x052492,
	0x052492, 0x040012, 0x042012, 0x042012, 0x040012, 0x042012, 0x042012, 0x040000,
	0x042012, 0x042012, 0x040000, 0x042012, 0x042012, 0x040412, 0x042412, 0x042412,
	0x040412, 0x042412, 0x042412, 0x040412, 0x042412, 0x042412, 0x040412, 0x042412,
	0x042412, 0x040412, 0x042412, 0x042412, 0x040412, 0x042412, 0x042412, 0x040412,
	0x042412, 0x042412, 0x040412, 0x042412, 0x042412, 0x040092, 0x042092, 0x042092,
	0x040092, 0x042092, 0x042092, 0x040092, 0x042092, 0x042092, 0x040092, 0x042092,
	0x042092, 0x040492, 0x042492, 0x042492, 0x040492, 0x042492, 0x042492, 0x040492,
	0x042492, 0x042492, 0x040492, 0x042492, 0x042492, 0x040492, 0x042492, 0x042492,
	0x040492, 0x042492, 0x042492, 0x040492, 0x042492, 0x042492, 0x040492, 0x042492,
	0x042492, 0x040092, 0x042092, 0x042092, 0x040092, 0x042092, 0x042092, 0x040092,
	0x042092, 0x042092, 0x040092, 0x042092, 0x042092, 0x040492, 0x042492, 0x042492,
	0x040492, 0x042492, 0x042492, 0x040492, 0x042492, 0x042492, 0x040492, 0x042492,
	0x042492, 0x040492, 0x042492, 0x042492, 0x040492, 0x042492, 0x042492, 0x040492,
	0x042492, 0x042492, 0x040492, 0x042492, 0x042492, 0x050012, 0x052012, 0x052012,
	0x050012, 0x052012, 0x052012, 0x050012, 0x052012, 0x052012, 0x050012, 0x052012,
	0x052012, 0x050412, 0x052412, 0x052412, 0x050412, 0x052412, 0x052412, 0x050412,
	0x052412, 0x052412, 0x050412, 0x052412, 0x052412, 0x050412, 0x052412, 0x052412,
	0x050412, 0x052412, 0x052412, 0x050412, 0x052412, 0x052412, 0x050412, 0x052412,
	0x052412, 0x050092, 0x052092, 0x052092, 0x050092, 0x052092, 0x052092, 0x050092,
	0x052092, 0x052092, 0x050092, 0x052092, 0x052092, 0x050492, 0x052492, 0x052492,
	0x050492, 0x052492, 0x052492, 0x050492, 0x052492, 0x052492, 0x050492, 0x052492,
	0x052492, 0x050492, 0x052492, 0x052492, 0x050492, 0x052492, 0x052492, 0x050492,
	0x052492, 0x052492, 0x050492, 0x052492, 0x052492, 0x050092, 0x052092, 0x052092,
	0x050092, 0x052092, 0x052092, 0x050092, 0x052092, 0x052092, 0x050092, 0x052092,
	0x052092, 0x050492, 0x052492, 0x052492, 0x050492, 0x052492, 0x052492, 0x050492,
	0x052492, 0x052492, 0x050492, 0x052492, 0x052492, 0x050492, 0x052492, 0x052492,
	0x050492, 0x052492, 0x052492, 0x050492, 0x052492, 0x052492, 0x050492, 0x052492,
	0x052492, 0x050012, 0x052012, 0x052012, 0x050012, 0x052012, 0x052012, 0x050012,
	0x052012, 0x052012, 0x050012, 0x052012, 0x052012, 0x050412, 0x052412, 0x052412,
	0x050412, 0x052412, 0x052412, 0x050412, 0x052412, 0x052412, 0x050412, 0x052412,
	0x052412, 0x050412, 0x052412, 0x052412, 0x050412, 0x052412, 0x052412, 0x050412,
	0x052412, 0x052412, 0x050412, 0x052412, 0x052412, 0x050092, 0x052092, 0x052092,
	0x050092, 0x052092, 0x052092, 0x050092, 0x052092, 0x052092, 0x050092, 0x052092,
	0x052092, 0x050492, 0x052492, 0x052492, 0x050492, 0x052492, 0x052492, 0x050492,
	0x052492, 0x052492, 0x050492, 0x052492, 0x052492, 0x050492, 0x052492, 0x052492,
	0x050492, 0x052492, 0x052492, 0x050492, 0x052492, 0x052492, 0x050492, 0x052492,
	0x052492, 0x050092, 0x052092, 0x052092, 0x050092, 0x052092, 0x052092, 0x050092,
	0x052092, 0x052092, 0x050092, 0x052092, 0x052092, 0x050492, 0x052492, 0x052492,
	0x050492, 0x052492, 0x052492, 0x050492, 0x052492, 0x052492, 0x050492, 0x052492,
	0x052492, 0x050492, 0x052492, 0x052492, 0x050492, 0x052492, 0x052492, 0x050492,
	0x052492, 0x052492, 0x050492, 0x052492, 0x052492, 0x000002, 0x000002, 0x000002,
	0x000002, 0x000002, 0x000002, 0x000002, 0x000002, 0x000002, 0x000002, 0x000002,
	0x000002, 0x000002, 0x000002, 0x000002, 0x000002, 0x000002, 0x000002, 0x000002,
	0x000002, 0x000002, 0x000002, 0x000002, 0x000002, 0x000002, 0x000002, 0x000002,
	0x000002, 0x000002, 0x000002, 0x000000, 0x000000, 0x000000, 0x000000, 0x000000,
	0x000000, 0x000000, 0x000000, 0x000000, 0x000000, 0x000000, 0x000000, 0x000000,
	0x000000, 0x000000, 0x000000, 0x000000, 0x000000, 0x000000, 0x000000, 0x000000,
	0x000000, 0x000000, 0x000000, 0x000000, 0x000000, 0x000000, 0x000000, 0x000000,
	0x000000, 0x000000, 0x000000, 0x000000, 0x000000, 0x000000, 0x000000, 0x000000,
	0x000000, 0x000000, 0x000000, 0x000000, 0x000000, 0x000000, 0x000000, 0x000000,
	0x000000, 0x000000, 0x000000, 0x000000, 0x000000, 0x000000, 0x000000, 0x000000,
	0x000000, 0x000000, 0x000000, 0x000000, 0x000000, 0x000000, 0x000000, 0x000000,
	0x000000, 0x000000, 0x000000, 0x000000, 0x000000, 0x000000, 0x000000, 0x000000,
	0x000000, 0x000000, 0x000000, 0x000000, 0x000000, 0x000000, 0x000000, 0x000000,
	0x000000, 0x000000, 0x000000, 0x000000, 0x000000, 0x000000, 0x000000, 0x000000,
	0x000000, 0x000000, 0x000000, 0x000000, 0x000000, 0x000000, 0x000000, 0x000000,
	0x000000, 0x000000, 0x000000, 0x000000, 0x000000, 0x000000, 0x000000, 0x000000,
	0x000000, 0x000000, 0x000000, 0x000000, 0x000000, 0x000000, 0x000000, 0x000000,
	0x000000, 0x000000, 0x000000, 0x000000, 0x000000, 0x000000, 0x000000, 0x000000,
	0x000000, 0x000000, 0x000000, 0x000000, 0x000000, 0x000000, 0x000000, 0x000000,
	0x000000, 0x000000, 0x000000, 0x000000, 0x000000, 0x000000, 0x000000, 0x000000,
	0x000000, 0x000000, 0x000000, 0x000000, 0x000000, 0x000000, 0x000000, 0x000000,
	0x000000, 0x000000, 0x000000, 0x000000, 0x000000, 0x000000, 0x000000, 0x000000,
	0x000000, 0x000000, 0x000000, 0x000000, 0x000000, 0x000000, 0x000000, 0x000000,
	0x000000, 0x000000, 0x000000, 0x000000, 0x000000, 0x000000, 0x000000, 0x000000,
	0x000000, 0x000000, 0x000000, 0x000000, 0x000000, 0x000000, 0x000000, 0x000000,
	0x000000, 0x000000, 0x000000, 0x000000, 0x000000, 0x000000, 0x000000, 0x000000,
	0x000000, 0x000000, 0x000000, 0x000000, 0x000000, 0x000000, 0x000000, 0x000000,
	0x000000, 0x000000, 0x000000, 0x000000, 0x000000, 0x000000, 0x000000, 0x000000,
	0x000000, 0x000000, 0x000000, 0x000000, 0x000000, 0x000000, 0x000000, 0x000000,
	0x000000, 0x000000, 0x000000, 0x000000, 0x000000, 0x000000, 0x000000, 0x000000,
	0x000000, 0x000000, 0x000000, 0x000000, 0x000000, 0x000000, 0x000000, 0x000000,
	0x000000, 0x000000, 0x000000, 0x000000, 0x000000, 0x000000, 0x000000, 0x000000,
	0x000000, 0x000000, 0x000000, 0x000000, 0x000000, 0x000000, 0x000000, 0x000000,
	0x000000, 0x000000, 0x000000, 0x000000, 0x000000, 0x000000, 0x000000, 0x000000,
	0x000000, 0x000000, 0x000000, 0x000000, 0x000000, 0x000000, 0x000000, 0x000000,
	0x000000, 0x000000, 0x000000, 0x000002, 0x000002, 0x000002, 0x000002, 0x000002,
	0x000002, 0x000002, 0x000002, 0x000002, 0x000002, 0x000002, 0x000002, 0x000002,
	0x000002, 0x000002, 0x000002, 0x000002, 0x000002, 0x000002, 0x000002, 0x000002,
	0x000002, 0x000002, 0x000002, 0x000002, 0x000002, 0x000002, 0x000002, 0x000002,
	0x000002, 0x000002, 0x000002, 0x000000, 0x000000, 0x000000, 0x000000, 0x000000,
	0x000000, 0x000000, 0x000000, 0x000002, 0x000002, 0x000002, 0x000002, 0x000002,
	0x000002, 0x000002, 0x000002, 0x000002, 0x000002, 0x000002, 0x000002, 0x000002,
	0x000002, 0x000002, 0x000002, 0x000002, 0x000002, 0x000002, 0x000002, 0x000002,
	0x000002, 0x000002, 0x000002, 0x000002, 0x000002, 0x000002, 0x000002, 0x000002,
	0x000002, 0x000002, 0x000002, 0x000000, 0x000000, 0x000000, 0x000000, 0x000000,
	0x000000, 0x000000, 0x000000, 0x000002, 0x000002, 0x000002, 0x000002, 0x000002,
	0x000002, 0x000002, 0x000002, 0x000002, 0x000002, 0x000002, 0x000002, 0x000002,
	0x000002, 0x000002, 0x000002, 0x000002, 0x000002, 0x000002, 0x000002, 0x000002,
	0x000002, 0x000002, 0x000002, 0x000002, 0x000002, 0x000002, 0x000002, 0x000002,
	0x000002, 0x000002, 0x000002, 0x000000, 0x000000, 0x000000, 0x000000, 0x000000,
	0x000000, 0x000000, 0x000000, 0x000002, 0x000002, 0x000002, 0x000002, 0x000002,
	0x000002, 0x000002, 0x000002, 0x000002, 0x000002, 0x000002, 0x000002, 0x000002,
	0x000002, 0x000002, 0x000002, 0x000002, 0x000002, 0x000002, 0x000002, 0x000002,
	0x000002, 0x000002, 0x000002, 0x000002, 0x000002, 0x000002, 0x000002, 0x000002,
	0x000002, 0x000002, 0x000002, 0x000000, 0x000000, 0x000000, 0x000000, 0x000000,
	0x000000, 0x000000, 0x000000, 0x000002, 0x000002, 0x000002, 0x000002, 0x000002,
	0x000002, 0x000002, 0x000002, 0x000002, 0x000002, 0x000002, 0x000002, 0x000002,
	0x000002, 0x000002, 0x000002, 0x000002, 0x000002, 0x000002, 0x000002, 0x000002,
	0x000002, 0x000002, 0x000002, 0x000002, 0x000002, 0x000002, 0x000002, 0x000002,
	0x000002, 0x000002, 0x000002, 0x000000, 0x000000, 0x000000, 0x000000, 0x000000,
	0x000000, 0x000000, 0x000000, 0x000002, 0x000002, 0x000002, 0x000002, 0x000002,
	0x000002, 0x000002, 0x000002, 0x000002, 0x000002, 0x000002, 0x000002, 0x000002,
	0x000002, 0x000002, 0x000002, 0x000002, 0x000002, 0x000002, 0x000002, 0x000002,
	0x000002, 0x000002, 0x000002, 0x000002, 0x000002, 0x000002, 0x000002, 0x000002,
	0x000002, 0x000002, 0x000002, 0x000000, 0x000000, 0x000000, 0x000000, 0x000000,
	0x000000, 0x000000, 0x000000, 0x000002, 0x000002, 0x000002, 0x000002, 0x000002,
	0x000002, 0x000002, 0x000002, 0x000002, 0x000002, 0x000002, 0x000002, 0x000002,
	0x000002, 0x000002, 0x000002, 0x000002, 0x000002, 0x000002, 0x000002, 0x000002,
	0x000002, 0x000002, 0x000002, 0x000002, 0x000002, 0x000002, 0x000002, 0x000002,
	0x000002, 0x000002, 0x000002, 0x000000, 0x000000, 0x000000, 0x000000, 0x000000,
	0x000000, 0x000000, 0x000000, 0x040012, 0x040012, 0x040012, 0x040012, 0x040012,
	0x040012, 0x040012, 0x040012, 0x040012, 0x040012, 0x040012, 0x040012, 0x040002,
	0x040002, 0x050002, 0x050002, 0x042002, 0x042002, 0x040002, 0x040002, 0x042002,
	0x042002, 0x050002, 0x050002, 0x040002, 0x040002, 0x040082, 0x040082, 0x040402,
	0x040402, 0x040002, 0x040002, 0x040402, 0x040402, 0x040082, 0x040082, 0x040000,
	0x040000, 0x040000, 0x040000, 0x040000, 0x040000, 0x040000, 0x040000, 0x040000,
	0x040000, 0x040000, 0x040000, 0x040000, 0x040000, 0x040000, 0x040000, 0x040000,
	0x040000, 0x040000, 0x040000, 0x040000, 0x040000, 0x040000, 0x040000, 0x040000,
	0x040000, 0x040000, 0x040000, 0x040000, 0x040000, 0x040000, 0x040000, 0x000007,
	0x000007, 0x000007, 0x000007, 0x000007, 0x000007, 0x000007, 0x000007, 0x000007,
	0x000007, 0x000007, 0x000007, 0x000007, 0x000007, 0x000007, 0x000007, 0x040007,
	0x040007, 0x040007, 0x040007, 0x040007, 0x040007, 0x040007, 0x040007, 0x040007,
	0x040007, 0x040007, 0x040007, 0x040007, 0x040007, 0x040007, 0x040007, 0x040007,
	0x040007, 0x040007, 0x040007, 0x040007, 0x040007, 0x040007, 0x040007, 0x040007,
	0x040007, 0x040007, 0x040007, 0x040007, 0x040007, 0x040007, 0x040007, 0x1fffff,
	0x1fffff, 0x040022, 0x040020, 0x040020, 0x040020, 0x040020, 0x040022, 0x040020,
	0x040020, 0x040020, 0x040020, 0x1fffff, 0x1fffff, 0x1fffff, 0x1fffff, 0x1fffff,
	0x0401f8, 0x0401f8, 0x0471f8, 0x0471f8, 0x0781f8, 0x0781f8, 0x040038, 0x040038,
	0x040038, 0x040038, 0x0401c7, 0x0401c7, 0x0471c7, 0x0471c7, 0x0781c7, 0x0781c7,
	0x040007, 0x040007, 0x040007, 0x040007, 0x040e38, 0x040e38, 0x078e38, 0x078e38,
	0x047e38, 0x047e38, 0x040038, 0x040038, 0x040038, 0x040038, 0x040e07, 0x040e07,
	0x078e07, 0x078e07, 0x047e07, 0x047e07, 0x040007, 0x040007, 0x040007, 0x040007,
	0x047038, 0x047038, 0x047e38, 0x047e38, 0x0471f8, 0x0471f8, 0x040038, 0x040038,
	0x040038, 0x040038, 0x047007, 0x047007, 0x047e07, 0x047e07, 0x0471c7, 0x0471c7,
	0x040007, 0x040007, 0x040007, 0x040007, 0x078038, 0x078038, 0x0781f8, 0x0781f8,
	0x078e38, 0x078e38, 0x040038, 0x040038, 0x040038, 0x040038, 0x078007, 0x078007,
	0x0781c7, 0x0781c7, 0x078e07, 0x078e07, 0x040007, 0x040007, 0x040007, 0x040007,
	0x000000, 0x000000, 0x000000, 0x000000, 0x000000, 0x000000, 0x000000, 0x000000,
	0x000000, 0x000000, 0x000000, 0x000000, 0x000000, 0x000000, 0x000000, 0x000000,
	0x000000, 0x000000, 0x000000, 0x000000, 0x000000, 0x000000, 0x000000, 0x000000,
	0x1fffff, 0x1fffff, 0x1fffff, 0x1fffff, 0x1fffff, 0x1fffff, 0x1fffff, 0x1fffff,
	0x1fffff, 0x1fffff, 0x1fffff, 0x1fffff, 0x1fffff, 0x1fffff, 0x1fffff, 0x1fffff,
	0x1fffff, 0x1fffff, 0x1fffff, 0x1fffff, 0x1fffff, 0x1fffff, 0x1fffff, 0x1fffff,
	0x1fffff, 0x1fffff, 0x1fffff, 0x1fffff, 0x052492, 0x050492, 0x052492, 0x050492,
	0x052092, 0x050092, 0x052092, 0x050092, 0x052412, 0x050412, 0x052412, 0x050412,
	0x052012, 0x050012, 0x052012, 0x050012, 0x042492, 0x040492, 0x042492, 0x040492,
	0x042092, 0x040092, 0x042092, 0x040092, 0x042412, 0x040412, 0x042412, 0x040412,
	0x042012, 0x040012, 0x042012, 0x040012, 0x052492, 0x050492, 0x052492, 0x050492,
	0x052092, 0x050092, 0x052092, 0x050092, 0x052412, 0x050412, 0x052412, 0x050412,
	0x052012, 0x050012, 0x052012, 0x050012, 0x042492, 0x040492, 0x042492, 0x040492,
	0x042092, 0x040092, 0x042092, 0x040092, 0x042412, 0x040412, 0x042412, 0x040412,
	0x042012, 0x040012, 0x042012, 0x040012, 0x052492, 0x050492, 0x052492, 0x050492,
	0x052092, 0x050092, 0x052092, 0x050092, 0x052412, 0x050412, 0x052412, 0x050412,
	0x052012, 0x050012, 0x052012, 0x050012, 0x042492, 0x040492, 0x042492, 0x040492,
	0x042092, 0x040092, 0x042092, 0x040092, 0x042412, 0x040412, 0x042412, 0x040412,
	0x042012, 0x040012, 0x042012, 0x040012, 0x052492, 0x050492, 0x052492, 0x050492,
	0x052092, 0x050092, 0x052092, 0x050092, 0x052412, 0x050412, 0x052412, 0x050412,
	0x052012, 0x050012, 0x052012, 0x050012, 0x042492, 0x040492, 0x042492, 0x040492,
	0x042092, 0x040092, 0x042092, 0x040092, 0x042412, 0x040412, 0x042412, 0x040412,
	0x042012, 0x040012, 0x042012, 0x040012, 0x052492, 0x050492, 0x052492, 0x050492,
	0x052092, 0x050092, 0x052092, 0x050092, 0x052412, 0x050412, 0x052412, 0x050412,
	0x052012, 0x050012, 0x052012, 0x050012, 0x042492, 0x040492, 0x042492, 0x040492,
	0x042092, 0x040092, 0x042092, 0x040092, 0x042412, 0x040412, 0x042412, 0x040412,
	0x042012, 0x040012, 0x042012, 0x040012, 0x052492, 0x050492, 0x052492, 0x050492,
	0x052092, 0x050092, 0x052092, 0x050092, 0x052412, 0x050412, 0x052412, 0x050412,
	0x052012, 0x050012, 0x052012, 0x050012, 0x042492, 0x040492, 0x042492, 0x040492,
	0x042092, 0x040092, 0x042092, 0x040092, 0x042412, 0x040412, 0x042412, 0x040412,
	0x042012, 0x040012, 0x042012, 0x040012, 0x052492, 0x050492, 0x052492, 0x050492,
	0x052092, 0x050092, 0x052092, 0x050092, 0x052412, 0x050412, 0x052412, 0x050412,
	0x052012, 0x050012, 0x052012, 0x050012, 0x042492, 0x040492, 0x042492, 0x040492,
	0x042092, 0x040092, 0x042092, 0x040092, 0x042412, 0x040412, 0x042412, 0x040412,
	0x042012, 0x040012, 0x042012, 0x040012, 0x052492, 0x050492, 0x052492, 0x050492,
	0x052092, 0x050092, 0x052092, 0x050092, 0x052412, 0x050412, 0x052412, 0x050412,
	0x052012, 0x050012, 0x052012, 0x050012, 0x042492, 0x040492, 0x042492, 0x040492,
	0x042092, 0x040092, 0x042092, 0x040092, 0x042412, 0x040412, 0x042412, 0x040412,
	0x042012, 0x040012, 0x042012, 0x040012, 0x052492, 0x050492, 0x052492, 0x050492,
	0x052092, 0x050092, 0x052092, 0x050092, 0x052412, 0x050412, 0x052412, 0x050412,
	0x052012, 0x050012, 0x052012, 0x050012, 0x042492, 0x040492, 0x042492, 0x040492,
	0x042092, 0x040092, 0x042092, 0x040092, 0x042412, 0x040412, 0x042412, 0x040412,
	0x042012, 0x040012, 0x042012, 0x040012, 0x052492, 0x050492, 0x052492, 0x050492,
	0x052092, 0x050092, 0x052092, 0x050092, 0x052412, 0x050412, 0x052412, 0x050412,
	0x052012, 0x050012, 0x052012, 0x050012, 0x042492, 0x040492, 0x042492, 0x040492,
	0x042092, 0x040092, 0x042092, 0x040092, 0x042412, 0x040412, 0x042412, 0x040412,
	0x042012, 0x040012, 0x042012, 0x040012, 0x052492, 0x050492, 0x052492, 0x050492,
	0x052092, 0x050092, 0x052092, 0x050092, 0x052412, 0x050412, 0x052412, 0x050412,
	0x052012, 0x050012, 0x052012, 0x050012, 0x042492, 0x040492, 0x042492, 0x040492,
	0x042092, 0x040092, 0x042092, 0x040092, 0x042412, 0x040412, 0x042412, 0x040412,
	0x042012, 0x040012, 0x042012, 0x040012, 0x052492, 0x050492, 0x052492, 0x050492,
	0x052092, 0x050092, 0x052092, 0x050092, 0x052412, 0x050412, 0x052412, 0x050412,
	0x052012, 0x050012, 0x052012, 0x050012, 0x042492, 0x040492, 0x042492, 0x040492,
	0x042092, 0x040092, 0x042092, 0x040092, 0x042412, 0x040412, 0x042412, 0x040412,
	0x042012, 0x040012, 0x042012, 0x040012, 0x052492, 0x050492, 0x052492, 0x050492,
	0x052092, 0x050092, 0x052092, 0x050092, 0x052412, 0x050412, 0x052412, 0x050412,
	0x052012, 0x050012, 0x052012, 0x050012, 0x042492, 0x040492, 0x042492, 0x040492,
	0x042092, 0x040092, 0x042092, 0x040092, 0x042412, 0x040412, 0x042412, 0x040412,
	0x042012, 0x040012, 0x042012, 0x040012, 0x052492, 0x050492, 0x052492, 0x050492,
	0x052092, 0x050092, 0x052092, 0x050092, 0x052412, 0x050412, 0x052412, 0x050412,
	0x052012, 0x050012, 0x052012, 0x050012, 0x042492, 0x040492, 0x042492, 0x040492,
	0x042092, 0x040092, 0x042092, 0x040092, 0x042412, 0x040412, 0x042412, 0x040412,
	0x042012, 0x040012, 0x042012, 0x040012, 0x052492, 0x050492, 0x052492, 0x050492,
	0x052092, 0x050092, 0x052092, 0x050092, 0x052412, 0x050412, 0x052412, 0x050412,
	0x052012, 0x050012, 0x052012, 0x050012, 0x042492, 0x040492, 0x042492, 0x040492,
	0x042092, 0x040092, 0x042092, 0x040092, 0x042412, 0x040412, 0x042412, 0x040412,
	0x042012, 0x040012, 0x042012, 0x040012, 0x052492, 0x050492, 0x052492, 0x050492,
	0x052092, 0x050092, 0x052092, 0x050092, 0x052412, 0x050412, 0x052412, 0x050412,
	0x052012, 0x050012, 0x052012, 0x050012, 0x042492, 0x040492, 0x042492, 0x040492,
	0x042092, 0x040092, 0x042092, 0x040092, 0x042412, 0x040412, 0x042412, 0x040412,
	0x042012, 0x040012, 0x042012, 0x040012, 0x0401f8, 0x0401f8, 0x0471f8, 0x0471f8,
	0x0781f8, 0x0781f8, 0x040038, 0x040038, 0x040038, 0x040038, 0x0401c7, 0x0401c7,
	0x0471c7, 0x0471c7, 0x0781c7, 0x0781c7, 0x040007, 0x040007, 0x040007, 0x040007,
	0x040e38, 0x040e38, 0x078e38, 0x078e38, 0x047e38, 0x047e38, 0x040038, 0x040038,
	0x040038, 0x040038, 0x040e07, 0x040e07, 0x078e07, 0x078e07, 0x047e07, 0x047e07,
	0x040007, 0x040007, 0x040007, 0x040007, 0x047038, 0x047038, 0x047e38, 0x047e38,
	0x0471f8, 0x0471f8, 0x040038, 0x040038, 0x040038, 0x040038, 0x047007, 0x047007,
	0x047e07, 0x047e07, 0x0471c7, 0x0471c7, 0x040007, 0x040007, 0x040007, 0x040007,
	0x078038, 0x078038, 0x0781f8, 0x0781f8, 0x078e38, 0x078e38, 0x040038, 0x040038,
	0x040038, 0x040038, 0x078007, 0x078007, 0x0781c7, 0x0781c7, 0x078e07, 0x078e07,
	0x040007, 0x040007, 0x040007, 0x040007, 0x0401f8, 0x0401f8, 0x0471f8, 0x0471f8,
	0x0781f8, 0x0781f8, 0x040038, 0x040038, 0x040038, 0x040038, 0x0401c7, 0x0401c7,
	0x0471c7, 0x0471c7, 0x0781c7, 0x0781c7, 0x040007, 0x040007, 0x040007, 0x040007,
	0x040e38, 0x040e38, 0x078e38, 0x078e38, 0x047e38, 0x047e38, 0x040038, 0x040038,
	0x040038, 0x040038, 0x040e07, 0x040e07, 0x078e07, 0x078e07, 0x047e07, 0x047e07,
	0x040007, 0x040007, 0x040007, 0x040007, 0x047038, 0x047038, 0x047e38, 0x047e38,
	0x0471f8, 0x0471f8, 0x040038, 0x040038, 0x040038, 0x040038, 0x047007, 0x047007,
	0x047e07, 0x047e07, 0x0471c7, 0x0471c7, 0x040007, 0x040007, 0x040007, 0x040007,
	0x078038, 0x078038, 0x0781f8, 0x0781f8, 0x078e38, 0x078e38, 0x040038, 0x040038,
	0x040038, 0x040038, 0x078007, 0x078007, 0x0781c7, 0x0781c7, 0x078e07, 0x078e07,
	0x040007, 0x040007, 0x040007, 0x040007, 0x0401f8, 0x0401f8, 0x0471f8, 0x0471f8,
	0x0781f8, 0x0781f8, 0x040038, 0x040038, 0x040038, 0x040038, 0x0401c7, 0x0401c7,
	0x0471c7, 0x0471c7, 0x0781c7, 0x0781c7, 0x040007, 0x040007, 0x040007, 0x040007,
	0x040e38, 0x040e38, 0x078e38, 0x078e38, 0x047e38, 0x047e38, 0x040038, 0x040038,
	0x040038, 0x040038, 0x040e07, 0x040e07, 0x078e07, 0x078e07, 0x047e07, 0x047e07,
	0x040007, 0x040007, 0x040007, 0x040007, 0x047038, 0x047038, 0x047e38, 0x047e38,
	0x0471f8, 0x0471f8, 0x040038, 0x040038, 0x040038, 0x040038, 0x047007, 0x047007,
	0x047e07, 0x047e07, 0x0471c7, 0x0471c7, 0x040007, 0x040007, 0x040007, 0x040007,
	0x078038, 0x078038, 0x0781f8, 0x0781f8, 0x078e38, 0x078e38, 0x040038, 0x040038,
	0x040038, 0x040038, 0x078007, 0x078007, 0x0781c7, 0x0781c7, 0x078e07, 0x078e07,
	0x040007, 0x040007, 0x040007, 0x040007, 0x0401f8, 0x0401f8, 0x0471f8, 0x0471f8,
	0x0781f8, 0x0781f8, 0x040038, 0x040038, 0x040038, 0x040038, 0x0401c7, 0x0401c7,
	0x0471c7, 0x0471c7, 0x0781c7, 0x0781c7, 0x040007, 0x040007, 0x040007, 0x040007,
	0x040e38, 0x040e38, 0x078e38, 0x078e38, 0x047e38, 0x047e38, 0x040038, 0x040038,
	0x040038, 0x040038, 0x040e07, 0x040e07, 0x078e07, 0x078e07, 0x047e07, 0x047e07,
	0x040007, 0x040007, 0x040007, 0x040007, 0x047038, 0x047038, 0x047e38, 0x047e38,
	0x0471f8, 0x0471f8, 0x040038, 0x040038, 0x040038, 0x040038, 0x047007, 0x047007,
	0x047e07, 0x047e07, 0x0471c7, 0x0471c7, 0x040007, 0x040007, 0x040007, 0x040007,
	0x078038, 0x078038, 0x0781f8, 0x0781f8, 0x078e38, 0x078e38, 0x040038, 0x040038,
	0x040038, 0x040038, 0x078007, 0x078007, 0x0781c7, 0x0781c7, 0x078e07, 0x078e07,
	0x040007, 0x040007, 0x040007, 0x040007, 0x0401f8, 0x0401f8, 0x0471f8, 0x0471f8,
	0x0781f8, 0x0781f8, 0x040038, 0x040038, 0x040038, 0x040038, 0x0401c7, 0x0401c7,
	0x0471c7, 0x0471c7, 0x0781c7, 0x0781c7, 0x040007, 0x040007, 0x040007, 0x040007,
	0x040e38, 0x040e38, 0x078e38, 0x078e38, 0x047e38, 0x047e38, 0x040038, 0x040038,
	0x040038, 0x040038, 0x040e07, 0x040e07, 0x078e07, 0x078e07, 0x047e07, 0x047e07,
	0x040007, 0x040007, 0x040007, 0x040007, 0x047038, 0x047038, 0x047e38, 0x047e38,
	0x0471f8, 0x0471f8, 0x040038, 0x040038, 0x040038, 0x040038, 0x047007, 0x047007,
	0x047e07, 0x047e07, 0x0471c7, 0x0471c7, 0x040007, 0x040007, 0x040007, 0x040007,
	0x078038, 0x078038, 0x0781f8, 0x0781f8, 0x078e38, 0x078e38, 0x040038, 0x040038,
	0x040038, 0x040038, 0x078007, 0x078007, 0x0781c7, 0x0781c7, 0x078e07, 0x078e07,
	0x040007, 0x040007, 0x040007, 0x040007, 0x0401f8, 0x0401f8, 0x0471f8, 0x0471f8,
	0x0781f8, 0x0781f8, 0x040038, 0x040038, 0x040038, 0x040038, 0x0401c7, 0x0401c7,
	0x0471c7, 0x0471c7, 0x0781c7, 0x0781c7, 0x040007, 0x040007, 0x040007, 0x040007,
	0x040e38, 0x040e38, 0x078e38, 0x078e38, 0x047e38, 0x047e38, 0x040038, 0x040038,
	0x040038, 0x040038, 0x040e07, 0x040e07, 0x078e07, 0x078e07, 0x047e07, 0x047e07,
	0x040007, 0x040007, 0x040007, 0x040007, 0x047038, 0x047038, 0x047e38, 0x047e38,
	0x0471f8, 0x0471f8, 0x040038, 0x040038, 0x040038, 0x040038, 0x047007, 0x047007,
	0x047e07, 0x047e07, 0x0471c7, 0x0471c7, 0x040007, 0x040007, 0x040007, 0x040007,
	0x078038, 0x078038, 0x0781f8, 0x0781f8, 0x078e38, 0x078e38, 0x040038, 0x040038,
	0x040038, 0x040038, 0x078007, 0x078007, 0x0781c7, 0x0781c7, 0x078e07, 0x078e07,
	0x040007, 0x040007, 0x040007, 0x040007, 0x0401f8, 0x0401f8, 0x0471f8, 0x0471f8,
	0x0781f8, 0x0781f8, 0x040038, 0x040038, 0x040038, 0x040038, 0x0401c7, 0x0401c7,
	0x0471c7, 0x0471c7, 0x0781c7, 0x0781c7, 0x040007, 0x040007, 0x040007, 0x040007,
	0x040e38, 0x040e38, 0x078e38, 0x078e38, 0x047e38, 0x047e38, 0x040038, 0x040038,
	0x040038, 0x040038, 0x040e07, 0x040e07, 0x078e07, 0x078e07, 0x047e07, 0x047e07,
	0x040007, 0x040007, 0x040007, 0x040007, 0x047038, 0x047038, 0x047e38, 0x047e38,
	0x0471f8, 0x0471f8, 0x040038, 0x040038, 0x040038, 0x040038, 0x047007, 0x047007,
	0x047e07, 0x047e07, 0x0471c7, 0x0471c7, 0x040007, 0x040007, 0x040007, 0x040007,
	0x078038, 0x078038, 0x0781f8, 0x0781f8, 0x078e38, 0x078e38, 0x040038, 0x040038,
	0x040038, 0x040038, 0x078007, 0x078007, 0x0781c7, 0x0781c7, 0x078e07, 0x078e07,
	0x040007, 0x040007, 0x040007, 0x040007, 0x1fffff, 0x1fffff, 0x1fffff, 0x000000,
	0x000000, 0x000000, 0x000000, 0x000000, 0x000000, 0x000000, 0x000000, 0x000000,
	0x000000, 0x000000, 0x000000, 0x000000, 0x000000, 0x000000, 0x000000, 0x000000,
	0x000000, 0x000000, 0x000000, 0x000000, 0x000000, 0x000000, 0x000000, 0x000000,
	0x000000, 0x000000, 0x000000, 0x000000, 0x000000, 0x000000, 0x000000, 0x040e00,
	0x040e00, 0x040e00, 0x040e00, 0x040038, 0x040038, 0x040038, 0x040038, 0x040e00,
	0x040e00, 0x040e00, 0x040e00, 0x040007, 0x040007, 0x040007, 0x040007, 0x0401c0,
	0x0401c0, 0x0401c0, 0x0401c0, 0x040038, 0x040038, 0x040038, 0x040038, 0x0401c0,
	0x0401c0, 0x0401c0, 0x0401c0, 0x040007, 0x040007, 0x040007, 0x040007, 0x078000,
	0x078000, 0x078000, 0x078000, 0x040038, 0x040038, 0x040038, 0x040038, 0x078000,
	0x078000, 0x078000, 0x078000, 0x040007, 0x040007, 0x040007, 0x040007, 0x047000,
	0x047000, 0x047000, 0x047000, 0x040038, 0x040038, 0x040038, 0x040038, 0x047000,
	0x047000, 0x047000, 0x047000, 0x040007, 0x040007, 0x040007, 0x040007, 0x1fffff,
	0x1fffff, 0x1fffff, 0x0401f8, 0x0401f8, 0x0471f8, 0x0471f8, 0x0781f8, 0x0781f8,
	0x040038, 0x040038, 0x040038, 0x040038, 0x0401c7, 0x0401c7, 0x0471c7, 0x0471c7,
	0x0781c7, 0x0781c7, 0x040007, 0x040007, 0x040007, 0x040007, 0x040e38, 0x040e38,
	0x078e38, 0x078e38, 0x047e38, 0x047e38, 0x040038, 0x040038, 0x040038, 0x040038,
	0x040e07, 0x040e07, 0x078e07, 0x078e07, 0x047e07, 0x047e07, 0x040007, 0x040007,
	0x040007, 0x040007, 0x047038, 0x047038, 0x047e38, 0x047e38, 0x0471f8, 0x0471f8,
	0x040038, 0x040038, 0x040038, 0x040038, 0x047007, 0x047007, 0x047e07, 0x047e07,
	0x0471c7, 0x0471c7, 0x040007, 0x040007, 0x040007, 0x040007, 0x078038, 0x078038,
	0x0781f8, 0x0781f8, 0x078e38, 0x078e38, 0x040038, 0x040038, 0x040038, 0x040038,
	0x078007, 0x078007, 0x0781c7, 0x0781c7, 0x078e07, 0x078e07, 0x040007, 0x040007,
	0x040007, 0x040007, 0x0401f8, 0x0401f8, 0x0471f8, 0x0471f8, 0x0781f8, 0x0781f8,
	0x040038, 0x040038, 0x040038, 0x040038, 0x0401c7, 0x0401c7, 0x0471c7, 0x0471c7,
	0x0781c7, 0x0781c7, 0x040007, 0x040007, 0x040007, 0x040007, 0x040e38, 0x040e38,
	0x078e38, 0x078e38, 0x047e38, 0x047e38, 0x040038, 0x040038, 0x040038, 0x040038,
	0x040e07, 0x040e07, 0x078e07, 0x078e07, 0x047e07, 0x047e07, 0x040007, 0x040007,
	0x040007, 0x040007, 0x047038, 0x047038, 0x047e38, 0x047e38, 0x0471f8, 0x0471f8,
	0x040038, 0x040038, 0x040038, 0x040038, 0x047007, 0x047007, 0x047e07, 0x047e07,
	0x0471c7, 0x0471c7, 0x040007, 0x040007, 0x040007, 0x040007, 0x078038, 0x078038,
	0x0781f8, 0x0781f8, 0x078e38, 0x078e38, 0x040038, 0x040038, 0x040038, 0x040038,
	0x078007, 0x078007, 0x0781c7, 0x0781c7, 0x078e07, 0x078e07, 0x040007, 0x040007,
	0x040007, 0x040007, 0x0401f8, 0x0401f8, 0x0471f8, 0x0471f8, 0x0781f8, 0x0781f8,
	0x040038, 0x040038, 0x040038, 0x040038, 0x0401c7, 0x0401c7, 0x0471c7, 0x0471c7,
	0x0781c7, 0x0781c7, 0x040007, 0x040007, 0x040007, 0x040007, 0x040e38, 0x040e38,
	0x078e38, 0x078e38, 0x047e38, 0x047e38, 0x040038, 0x040038, 0x040038, 0x040038,
	0x040e07, 0x040e07, 0x078e07, 0x078e07, 0x047e07, 0x047e07, 0x040007, 0x040007,
	0x040007, 0x040007, 0x047038, 0x047038, 0x047e38, 0x047e38, 0x0471f8, 0x0471f8,
	0x040038, 0x040038, 0x040038, 0x040038, 0x047007, 0x047007, 0x047e07, 0x047e07,
	0x0471c7, 0x0471c7, 0x040007, 0x040007, 0x040007, 0x040007, 0x078038, 0x078038,
	0x0781f8, 0x0781f8, 0x078e38, 0x078e38, 0x040038, 0x040038, 0x040038, 0x040038,
	0x078007, 0x078007, 0x0781c7, 0x0781c7, 0x078e07, 0x078e07, 0x040007, 0x040007,
	0x040007, 0x040007, 0x040038, 0x040038, 0x040007, 0x040007, 0x1fffff, 0x1fffff,
	0x040038, 0x040038, 0x040007, 0x040007, 0x1fffff, 0x1fffff, 0x040038, 0x040038,
	0x040007, 0x040007, 0x1fffff, 0x1fffff, 0x1fffff, 0x1fffff, 0x1fffff, 0x1fffff,
	0x000007, 0x000007, 0x000007, 0x000007, 0x000007, 0x000007, 0x000007, 0x000007,
	0x000007, 0x000007, 0x000007, 0x000007, 0x000007, 0x000007, 0x000007, 0x000007,
	0x1fffff, 0x1fffff, 0x1fffff, 0x000000, 0x000000, 0x000000, 0x000000, 0x000000,
	0x000000, 0x000000, 0x000000, 0x000000, 0x000000, 0x000000, 0x000000, 0x040000,
	0x040000, 0x040000, 0x040000, 0x040000, 0x040000, 0x040000, 0x040000, 0x040000,
	0x040000, 0x040000, 0x040000, 0x040000, 0x040000, 0x040000, 0x040000, 0x040000,
	0x040000, 0x040000, 0x040000, 0x040000, 0x040000, 0x040000, 0x040000, 0x040000,
	0x040000, 0x040000, 0x040000, 0x040000, 0x040000, 0x040000, 0x040000, 0x040000,
	0x040000, 0x040000, 0x040000, 0x040000, 0x040000, 0x040000, 0x040000, 0x040000,
	0x040000, 0x040000, 0x040000, 0x040000, 0x040000, 0x040000, 0x040000, 0x040000,
	0x040000, 0x040000, 0x040000, 0x040000, 0x040000, 0x040000, 0x040000, 0x040000,
	0x040000, 0x040000, 0x040000, 0x040000, 0x040000, 0x040000, 0x040000, 0x040000,
	0x040000, 0x040000, 0x040000, 0x040000, 0x040000, 0x040000, 0x040000, 0x040000,
	0x040000, 0x040000, 0x040000, 0x040000, 0x040000, 0x040000, 0x040000, 0x040000,
	0x040000, 0x040000, 0x040000, 0x040000, 0x040000, 0x040000, 0x040000, 0x040000,
	0x040000, 0x040000, 0x040000, 0x040000, 0x040000, 0x040000, 0x040000, 0x040000,
	0x040000, 0x040000, 0x040000, 0x040000, 0x040000, 0x040000, 0x040000, 0x040000,
	0x040000, 0x040000, 0x040000, 0x040000, 0x040000, 0x040000, 0x040000, 0x040000,
	0x040000, 0x040000, 0x040000, 0x040000, 0x040000, 0x040000, 0x040000, 0x040000,
	0x040000, 0x040000, 0x040000, 0x040000, 0x040000, 0x040000, 0x040000, 0x040000,
	0x040000, 0x040000, 0x040000, 0x040000, 0x040000, 0x040000, 0x040000, 0x040000,
	0x040000, 0x040000, 0x040000, 0x040000, 0x040000, 0x040000, 0x040000, 0x040000,
	0x040000, 0x040000, 0x040000, 0x040000, 0x040000, 0x040000, 0x040000, 0x040000,
	0x040000, 0x040000, 0x040000, 0x040000, 0x040000, 0x040000, 0x040000, 0x040000,
	0x040000, 0x040000, 0x040000, 0x040000, 0x040000, 0x040000, 0x040000, 0x040000,
	0x040000, 0x040000, 0x040000, 0x040000, 0x040000, 0x040000, 0x040000, 0x040000,
	0x040000, 0x040000, 0x040000, 0x040000, 0x040000, 0x040000, 0x040000, 0x040000,
	0x040000, 0x040000, 0x040000, 0x040000, 0x040000, 0x040000, 0x040000, 0x040000,
	0x040000, 0x040000, 0x040000, 0x040000, 0x040000, 0x040000, 0x040000, 0x040000,
	0x040000, 0x040000, 0x040000, 0x040000, 0x040000, 0x040000, 0x040000, 0x040000,
	0x040000, 0x040000, 0x040000, 0x040000, 0x040000, 0x040000, 0x040000, 0x040000,
	0x040000, 0x040000, 0x040000, 0x040000, 0x040000, 0x040000, 0x040000, 0x040000,
	0x040000, 0x040000, 0x040000, 0x040000, 0x040000, 0x040000, 0x040000, 0x040000,
	0x040000, 0x040000, 0x040000, 0x040000, 0x040000, 0x040000, 0x040000, 0x040000,
	0x040000, 0x040000, 0x040000, 0x040000, 0x040000, 0x040000, 0x040000, 0x040000,
	0x040000, 0x040000, 0x040000, 0x040000, 0x040000, 0x040000, 0x040000, 0x040000,
	0x040000, 0x040000, 0x040000, 0x040000, 0x040000, 0x040000, 0x040000, 0x040000,
	0x040000, 0x040000, 0x040000, 0x040000, 0x040000, 0x040000, 0x040000, 0x040000,
	0x040000, 0x040000, 0x040000, 0x040000, 0x040000, 0x040000, 0x040000, 0x040000,
	0x040000, 0x040000, 0x040000, 0x040000, 0x040000, 0x040000, 0x040000, 0x040000,
	0x040000, 0x040000, 0x040000, 0x040000, 0x040000, 0x040000, 0x040000, 0x040000,
	0x040000, 0x040000, 0x040000, 0x040000, 0x040000, 0x040000, 0x040000, 0x040000,
	0x040000, 0x040000, 0x040000, 0x040000, 0x040000, 0x040000, 0x040000, 0x040000,
	0x040000, 0x040000, 0x040000, 0x040000, 0x040000, 0x040000, 0x040000, 0x1fffff,
	0x1fffff, 0x1fffff, 0x0401f8, 0x0401f8, 0x0471f8, 0x0471f8, 0x0781f8, 0x0781f8,
	0x040038, 0x040038, 0x040038, 0x040038, 0x0401c7, 0x0401c7, 0x0471c7, 0x0471c7,
	0x0781c7, 0x0781c7, 0x040007, 0x040007, 0x040007, 0x040007, 0x040e38, 0x040e38,
	0x078e38, 0x078e38, 0x047e38, 0x047e38, 0x040038, 0x040038, 0x040038, 0x040038,
	0x040e07, 0x040e07, 0x078e07, 0x078e07, 0x047e07, 0x047e07, 0x040007, 0x040007,
	0x040007, 0x040007, 0x047038, 0x047038, 0x047e38, 0x047e38, 0x0471f8, 0x0471f8,
	0x040038, 0x040038, 0x040038, 0x040038, 0x047007, 0x047007, 0x047e07, 0x047e07,
	0x0471c7, 0x0471c7, 0x040007, 0x040007, 0x040007, 0x040007, 0x078038, 0x078038,
	0x0781f8, 0x0781f8, 0x078e38, 0x078e38, 0x040038, 0x040038, 0x040038, 0x040038,
	0x078007, 0x078007, 0x0781c7, 0x0781c7, 0x078e07, 0x078e07, 0x040007, 0x040007,
	0x040007, 0x040007, 0x040038, 0x040038, 0x040007, 0x040007, 0x1fffff, 0x1fffff,
	0x040038, 0x040038, 0x040007, 0x040007, 0x1fffff, 0x1fffff, 0x040038, 0x040038,
	0x040007, 0x040007, 0x1fffff, 0x1fffff, 0x040038, 0x040038, 0x040007, 0x040007,
	0x1fffff, 0x1fffff, 0x040038, 0x040038, 0x040007, 0x040007, 0x1fffff, 0x1fffff,
	0x040038, 0x040038, 0x040007, 0x040007, 0x1fffff, 0x1fffff, 0x040038, 0x040038,
	0x040007, 0x040007, 0x1fffff, 0x1fffff, 0x040038, 0x040038, 0x040007, 0x040007,
	0x1fffff, 0x1fffff, 0x040038, 0x040038, 0x040007, 0x040007, 0x1fffff, 0x1fffff,
	0x040038, 0x040038, 0x040007, 0x040007, 0x1fffff, 0x1fffff, 0x040038, 0x040038,
	0x040007, 0x040007, 0x1fffff, 0x1fffff, 0x040038, 0x040038, 0x040007, 0x040007,
	0x1fffff, 0x1fffff, 0x040038, 0x040038, 0x040007, 0x040007, 0x1fffff, 0x1fffff,
	0x040038, 0x040038, 0x040007, 0x040007, 0x1fffff, 0x1fffff, 0x040038, 0x040038,
	0x040007, 0x040007, 0x1fffff, 0x1fffff, 0x040038, 0x040038, 0x040007, 0x040007,
	0x1fffff, 0x1fffff, 0x040038, 0x040038, 0x040007, 0x040007, 0x1fffff, 0x1fffff,
	0x040038, 0x040038, 0x040007, 0x040007, 0x1fffff, 0x1fffff, 0x040038, 0x040038,
	0x040007, 0x040007, 0x1fffff, 0x1fffff, 0x040038, 0x040038, 0x040007, 0x040007,
	0x1fffff, 0x1fffff, 0x040038, 0x040038, 0x040007, 0x040007, 0x1fffff, 0x1fffff,
	0x040038, 0x040038, 0x040007, 0x040007, 0x1fffff, 0x1fffff, 0x040038, 0x040038,
	0x040007, 0x040007, 0x1fffff, 0x1fffff, 0x040038, 0x040038, 0x040007, 0x040007,
	0x1fffff, 0x1fffff, 0x040038, 0x040038, 0x040007, 0x040007, 0x1fffff, 0x1fffff,
	0x1fffff, 0x1fffff, 0x1fffff, 0x1fffff, 0x040000, 0x040000, 0x040010, 0x040010,
	0x040000, 0x040000, 0x040010, 0x040010, 0x040000, 0x040000, 0x040010, 0x040010,
	0x040000, 0x040000, 0x040010, 0x040010, 0x040000, 0x040000, 0x040010, 0x040010,
	0x040000, 0x040000, 0x040010, 0x040010, 0x040000, 0x040000, 0x040010, 0x040010,
	0x040000, 0x040000, 0x040010, 0x040010, 0x040000, 0x040000, 0x040010, 0x040010,
	0x040000, 0x040000, 0x040010, 0x040010, 0x040000, 0x040000, 0x040010, 0x040010,
	0x040000, 0x040000, 0x040010, 0x040010, 0x040000, 0x040000, 0x040010, 0x040010,
	0x040000, 0x040000, 0x040010, 0x040010, 0x040000, 0x040000, 0x040010, 0x040010,
	0x040000, 0x040000, 0x040010, 0x040010, 0x040000, 0x040000, 0x040010, 0x040010,
	0x040000, 0x040000, 0x040010, 0x040010, 0x040000, 0x040000, 0x040010, 0x040010,
	0x040000, 0x040000, 0x040010, 0x040010, 0x040000, 0x040000, 0x040010, 0x040010,
	0x040000, 0x040000, 0x040010, 0x040010, 0x040000, 0x040000, 0x040010, 0x040010,
	0x040000, 0x040000, 0x040010, 0x040010, 0x040000, 0x040000, 0x040010, 0x040010,
	0x040000, 0x040000, 0x040010, 0x040010, 0x040000, 0x040000, 0x040010, 0x040010,
	0x040000, 0x040000, 0x040010, 0x040010, 0x040000, 0x040000, 0x040010, 0x040010,
	0x040000, 0x040000, 0x040010, 0x040010, 0x040000, 0x040000, 0x040010, 0x040010,
	0x040000, 0x040000, 0x040010, 0x040010, 0x040000, 0x040000, 0x040010, 0x040010,
	0x040000, 0x040000, 0x040010, 0x040010, 0x040000, 0x040000, 0x040010, 0x040010,
	0x040000, 0x040000, 0x040010, 0x040010, 0x040000, 0x040000, 0x040010, 0x040010,
	0x040000, 0x040000, 0x040010, 0x040010, 0x040000, 0x040000, 0x040010, 0x040010,
	0x040000, 0x040000, 0x040010, 0x040010, 0x040000, 0x040000, 0x040010, 0x040010,
	0x040000, 0x040000, 0x040010, 0x040010, 0x040000, 0x040000, 0x040010, 0x040010,
	0x040000, 0x040000, 0x040010, 0x040010, 0x040000, 0x040000, 0x040010, 0x040010,
	0x040000, 0x040000, 0x040010, 0x040010, 0x040000, 0x040000, 0x040010, 0x040010,
	0x040000, 0x040000, 0x040010, 0x040010, 0x040000, 0x040000, 0x040010, 0x040010,
	0x040000, 0x040000, 0x040010, 0x040010, 0x040000, 0x040000, 0x040010, 0x040010,
	0x040000, 0x040000, 0x040010, 0x040010, 0x040000, 0x040000, 0x040010, 0x040010,
	0x040000, 0x040000, 0x040010, 0x040010, 0x040000, 0x040000, 0x040010, 0x040010,
	0x040000, 0x040000, 0x040010, 0x040010, 0x040000, 0x040000, 0x040010, 0x040010,
	0x040000, 0x040000, 0x040010, 0x040010, 0x040000, 0x040000, 0x040010, 0x040010,
	0x040000, 0x040000, 0x040010, 0x040010, 0x040000, 0x040000, 0x040010, 0x040010,
	0x040000, 0x040000, 0x040010, 0x040010, 0x040000, 0x040000, 0x040010, 0x040010,
	0x040000, 0x040000, 0x040010, 0x040010, 0x040000, 0x040000, 0x040010, 0x040010,
	0x040000, 0x040000, 0x040010, 0x040010, 0x040000, 0x040000, 0x040010, 0x040010,
	0x040000, 0x040000, 0x040010, 0x040010, 0x040000, 0x040000, 0x040010, 0x040010,
	0x040000, 0x040000, 0x040010, 0x040010, 0x040000, 0x040000, 0x040010, 0x040010,
	0x040000, 0x040000, 0x040010, 0x040010, 0x052492, 0x050492, 0x052492, 0x050492,
	0x052092, 0x050092, 0x052092, 0x050092, 0x052412, 0x050412, 0x052412, 0x050412,
	0x052012, 0x050012, 0x052012, 0x050012, 0x042492, 0x040492, 0x042492, 0x040492,
	0x042092, 0x040092, 0x042092, 0x040092, 0x042412, 0x040412, 0x042412, 0x040412,
	0x042012, 0x040012, 0x042012, 0x040012, 0x052492, 0x050492, 0x052492, 0x050492,
	0x052092, 0x050092, 0x052092, 0x050092, 0x052412, 0x050412, 0x052412, 0x050412,
	0x052012, 0x050012, 0x052012, 0x050012, 0x042492, 0x040492, 0x042492, 0x040492,
	0x042092, 0x040092, 0x042092, 0x040092, 0x042412, 0x040412, 0x042412, 0x040412,
	0x042012, 0x040012, 0x042012, 0x040012, 0x052492, 0x050492, 0x052492, 0x050492,
	0x052092, 0x050092, 0x052092, 0x050092, 0x052412, 0x050412, 0x052412, 0x050412,
	0x052012, 0x050012, 0x052012, 0x050012, 0x042492, 0x040492, 0x042492, 0x040492,
	0x042092, 0x040092, 0x042092, 0x040092, 0x042412, 0x040412, 0x042412, 0x040412,
	0x042012, 0x040012, 0x042012, 0x040012, 0x052492, 0x050492, 0x052492, 0x050492,
	0x052092, 0x050092, 0x052092, 0x050092, 0x052412, 0x050412, 0x052412, 0x050412,
	0x052012, 0x050012, 0x052012, 0x050012, 0x042492, 0x040492, 0x042492, 0x040492,
	0x042092, 0x040092, 0x042092, 0x040092, 0x042412, 0x040412, 0x042412, 0x040412,
	0x042012, 0x040012, 0x042012, 0x040012, 0x052492, 0x050492, 0x052492, 0x050492,
	0x052092, 0x050092, 0x052092, 0x050092, 0x052412, 0x050412, 0x052412, 0x050412,
	0x052012, 0x050012, 0x052012, 0x050012, 0x042492, 0x040492, 0x042492, 0x040492,
	0x042092, 0x040092, 0x042092, 0x040092, 0x042412, 0x040412, 0x042412, 0x040412,
	0x042012, 0x040012, 0x042012, 0x040012, 0x052492, 0x050492, 0x052492, 0x050492,
	0x052092, 0x050092, 0x052092, 0x050092, 0x052412, 0x050412, 0x052412, 0x050412,
	0x052012, 0x050012, 0x052012, 0x050012, 0x042492, 0x040492, 0x042492, 0x040492,
	0x042092, 0x040092, 0x042092, 0x040092, 0x042412, 0x040412, 0x042412, 0x040412,
	0x042012, 0x040012, 0x042012, 0x040012, 0x052492, 0x050492, 0x052492, 0x050492,
	0x052092, 0x050092, 0x052092, 0x050092, 0x052412, 0x050412, 0x052412, 0x050412,
	0x052012, 0x050012, 0x052012, 0x050012, 0x042492, 0x040492, 0x042492, 0x040492,
	0x042092, 0x040092, 0x042092, 0x040092, 0x042412, 0x040412, 0x042412, 0x040412,
	0x042012, 0x040012, 0x042012, 0x040012, 0x052492, 0x050492, 0x052492, 0x050492,
	0x052092, 0x050092, 0x052092, 0x050092, 0x052412, 0x050412, 0x052412, 0x050412,
	0x052012, 0x050012, 0x052012, 0x050012, 0x042492, 0x040492, 0x042492, 0x040492,
	0x042092, 0x040092, 0x042092, 0x040092, 0x042412, 0x040412, 0x042412, 0x040412,
	0x042012, 0x040012, 0x042012, 0x040012, 0x052492, 0x050492, 0x052492, 0x050492,
	0x052092, 0x050092, 0x052092, 0x050092, 0x052412, 0x050412, 0x052412, 0x050412,
	0x052012, 0x050012, 0x052012, 0x050012, 0x042492, 0x040492, 0x042492, 0x040492,
	0x042092, 0x040092, 0x042092, 0x040092, 0x042412, 0x040412, 0x042412, 0x040412,
	0x042012, 0x040012, 0x042012, 0x040012, 0x047000, 0x047000, 0x040e00, 0x040e00,
	0x078000, 0x078000, 0x040e00, 0x040e00, 0x047000, 0x047000, 0x040e00, 0x040e00,
	0x078000, 0x078000, 0x040e00, 0x040e00, 0x078000, 0x078000, 0x0401c0, 0x0401c0,
	0x047000, 0x047000, 0x0401c0, 0x0401c0, 0x078000, 0x078000, 0x0401c0, 0x0401c0,
	0x047000, 0x047000, 0x0401c0, 0x0401c0, 0x040e00, 0x040e00, 0x078000, 0x078000,
	0x0401c0, 0x0401c0, 0x078000, 0x078000, 0x040e00, 0x040e00, 0x078000, 0x078000,
	0x0401c0, 0x0401c0, 0x078000, 0x078000, 0x0401c0, 0x0401c0, 0x047000, 0x047000,
	0x040e00, 0x040e00, 0x047000, 0x047000, 0x0401c0, 0x0401c0, 0x047000, 0x047000,
	0x040e00, 0x040e00, 0x047000, 0x047000, 0x047000, 0x047000, 0x040e00, 0x040e00,
	0x078000, 0x078000, 0x040e00, 0x040e00, 0x047000, 0x047000, 0x040e00, 0x040e00,
	0x078000, 0x078000, 0x040e00, 0x040e00, 0x078000, 0x078000, 0x0401c0, 0x0401c0,
	0x047000, 0x047000, 0x0401c0, 0x0401c0, 0x078000, 0x078000, 0x0401c0, 0x0401c0,
	0x047000, 0x047000, 0x0401c0, 0x0401c0, 0x040e00, 0x040e00, 0x078000, 0x078000,
	0x0401c0, 0x0401c0, 0x078000, 0x078000, 0x040e00, 0x040e00, 0x078000, 0x078000,
	0x0401c0, 0x0401c0, 0x078000, 0x078000, 0x0401c0, 0x0401c0, 0x047000, 0x047000,
	0x040e00, 0x040e00, 0x047000, 0x047000, 0x0401c0, 0x0401c0, 0x047000, 0x047000,
	0x040e00, 0x040e00, 0x047000, 0x047000, 0x047000, 0x047000, 0x040e00, 0x040e00,
	0x078000, 0x078000, 0x040e00, 0x040e00, 0x047000, 0x047000, 0x040e00, 0x040e00,
	0x078000, 0x078000, 0x040e00, 0x040e00, 0x078000, 0x078000, 0x0401c0, 0x0401c0,
	0x047000, 0x047000, 0x0401c0, 0x0401c0, 0x078000, 0x078000, 0x0401c0, 0x0401c0,
	0x047000, 0x047000, 0x0401c0, 0x0401c0, 0x040e00, 0x040e00, 0x078000, 0x078000,
	0x0401c0, 0x0401c0, 0x078000, 0x078000, 0x040e00, 0x040e00, 0x078000, 0x078000,
	0x0401c0, 0x0401c0, 0x078000, 0x078000, 0x0401c0, 0x0401c0, 0x047000, 0x047000,
	0x040e00, 0x040e00, 0x047000, 0x047000, 0x0401c0, 0x0401c0, 0x047000, 0x047000,
	0x040e00, 0x040e00, 0x047000, 0x047000, 0x047000, 0x047000, 0x040e00, 0x040e00,
	0x078000, 0x078000, 0x040e00, 0x040e00, 0x047000, 0x047000, 0x040e00, 0x040e00,
	0x078000, 0x078000, 0x040e00, 0x040e00, 0x078000, 0x078000, 0x0401c0, 0x0401c0,
	0x047000, 0x047000, 0x0401c0, 0x0401c0, 0x078000, 0x078000, 0x0401c0, 0x0401c0,
	0x047000, 0x047000, 0x0401c0, 0x0401c0, 0x040e00, 0x040e00, 0x078000, 0x078000,
	0x0401c0, 0x0401c0, 0x078000, 0x078000, 0x040e00, 0x040e00, 0x078000, 0x078000,
	0x0401c0, 0x0401c0, 0x078000, 0x078000, 0x0401c0, 0x0401c0, 0x047000, 0x047000,
	0x040e00, 0x040e00, 0x047000, 0x047000, 0x0401c0, 0x0401c0, 0x047000, 0x047000,
	0x040e00, 0x040e00, 0x047000, 0x047000, 0x047000, 0x047000, 0x040e00, 0x040e00,
	0x078000, 0x078000, 0x040e00, 0x040e00, 0x047000, 0x047000, 0x040e00, 0x040e00,
	0x078000, 0x078000, 0x040e00, 0x040e00, 0x078000, 0x078000, 0x0401c0, 0x0401c0,
	0x047000, 0x047000, 0x0401c0, 0x0401c0, 0x078000, 0x078000, 0x0401c0, 0x0401c0,
	0x047000, 0x047000, 0x0401c0, 0x0401c0, 0x040e00, 0x040e00, 0x078000, 0x078000,
	0x0401c0, 0x0401c0, 0x078000, 0x078000, 0x040e00, 0x040e00, 0x078000, 0x078000,
	0x0401c0, 0x0401c0, 0x078000, 0x078000, 0x0401c0, 0x0401c0, 0x047000, 0x047000,
	0x040e00, 0x040e00, 0x047000, 0x047000, 0x0401c0, 0x0401c0, 0x047000, 0x047000,
	0x040e00, 0x040e00, 0x047000, 0x047000, 0x047000, 0x047000, 0x040e00, 0x040e00,
	0x078000, 0x078000, 0x040e00, 0x040e00, 0x047000, 0x047000, 0x040e00, 0x040e00,
	0x078000, 0x078000, 0x040e00, 0x040e00, 0x078000, 0x078000, 0x0401c0, 0x0401c0,
	0x047000, 0x047000, 0x0401c0, 0x0401c0, 0x078000, 0x078000, 0x0401c0, 0x0401c0,
	0x047000, 0x047000, 0x0401c0, 0x0401c0, 0x040e00, 0x040e00, 0x078000, 0x078000,
	0x0401c0, 0x0401c0, 0x078000, 0x078000, 0x040e00, 0x040e00, 0x078000, 0x078000,
	0x0401c0, 0x0401c0, 0x078000, 0x078000, 0x0401c0, 0x0401c0, 0x047000, 0x047000,
	0x040e00, 0x040e00, 0x047000, 0x047000, 0x0401c0, 0x0401c0, 0x047000, 0x047000,
	0x040e00, 0x040e00, 0x047000, 0x047000, 0x047000, 0x047000, 0x040e00, 0x040e00,
	0x078000, 0x078000, 0x040e00, 0x040e00, 0x047000, 0x047000, 0x040e00, 0x040e00,
	0x078000, 0x078000, 0x040e00, 0x040e00, 0x078000, 0x078000, 0x0401c0, 0x0401c0,
	0x047000, 0x047000, 0x0401c0, 0x0401c0, 0x078000, 0x078000, 0x0401c0, 0x0401c0,
	0x047000, 0x047000, 0x0401c0, 0x0401c0, 0x040e00, 0x040e00, 0x078000, 0x078000,
	0x0401c0, 0x0401c0, 0x078000, 0x078000, 0x040e00, 0x040e00, 0x078000, 0x078000,
	0x0401c0, 0x0401c0, 0x078000, 0x078000, 0x0401c0, 0x0401c0, 0x047000, 0x047000,
	0x040e00, 0x040e00, 0x047000, 0x047000, 0x0401c0, 0x0401c0, 0x047000, 0x047000,
	0x040e00, 0x040e00, 0x047000, 0x047000, 0x047000, 0x047000, 0x040e00, 0x040e00,
	0x078000, 0x078000, 0x040e00, 0x040e00, 0x047000, 0x047000, 0x040e00, 0x040e00,
	0x078000, 0x078000, 0x040e00, 0x040e00, 0x078000, 0x078000, 0x0401c0, 0x0401c0,
	0x047000, 0x047000, 0x0401c0, 0x0401c0, 0x078000, 0x078000, 0x0401c0, 0x0401c0,
	0x047000, 0x047000, 0x0401c0, 0x0401c0, 0x040e00, 0x040e00, 0x078000, 0x078000,
	0x0401c0, 0x0401c0, 0x078000, 0x078000, 0x040e00, 0x040e00, 0x078000, 0x078000,
	0x0401c0, 0x0401c0, 0x078000, 0x078000, 0x0401c0, 0x0401c0, 0x047000, 0x047000,
	0x040e00, 0x040e00, 0x047000, 0x047000, 0x0401c0, 0x0401c0, 0x047000, 0x047000,
	0x040e00, 0x040e00, 0x047000, 0x047000, 0x047000, 0x047000, 0x040e00, 0x040e00,
	0x078000, 0x078000, 0x040e00, 0x040e00, 0x047000, 0x047000, 0x040e00, 0x040e00,
	0x078000, 0x078000, 0x040e00, 0x040e00, 0x078000, 0x078000, 0x0401c0, 0x0401c0,
	0x047000, 0x047000, 0x0401c0, 0x0401c0, 0x078000, 0x078000, 0x0401c0, 0x0401c0,
	0x047000, 0x047000, 0x0401c0, 0x0401c0, 0x040e00, 0x040e00, 0x078000, 0x078000,
	0x0401c0, 0x0401c0, 0x078000, 0x078000, 0x040e00, 0x040e00, 0x078000, 0x078000,
	0x0401c0, 0x0401c0, 0x078000, 0x078000, 0x0401c0, 0x0401c0, 0x047000, 0x047000,
	0x040e00, 0x040e00, 0x047000, 0x047000, 0x0401c0, 0x0401c0, 0x047000, 0x047000,
	0x040e00, 0x040e00, 0x047000, 0x047000, 0x000000, 0x000000, 0x000000, 0x000000,
	0x000012, 0x000012, 0x000012, 0x000012, 0x000002, 0x000002, 0x000012, 0x000012,
	0x000002, 0x000002, 0x000012, 0x000012, 0x000002, 0x000002, 0x000012, 0x000012,
	0x000002, 0x000002, 0x000012, 0x000012, 0x000002, 0x000002, 0x000012, 0x000012,
	0x000002, 0x000002, 0x000012, 0x000012, 0x000002, 0x000002, 0x000012, 0x000012,
	0x000002, 0x000002, 0x000010, 0x000010, 0x000000, 0x000000, 0x000010, 0x000010,
	0x000000, 0x000000, 0x000010, 0x000010, 0x000000, 0x000000, 0x000010, 0x000010,
	0x000000, 0x000000, 0x000010, 0x000010, 0x000000, 0x000000, 0x000010, 0x000010,
	0x000000, 0x000000, 0x000010, 0x000010, 0x000000, 0x000000, 0x000010, 0x000010,
	0x000000, 0x000000, 0x080002, 0x080002, 0x080002, 0x080002, 0x080002, 0x080002,
	0x1fffff, 0x1fffff, 0x1fffff, 0x1fffff, 0x0401f8, 0x0401f8, 0x0471f8, 0x0471f8,
	0x0781f8, 0x0781f8, 0x040038, 0x040038, 0x040038, 0x040038, 0x0401c7, 0x0401c7,
	0x0471c7, 0x0471c7, 0x0781c7, 0x0781c7, 0x040007, 0x040007, 0x040007, 0x040007,
	0x040e38, 0x040e38, 0x078e38, 0x078e38, 0x047e38, 0x047e38, 0x040038, 0x040038,
	0x040038, 0x040038, 0x040e07, 0x040e07, 0x078e07, 0x078e07, 0x047e07, 0x047e07,
	0x040007, 0x040007, 0x040007, 0x040007, 0x047038, 0x047038, 0x047e38, 0x047e38,
	0x0471f8, 0x0471f8, 0x040038, 0x040038, 0x040038, 0x040038, 0x047007, 0x047007,
	0x047e07, 0x047e07, 0x0471c7, 0x0471c7, 0x040007, 0x040007, 0x040007, 0x040007,
	0x078038, 0x078038, 0x0781f8, 0x0781f8, 0x078e38, 0x078e38, 0x040038, 0x040038,
	0x040038, 0x040038, 0x078007, 0x078007, 0x0781c7, 0x0781c7, 0x078e07, 0x078e07,
	0x040007, 0x040007, 0x040007, 0x040007, 0x1fffff, 0x000000, 0x000000, 0x000000,
	0x000002, 0x000000, 0x000002, 0x000000, 0x000002, 0x000000, 0x000002, 0x000000,
	0x000002, 0x000000, 0x000000, 0x000000, 0x000000, 0x000000, 0x000000, 0x152487,
	0x000000, 0x1fffff, 0x1fffff, 0x1fffff, 0x1fffff, 0x1fffff, 0x1fffff, 0x1fffff,
	0x1fffff, 0x1fffff, 0x1fffff, 0x1fffff, 0x1fffff, 0x1fffff, 0x1fffff, 0x1fffff,
	0x1fffff, 0x1fffff, 0x1fffff, 0x1fffff, 0x1fffff, 0x1fffff, 0x1fffff, 0x1fffff,
	0x1fffff, 0x1fffff, 0x1fffff, 0x1fffff, 0x1fffff, 0x1fffff, 0x1fffff, 0x1fffff,
	0x1fffff, 0x1fffff, 0x1fffff, 0x000000, 0x1fffff, 0x1fffff, 0x1fffff, 0x1fffff,
	0x1fffff, 0x1fffff, 0x1fffff, 0x1fffff, 0x1fffff, 0x1fffff, 0x1fffff, 0x1fffff,
	0x1fffff, 0x1fffff, 0x1fffff, 0x1fffff, 0x1fffff, 0x1fffff, 0x1fffff, 0x1fffff,
	0x1fffff, 0x1fffff, 0x1fffff, 0x1fffff, 0x1fffff, 0x1fffff, 0x1fffff, 0x1fffff,
	0x1fffff, 0x1fffff, 0x1fffff, 0x1fffff, 0x1fffff, 0x1fffff, 0x1fffff, 0x1fffff,
	0x1fffff, 0x1fffff, 0x1fffff, 0x1fffff, 0x1fffff, 0x1fffff, 0x1fffff, 0x1fffff,
	0x1fffff, 0x1fffff, 0x1fffff, 0x1fffff, 0x1fffff, 0x1fffff, 0x1fffff, 0x1fffff,
	0x1fffff, 0x1fffff, 0x1fffff, 0x1fffff, 0x1fffff, 0x1fffff, 0x1fffff, 0x1fffff,
	0x1fffff, 0x1fffff, 0x1fffff, 0x1fffff, 0x1fffff, 0x1fffff, 0x1fffff, 0x1fffff,
	0x1fffff, 0x1fffff, 0x1fffff, 0x1fffff, 0x1fffff, 0x1fffff, 0x1fffff, 0x1fffff,
	0x1fffff, 0x1fffff, 0x1fffff, 0x1fffff, 0x1fffff, 0x1fffff, 0x1fffff, 0x1fffff,
	0x1fffff, 0x1fffff, 0x1fffff, 0x1fffff, 0x1fffff, 0x1fffff, 0x1fffff, 0x1fffff,
	0x1fffff, 0x1fffff, 0x1fffff, 0x1fffff, 0x1fffff, 0x1fffff, 0x1fffff, 0x1fffff,
	0x1fffff, 0x1fffff, 0x1fffff, 0x1fffff, 0x1fffff, 0x1fffff, 0x1fffff, 0x1fffff,
	0x1fffff, 0x1fffff, 0x1fffff, 0x1fffff, 0x1fffff, 0x1fffff, 0x1fffff, 0x1fffff,
	0x1fffff, 0x1fffff, 0x1fffff, 0x1fffff, 0x1fffff, 0x1fffff, 0x1fffff, 0x1fffff,
	0x1fffff, 0x1fffff, 0x1fffff, 0x1fffff, 0x1fffff, 0x1fffff, 0x1fffff, 0x1fffff,
	0x1fffff, 0x1fffff, 0x1fffff, 0x1fffff, 0x1fffff, 0x1fffff, 0x1fffff, 0x1fffff,
	0x1fffff, 0x1fffff, 0x1fffff, 0x1fffff, 0x1fffff, 0x1fffff, 0x1fffff, 0x1fffff,
	0x1fffff, 0x1fffff, 0x1fffff, 0x1fffff, 0x1fffff, 0x1fffff, 0x1fffff, 0x1fffff,
	0x1fffff, 0x1fffff, 0x1fffff, 0x1fffff, 0x1fffff, 0x1fffff, 0x1fffff, 0x1fffff,
	0x1fffff, 0x1fffff, 0x1fffff, 0x1fffff, 0x1fffff, 0x1fffff, 0x1fffff, 0x1fffff,
	0x1fffff, 0x1fffff, 0x1fffff, 0x1fffff, 0x1fffff, 0x1fffff, 0x1fffff, 0x1fffff,
	0x1fffff, 0x1fffff, 0x1fffff, 0x1fffff, 0x1fffff, 0x1fffff, 0x1fffff, 0x1fffff,
	0x1fffff, 0x1fffff, 0x1fffff, 0x1fffff, 0x1fffff, 0x1fffff, 0x1fffff, 0x1fffff,
	0x1fffff, 0x1fffff, 0x1fffff, 0x1fffff, 0x1fffff, 0x1fffff, 0x1fffff, 0x1fffff,
	0x1fffff, 0x1fffff, 0x1fffff, 0x1fffff, 0x1fffff, 0x1fffff, 0x000000, 0x000000,
	0x000000, 0x000000, 0x000000, 0x000000, 0x000000, 0x000000, 0x000000, 0x000000,
	0x000000, 0x000000, 0x000000, 0x000000, 0x000000, 0x000000, 0x000000, 0x000000,
	0x000000, 0x000000, 0x000000, 0x000000, 0x000000, 0x000000, 0x000000, 0x000000,
	0x000000, 0x1fffff, 0x040002, 0x040002, 0x040002, 0x040002, 0x040002, 0x040002,
	0x040002, 0x040002, 0x040002, 0x040002, 0x040002, 0x040002, 0x040012, 0x040012,
	0x040012, 0x040002, 0x040002, 0x040002, 0x040002, 0x040002, 0x040002, 0x040002,
	0x040002, 0x040002, 0x040002, 0x040002, 0x040002, 0x040002, 0x040002, 0x040002,
	0x040002, 0x040002, 0x040002, 0x040002, 0x040002, 0x040002, 0x040002, 0x040002,
	0x040002, 0x040002, 0x040002, 0x040002, 0x040002, 0x040002, 0x040002, 0x040002,
	0x040002, 0x1fffff, 0x1fffff, 0x1fffff, 0x1fffff, 0x1fffff, 0x1fffff, 0x1fffff,
	0x1fffff, 0x1fffff, 0x1fffff, 0x040000, 0x040000, 0x040000, 0x040000, 0x040000,
	0x040000, 0x040000, 0x040000, 0x040000, 0x040000, 0x000000, 0x000000, 0x000000,
	0x000000, 0x000000, 0x000000, 0x000000, 0x000000, 0x000000, 0x000000, 0x040000,
	0x040000, 0x040000, 0x040000, 0x040000, 0x040000, 0x040000, 0x040000, 0x040000,
	0x040000, 0x000000, 0x000000, 0x000000, 0x000000, 0x000000, 0x000000, 0x000000,
	0x000000, 0x000000, 0x000000, 0x040000, 0x040000, 0x040000, 0x040000, 0x040000,
	0x040000, 0x040000, 0x040000, 0x040000, 0x040000, 0x040000, 0x040000, 0x040000,
	0x040000, 0x040000, 0x040000, 0x040000, 0x040000, 0x040000, 0x040000, 0x040000,
	0x040000, 0x040000, 0x040000, 0x040000, 0x040000, 0x040000, 0x040000, 0x040000,
	0x040000, 0x040000, 0x040000, 0x040000, 0x040000, 0x040000, 0x040000, 0x040000,
	0x040000, 0x040000, 0x040000, 0x000000, 0x000000, 0x000000, 0x000000, 0x000000,
	0x000000, 0x000000, 0x000000, 0x000000, 0x000000, 0x000000, 0x000000, 0x000000,
	0x000000, 0x000000, 0x000000, 0x000000, 0x000000, 0x000000, 0x000000, 0x000000,
	0x000000, 0x000000, 0x000000, 0x000000, 0x000000, 0x000000, 0x000000, 0x000000,
	0x000000, 0x000000, 0x000000, 0x000000, 0x000000, 0x000000, 0x000000, 0x000000,
	0x000000, 0x000000, 0x000000, 0x000002, 0x000002, 0x000002, 0x000002, 0x000002,
	0x000002, 0x000002, 0x000002, 0x1fffff, 0x040000, 0x040000, 0x040000, 0x040000,
	0x040000, 0x040000, 0x040000, 0x040000, 0x040000, 0x040000, 0x040000, 0x040000,
	0x040000, 0x040000, 0x040000, 0x000002, 0x000000, 0x000000, 0x000000, 0x000000,
	0x0401f8, 0x0401f8, 0x0471f8, 0x0471f8, 0x0781f8, 0x0781f8, 0x040038, 0x040038,
	0x040038, 0x040038, 0x0401c7, 0x0401c7, 0x0471c7, 0x0471c7, 0x0781c7, 0x0781c7,
	0x040007, 0x040007, 0x040007, 0x040007, 0x040e38, 0x040e38, 0x078e38, 0x078e38,
	0x047e38, 0x047e38, 0x040038, 0x040038, 0x040038, 0x040038, 0x040e07, 0x040e07,
	0x078e07, 0x078e07, 0x047e07, 0x047e07, 0x040007, 0x040007, 0x040007, 0x040007,
	0x047038, 0x047038, 0x047e38, 0x047e38, 0x0471f8, 0x0471f8, 0x040038, 0x040038,
	0x040038, 0x040038, 0x047007, 0x047007, 0x047e07, 0x047e07, 0x0471c7, 0x0471c7,
	0x040007, 0x040007, 0x040007, 0x040007, 0x078038, 0x078038, 0x0781f8, 0x0781f8,
	0x078e38, 0x078e38, 0x040038, 0x040038, 0x040038, 0x040038, 0x078007, 0x078007,
	0x0781c7, 0x0781c7, 0x078e07, 0x078e07, 0x040007, 0x040007, 0x040007, 0x040007,
	0x0401f8, 0x0401f8, 0x0471f8, 0x0471f8, 0x0781f8, 0x0781f8, 0x040038, 0x040038,
	0x040038, 0x040038, 0x0401c7, 0x0401c7, 0x0471c7, 0x0471c7, 0x0781c7, 0x0781c7,
	0x040007, 0x040007, 0x040007, 0x040007, 0x040e38, 0x040e38, 0x078e38, 0x078e38,
	0x047e38, 0x047e38, 0x040038, 0x040038, 0x040038, 0x040038, 0x040e07, 0x040e07,
	0x078e07, 0x078e07, 0x047e07, 0x047e07, 0x040007, 0x040007, 0x040007, 0x040007,
	0x047038, 0x047038, 0x047e38, 0x047e38, 0x0471f8, 0x0471f8, 0x040038, 0x040038,
	0x040038, 0x040038, 0x047007, 0x047007, 0x047e07, 0x047e07, 0x0471c7, 0x0471c7,
	0x040007, 0x040007, 0x040007, 0x040007, 0x078038, 0x078038, 0x0781f8, 0x0781f8,
	0x078e38, 0x078e38, 0x040038, 0x040038, 0x040038, 0x040038, 0x078007, 0x078007,
	0x0781c7, 0x0781c7, 0x078e07, 0x078e07, 0x040007, 0x040007, 0x040007, 0x040007,
	0x0401f8, 0x0401f8, 0x0471f8, 0x0471f8, 0x0781f8, 0x0781f8, 0x040038, 0x040038,
	0x040038, 0x040038, 0x0401c7, 0x0401c7, 0x0471c7, 0x0471c7, 0x0781c7, 0x0781c7,
	0x040007, 0x040007, 0x040007, 0x040007, 0x040e38, 0x040e38, 0x078e38, 0x078e38,
	0x047e38, 0x047e38, 0x040038, 0x040038, 0x040038, 0x040038, 0x040e07, 0x040e07,
	0x078e07, 0x078e07, 0x047e07, 0x047e07, 0x040007, 0x040007, 0x040007, 0x040007,
	0x047038, 0x047038, 0x047e38, 0x047e38, 0x0471f8, 0x0471f8, 0x040038, 0x040038,
	0x040038, 0x040038, 0x047007, 0x047007, 0x047e07, 0x047e07, 0x0471c7, 0x0471c7,
	0x040007, 0x040007, 0x040007, 0x040007, 0x078038, 0x078038, 0x0781f8, 0x0781f8,
	0x078e38, 0x078e38, 0x040038, 0x040038, 0x040038, 0x040038, 0x078007, 0x078007,
	0x0781c7, 0x0781c7, 0x078e07, 0x078e07, 0x040007, 0x040007, 0x040007, 0x040007,
	0x0401f8, 0x0401f8, 0x0471f8, 0x0471f8, 0x0781f8, 0x0781f8, 0x040038, 0x040038,
	0x040038, 0x040038, 0x0401c7, 0x0401c7, 0x0471c7, 0x0471c7, 0x0781c7, 0x0781c7,
	0x040007, 0x040007, 0x040007, 0x040007, 0x040e38, 0x040e38, 0x078e38, 0x078e38,
	0x047e38, 0x047e38, 0x040038, 0x040038, 0x040038, 0x040038, 0x040e07, 0x040e07,
	0x078e07, 0x078e07, 0x047e07, 0x047e07, 0x040007, 0x040007, 0x040007, 0x040007,
	0x047038, 0x047038, 0x047e38, 0x047e38, 0x0471f8, 0x0471f8, 0x040038, 0x040038,
	0x040038, 0x040038, 0x047007, 0x047007, 0x047e07, 0x047e07, 0x0471c7, 0x0471c7,
	0x040007, 0x040007, 0x040007, 0x040007, 0x078038, 0x078038, 0x0781f8, 0x0781f8,
	0x078e38, 0x078e38, 0x040038, 0x040038, 0x040038, 0x040038, 0x078007, 0x078007,
	0x0781c7, 0x0781c7, 0x078e07, 0x078e07, 0x040007, 0x040007, 0x040007, 0x040007,
	0x0401f8, 0x0401f8, 0x0471f8, 0x0471f8, 0x0781f8, 0x0781f8, 0x040038, 0x040038,
	0x040038, 0x040038, 0x0401c7, 0x0401c7, 0x0471c7, 0x0471c7, 0x0781c7, 0x0781c7,
	0x040007, 0x040007, 0x040007, 0x040007, 0x040e38, 0x040e38, 0x078e38, 0x078e38,
	0x047e38, 0x047e38, 0x040038, 0x040038, 0x040038, 0x040038, 0x040e07, 0x040e07,
	0x078e07, 0x078e07, 0x047e07, 0x047e07, 0x040007, 0x040007, 0x040007, 0x040007,
	0x047038, 0x047038, 0x047e38, 0x047e38, 0x0471f8, 0x0471f8, 0x040038, 0x040038,
	0x040038, 0x040038, 0x047007, 0x047007, 0x047e07, 0x047e07, 0x0471c7, 0x0471c7,
	0x040007, 0x040007, 0x040007, 0x040007, 0x078038, 0x078038, 0x0781f8, 0x0781f8,
	0x078e38, 0x078e38, 0x040038, 0x040038, 0x040038, 0x040038, 0x078007, 0x078007,
	0x0781c7, 0x0781c7, 0x078e07, 0x078e07, 0x040007, 0x040007, 0x040007, 0x040007,
	0x0401f8, 0x0401f8, 0x0471f8, 0x0471f8, 0x0781f8, 0x0781f8, 0x040038, 0x040038,
	0x040038, 0x040038, 0x0401c7, 0x0401c7, 0x0471c7, 0x0471c7, 0x0781c7, 0x0781c7,
	0x040007, 0x040007, 0x040007, 0x040007, 0x040e38, 0x040e38, 0x078e38, 0x078e38,
	0x047e38, 0x047e38, 0x040038, 0x040038, 0x040038, 0x040038, 0x040e07, 0x040e07,
	0x078e07, 0x078e07, 0x047e07, 0x047e07, 0x040007, 0x040007, 0x040007, 0x040007,
	0x047038, 0x047038, 0x047e38, 0x047e38, 0x0471f8, 0x0471f8, 0x040038, 0x040038,
	0x040038, 0x040038, 0x047007, 0x047007, 0x047e07, 0x047e07, 0x0471c7, 0x0471c7,
	0x040007, 0x040007, 0x040007, 0x040007, 0x078038, 0x078038, 0x0781f8, 0x0781f8,
	0x078e38, 0x078e38, 0x040038, 0x040038, 0x040038, 0x040038, 0x078007, 0x078007,
	0x0781c7, 0x0781c7, 0x078e07, 0x078e07, 0x040007, 0x040007, 0x040007, 0x040007,
	0x0401f8, 0x0401f8, 0x0471f8, 0x0471f8, 0x0781f8, 0x0781f8, 0x040038, 0x040038,
	0x040038, 0x040038, 0x0401c7, 0x0401c7, 0x0471c7, 0x0471c7, 0x0781c7, 0x0781c7,
	0x040007, 0x040007, 0x040007, 0x040007, 0x040e38, 0x040e38, 0x078e38, 0x078e38,
	0x047e38, 0x047e38, 0x040038, 0x040038, 0x040038, 0x040038, 0x040e07, 0x040e07,
	0x078e07, 0x078e07, 0x047e07, 0x047e07, 0x040007, 0x040007, 0x040007, 0x040007,
	0x047038, 0x047038, 0x047e38, 0x047e38, 0x0471f8, 0x0471f8, 0x040038, 0x040038,
	0x040038, 0x040038, 0x047007, 0x047007, 0x047e07, 0x047e07, 0x0471c7, 0x0471c7,
	0x040007, 0x040007, 0x040007, 0x040007, 0x078038, 0x078038, 0x0781f8, 0x0781f8,
	0x078e38, 0x078e38, 0x040038, 0x040038, 0x040038, 0x040038, 0x078007, 0x078007,
	0x0781c7, 0x0781c7, 0x078e07, 0x078e07, 0x040007, 0x040007, 0x040007, 0x040007,
	0x0401f8, 0x0401f8, 0x0471f8, 0x0471f8, 0x0781f8, 0x0781f8, 0x040038, 0x040038,
	0x040038, 0x040038, 0x0401c7, 0x0401c7, 0x0471c7, 0x0471c7, 0x0781c7, 0x0781c7,
	0x040007, 0x040007, 0x040007, 0x040007, 0x040e38, 0x040e38, 0x078e38, 0x078e38,
	0x047e38, 0x047e38, 0x040038, 0x040038, 0x040038, 0x040038, 0x040e07, 0x040e07,
	0x078e07, 0x078e07, 0x047e07, 0x047e07, 0x040007, 0x040007, 0x040007, 0x040007,
	0x047038, 0x047038, 0x047e38, 0x047e38, 0x0471f8, 0x0471f8, 0x040038, 0x040038,
	0x040038, 0x040038, 0x047007, 0x047007, 0x047e07, 0x047e07, 0x0471c7, 0x0471c7,
	0x040007, 0x040007, 0x040007, 0x040007, 0x078038, 0x078038, 0x0781f8, 0x0781f8,
	0x078e38, 0x078e38, 0x040038, 0x040038, 0x040038, 0x040038, 0x078007, 0x078007,
	0x0781c7, 0x0781c7, 0x078e07, 0x078e07, 0x040007, 0x040007, 0x040007, 0x040007,
	0x0401f8, 0x0401f8, 0x0471f8, 0x0471f8, 0x0781f8, 0x0781f8, 0x040038, 0x040038,
	0x040038, 0x040038, 0x0401c7, 0x0401c7, 0x0471c7, 0x0471c7, 0x0781c7, 0x0781c7,
	0x040007, 0x040007, 0x040007, 0x040007, 0x040e38, 0x040e38, 0x078e38, 0x078e38,
	0x047e38, 0x047e38, 0x040038, 0x040038, 0x040038, 0x040038, 0x040e07, 0x040e07,
	0x078e07, 0x078e07, 0x047e07, 0x047e07, 0x040007, 0x040007, 0x040007, 0x040007,
	0x047038, 0x047038, 0x047e38, 0x047e38, 0x0471f8, 0x0471f8, 0x040038, 0x040038,
	0x040038, 0x040038, 0x047007, 0x047007, 0x047e07, 0x047e07, 0x0471c7, 0x0471c7,
	0x040007, 0x040007, 0x040007, 0x040007, 0x078038, 0x078038, 0x0781f8, 0x0781f8,
	0x078e38, 0x078e38, 0x040038, 0x040038, 0x040038, 0x040038, 0x078007, 0x078007,
	0x0781c7, 0x0781c7, 0x078e07, 0x078e07, 0x040007, 0x040007, 0x040007, 0x040007,
	0x0401f8, 0x0401f8, 0x0471f8, 0x0471f8, 0x0781f8, 0x0781f8, 0x040038, 0x040038,
	0x040038, 0x040038, 0x0401c7, 0x0401c7, 0x0471c7, 0x0471c7, 0x0781c7, 0x0781c7,
	0x040007, 0x040007, 0x040007, 0x040007, 0x040e38, 0x040e38, 0x078e38, 0x078e38,
	0x047e38, 0x047e38, 0x040038, 0x040038, 0x040038, 0x040038, 0x040e07, 0x040e07,
	0x078e07, 0x078e07, 0x047e07, 0x047e07, 0x040007, 0x040007, 0x040007, 0x040007,
	0x047038, 0x047038, 0x047e38, 0x047e38, 0x0471f8, 0x0471f8, 0x040038, 0x040038,
	0x040038, 0x040038, 0x047007, 0x047007, 0x047e07, 0x047e07, 0x0471c7, 0x0471c7,
	0x040007, 0x040007, 0x040007, 0x040007, 0x078038, 0x078038, 0x0781f8, 0x0781f8,
	0x078e38, 0x078e38, 0x040038, 0x040038, 0x040038, 0x040038, 0x078007, 0x078007,
	0x0781c7, 0x0781c7, 0x078e07, 0x078e07, 0x040007, 0x040007, 0x040007, 0x040007,
	0x0401f8, 0x0401f8, 0x0471f8, 0x0471f8, 0x0781f8, 0x0781f8, 0x040038, 0x040038,
	0x040038, 0x040038, 0x0401c7, 0x0401c7, 0x0471c7, 0x0471c7, 0x0781c7, 0x0781c7,
	0x040007, 0x040007, 0x040007, 0x040007, 0x040e38, 0x040e38, 0x078e38, 0x078e38,
	0x047e38, 0x047e38, 0x040038, 0x040038, 0x040038, 0x040038, 0x040e07, 0x040e07,
	0x078e07, 0x078e07, 0x047e07, 0x047e07, 0x040007, 0x040007, 0x040007, 0x040007,
	0x047038, 0x047038, 0x047e38, 0x047e38, 0x0471f8, 0x0471f8, 0x040038, 0x040038,
	0x040038, 0x040038, 0x047007, 0x047007, 0x047e07, 0x047e07, 0x0471c7, 0x0471c7,
	0x040007, 0x040007, 0x040007, 0x040007, 0x078038, 0x078038, 0x0781f8, 0x0781f8,
	0x078e38, 0x078e38, 0x040038, 0x040038, 0x040038, 0x040038, 0x078007, 0x078007,
	0x0781c7, 0x0781c7, 0x078e07, 0x078e07, 0x040007, 0x040007, 0x040007, 0x040007,
	0x0401f8, 0x0401f8, 0x0471f8, 0x0471f8, 0x0781f8, 0x0781f8, 0x040038, 0x040038,
	0x040038, 0x040038, 0x0401c7, 0x0401c7, 0x0471c7, 0x0471c7, 0x0781c7, 0x0781c7,
	0x040007, 0x040007, 0x040007, 0x040007, 0x040e38, 0x040e38, 0x078e38, 0x078e38,
	0x047e38, 0x047e38, 0x040038, 0x040038, 0x040038, 0x040038, 0x040e07, 0x040e07,
	0x078e07, 0x078e07, 0x047e07, 0x047e07, 0x040007, 0x040007, 0x040007, 0x040007,
	0x047038, 0x047038, 0x047e38, 0x047e38, 0x0471f8, 0x0471f8, 0x040038, 0x040038,
	0x040038, 0x040038, 0x047007, 0x047007, 0x047e07, 0x047e07, 0x0471c7, 0x0471c7,
	0x040007, 0x040007, 0x040007, 0x040007, 0x078038, 0x078038, 0x0781f8, 0x0781f8,
	0x078e38, 0x078e38, 0x040038, 0x040038, 0x040038, 0x040038, 0x078007, 0x078007,
	0x0781c7, 0x0781c7, 0x078e07, 0x078e07, 0x040007, 0x040007, 0x040007, 0x040007,
	0x0401f8, 0x0401f8, 0x0471f8, 0x0471f8, 0x0781f8, 0x0781f8, 0x040038, 0x040038,
	0x040038, 0x040038, 0x0401c7, 0x0401c7, 0x0471c7, 0x0471c7, 0x0781c7, 0x0781c7,
	0x040007, 0x040007, 0x040007, 0x040007, 0x040e38, 0x040e38, 0x078e38, 0x078e38,
	0x047e38, 0x047e38, 0x040038, 0x040038, 0x040038, 0x040038, 0x040e07, 0x040e07,
	0x078e07, 0x078e07, 0x047e07, 0x047e07, 0x040007, 0x040007, 0x040007, 0x040007,
	0x047038, 0x047038, 0x047e38, 0x047e38, 0x0471f8, 0x0471f8, 0x040038, 0x040038,
	0x040038, 0x040038, 0x047007, 0x047007, 0x047e07, 0x047e07, 0x0471c7, 0x0471c7,
	0x040007, 0x040007, 0x040007, 0x040007, 0x078038, 0x078038, 0x0781f8, 0x0781f8,
	0x078e38, 0x078e38, 0x040038, 0x040038, 0x040038, 0x040038, 0x078007, 0x078007,
	0x0781c7, 0x0781c7, 0x078e07, 0x078e07, 0x040007, 0x040007, 0x040007, 0x040007,
	0x0401f8, 0x0401f8, 0x0471f8, 0x0471f8, 0x0781f8, 0x0781f8, 0x040038, 0x040038,
	0x040038, 0x040038, 0x0401c7, 0x0401c7, 0x0471c7, 0x0471c7, 0x0781c7, 0x0781c7,
	0x040007, 0x040007, 0x040007, 0x040007, 0x040e38, 0x040e38, 0x078e38, 0x078e38,
	0x047e38, 0x047e38, 0x040038, 0x040038, 0x040038, 0x040038, 0x040e07, 0x040e07,
	0x078e07, 0x078e07, 0x047e07, 0x047e07, 0x040007, 0x040007, 0x040007, 0x040007,
	0x047038, 0x047038, 0x047e38, 0x047e38, 0x0471f8, 0x0471f8, 0x040038, 0x040038,
	0x040038, 0x040038, 0x047007, 0x047007, 0x047e07, 0x047e07, 0x0471c7, 0x0471c7,
	0x040007, 0x040007, 0x040007, 0x040007, 0x078038, 0x078038, 0x0781f8, 0x0781f8,
	0x078e38, 0x078e38, 0x040038, 0x040038, 0x040038, 0x040038, 0x078007, 0x078007,
	0x0781c7, 0x0781c7, 0x078e07, 0x078e07, 0x040007, 0x040007, 0x040007, 0x040007,
	0x040038, 0x040038, 0x040007, 0x040007, 0x1fffff, 0x1fffff, 0x040038, 0x040038,
	0x040007, 0x040007, 0x1fffff, 0x1fffff, 0x040038, 0x040038, 0x040007, 0x040007,
	0x1fffff, 0x1fffff, 0x040038, 0x040038, 0x040007, 0x040007, 0x1fffff, 0x1fffff,
	0x040038, 0x040038, 0x040007, 0x040007, 0x1fffff, 0x1fffff, 0x040038, 0x040038,
	0x040007, 0x040007, 0x1fffff, 0x1fffff, 0x040038, 0x040038, 0x040007, 0x040007,
	0x1fffff, 0x1fffff, 0x040038, 0x040038, 0x040007, 0x040007, 0x1fffff, 0x1fffff,
	0x040038, 0x040038, 0x040007, 0x040007, 0x1fffff, 0x1fffff, 0x040038, 0x040038,
	0x040007, 0x040007, 0x1fffff, 0x1fffff, 0x040038, 0x040038, 0x040007, 0x040007,
	0x1fffff, 0x1fffff, 0x040038, 0x040038, 0x040007, 0x040007, 0x1fffff, 0x1fffff,
	0x040038, 0x040038, 0x040007, 0x040007, 0x1fffff, 0x1fffff, 0x040012, 0x042012,
	0x042012, 0x040012, 0x042012, 0x042012, 0x040000, 0x042012, 0x042012, 0x040000,
	0x042012, 0x042012, 0x040412, 0x042412, 0x042412, 0x040412, 0x042412, 0x042412,
	0x040412, 0x042412, 0x042412, 0x040412, 0x042412, 0x042412, 0x040412, 0x042412,
	0x042412, 0x040412, 0x042412, 0x042412, 0x040412, 0x042412, 0x042412, 0x040412,
	0x042412, 0x042412, 0x040092, 0x042092, 0x042092, 0x040092, 0x042092, 0x042092,
	0x040092, 0x042092, 0x042092, 0x040092, 0x042092, 0x042092, 0x040492, 0x042492,
	0x042492, 0x040492, 0x042492, 0x042492, 0x040492, 0x042492, 0x042492, 0x040492,
	0x042492, 0x042492, 0x040492, 0x042492, 0x042492, 0x040492, 0x042492, 0x042492,
	0x040492, 0x042492, 0x042492, 0x040492, 0x042492, 0x042492, 0x040092, 0x042092,
	0x042092, 0x040092, 0x042092, 0x042092, 0x040092, 0x042092, 0x042092, 0x040092,
	0x042092, 0x042092, 0x040492, 0x042492, 0x042492, 0x040492, 0x042492, 0x042492,
	0x040492, 0x042492, 0x042492, 0x040492, 0x042492, 0x042492, 0x040492, 0x042492,
	0x042492, 0x040492, 0x042492, 0x042492, 0x040492, 0x042492, 0x042492, 0x040492,
	0x042492, 0x042492, 0x050012, 0x052012, 0x052012, 0x050012, 0x052012, 0x052012,
	0x050012, 0x052012, 0x052012, 0x050012, 0x052012, 0x052012, 0x050412, 0x052412,
	0x052412, 0x050412, 0x052412, 0x052412, 0x050412, 0x052412, 0x052412, 0x050412,
	0x052412, 0x052412, 0x050412, 0x052412, 0x052412, 0x050412, 0x052412, 0x052412,
	0x050412, 0x052412, 0x052412, 0x050412, 0x052412, 0x052412, 0x050092, 0x052092,
	0x052092, 0x050092, 0x052092, 0x052092, 0x050092, 0x052092, 0x052092, 0x050092,
	0x052092, 0x052092, 0x050492, 0x052492, 0x052492, 0x050492, 0x052492, 0x052492,
	0x050492, 0x052492, 0x052492, 0x050492, 0x052492, 0x052492, 0x050492, 0x052492,
	0x052492, 0x050492, 0x052492, 0x052492, 0x050492, 0x052492, 0x052492, 0x050492,
	0x052492, 0x052492, 0x050092, 0x052092, 0x052092, 0x050092, 0x052092, 0x052092,
	0x050092, 0x052092, 0x052092, 0x050092, 0x052092, 0x052092, 0x050492, 0x052492,
	0x052492, 0x050492, 0x052492, 0x052492, 0x050492, 0x052492, 0x052492, 0x050492,
	0x052492, 0x052492, 0x050492, 0x052492, 0x052492, 0x050492, 0x052492, 0x052492,
	0x050492, 0x052492, 0x052492, 0x050492, 0x052492, 0x052492, 0x050012, 0x052012,
	0x052012, 0x050012, 0x052012, 0x052012, 0x050012, 0x052012, 0x052012, 0x050012,
	0x052012, 0x052012, 0x050412, 0x052412, 0x052412, 0x050412, 0x052412, 0x052412,
	0x050412, 0x052412, 0x052412, 0x050412, 0x052412, 0x052412, 0x050412, 0x052412,
	0x052412, 0x050412, 0x052412, 0x052412, 0x050412, 0x052412, 0x052412, 0x050412,
	0x052412, 0x052412, 0x050092, 0x052092, 0x052092, 0x050092, 0x052092, 0x052092,
	0x050092, 0x052092, 0x052092, 0x050092, 0x052092, 0x052092, 0x050492, 0x052492,
	0x052492, 0x050492, 0x052492, 0x052492, 0x050492, 0x052492, 0x052492, 0x050492,
	0x052492, 0x052492, 0x050492, 0x052492, 0x052492, 0x050492, 0x052492, 0x052492,
	0x050492, 0x052492, 0x052492, 0x050492, 0x052492, 0x052492, 0x050092, 0x052092,
	0x052092, 0x050092, 0x052092, 0x052092, 0x050092, 0x052092, 0x052092, 0x050092,
	0x052092, 0x052092, 0x050492, 0x052492, 0x052492, 0x050492, 0x052492, 0x052492,
	0x050492, 0x052492, 0x052492, 0x050492, 0x052492, 0x052492, 0x050492, 0x052492,
	0x052492, 0x050492, 0x052492, 0x052492, 0x050492, 0x052492, 0x052492, 0x050492,
	0x052492, 0x052492, 0x040012, 0x042012, 0x042012, 0x040012, 0x042012, 0x042012,
	0x040000, 0x042012, 0x042012, 0x040000, 0x042012, 0x042012, 0x040412, 0x042412,
	0x042412, 0x040412, 0x042412, 0x042412, 0x040412, 0x042412, 0x042412, 0x040412,
	0x042412, 0x042412, 0x040412, 0x042412, 0x042412, 0x040412, 0x042412, 0x042412,
	0x040412, 0x042412, 0x042412, 0x040412, 0x042412, 0x042412, 0x040092, 0x042092,
	0x042092, 0x040092, 0x042092, 0x042092, 0x040092, 0x042092, 0x042092, 0x040092,
	0x042092, 0x042092, 0x040492, 0x042492, 0x042492, 0x040492, 0x042492, 0x042492,
	0x040492, 0x042492, 0x042492, 0x040492, 0x042492, 0x042492, 0x040492, 0x042492,
	0x042492, 0x040492, 0x042492, 0x042492, 0x040492, 0x042492, 0x042492, 0x040492,
	0x042492, 0x042492, 0x040092, 0x042092, 0x042092, 0x040092, 0x042092, 0x042092,
	0x040092, 0x042092, 0x042092, 0x040092, 0x042092, 0x042092, 0x040492, 0x042492,
	0x042492, 0x040492, 0x042492, 0x042492, 0x040492, 0x042492, 0x042492, 0x040492,
	0x042492, 0x042492, 0x040492, 0x042492, 0x042492, 0x040492, 0x042492, 0x042492,
	0x040492, 0x042492, 0x042492, 0x040492, 0x042492, 0x042492, 0x050012, 0x052012,
	0x052012, 0x050012, 0x052012, 0x052012, 0x050012, 0x052012, 0x052012, 0x050012,
	0x052012, 0x052012, 0x050412, 0x052412, 0x052412, 0x050412, 0x052412, 0x052412,
	0x050412, 0x052412, 0x052412, 0x050412, 0x052412, 0x052412, 0x050412, 0x052412,
	0x052412, 0x050412, 0x052412, 0x052412, 0x050412, 0x052412, 0x052412, 0x050412,
	0x052412, 0x052412, 0x050092, 0x052092, 0x052092, 0x050092, 0x052092, 0x052092,
	0x050092, 0x052092, 0x052092, 0x050092, 0x052092, 0x052092, 0x050492, 0x052492,
	0x052492, 0x050492, 0x052492, 0x052492, 0x050492, 0x052492, 0x052492, 0x050492,
	0x052492, 0x052492, 0x050492, 0x052492, 0x052492, 0x050492, 0x052492, 0x052492,
	0x050492, 0x052492, 0x052492, 0x050492, 0x052492, 0x052492, 0x050092, 0x052092,
	0x052092, 0x050092, 0x052092, 0x052092, 0x050092, 0x052092, 0x052092, 0x050092,
	0x052092, 0x052092, 0x050492, 0x052492, 0x052492, 0x050492, 0x052492, 0x052492,
	0x050492, 0x052492, 0x052492, 0x050492, 0x052492, 0x052492, 0x050492, 0x052492,
	0x052492, 0x050492, 0x052492, 0x052492, 0x050492, 0x052492, 0x052492, 0x050492,
	0x052492, 0x052492, 0x050012, 0x052012, 0x052012, 0x050012, 0x052012, 0x052012,
	0x050012, 0x052012, 0x052012, 0x050012, 0x052012, 0x052012, 0x050412, 0x052412,
	0x052412, 0x050412, 0x052412, 0x052412, 0x050412, 0x052412, 0x052412, 0x050412,
	0x052412, 0x052412, 0x050412, 0x052412, 0x052412, 0x050412, 0x052412, 0x052412,
	0x050412, 0x052412, 0x052412, 0x050412, 0x052412, 0x052412, 0x050092, 0x052092,
	0x052092, 0x050092, 0x052092, 0x052092, 0x050092, 0x052092, 0x052092, 0x050092,
	0x052092, 0x052092, 0x050492, 0x052492, 0x052492, 0x050492, 0x052492, 0x052492,
	0x050492, 0x052492, 0x052492, 0x050492, 0x052492, 0x052492, 0x050492, 0x052492,
	0x052492, 0x050492, 0x052492, 0x052492, 0x050492, 0x052492, 0x052492, 0x050492,
	0x052492, 0x052492, 0x050092, 0x052092, 0x052092, 0x050092, 0x052092, 0x052092,
	0x050092, 0x052092, 0x052092, 0x050092, 0x052092, 0x052092, 0x050492, 0x052492,
	0x052492, 0x050492, 0x052492, 0x052492, 0x050492, 0x052492, 0x052492, 0x050492,
	0x052492, 0x052492, 0x050492, 0x052492, 0x052492, 0x050492, 0x052492, 0x052492,
	0x050492, 0x052492, 0x052492, 0x050492, 0x052492, 0x052492, 0x040012, 0x042012,
	0x042012, 0x040012, 0x042012, 0x042012, 0x040000, 0x042012, 0x042012, 0x040000,
	0x042012, 0x042012, 0x040412, 0x042412, 0x042412, 0x040412, 0x042412, 0x042412,
	0x040412, 0x042412, 0x042412, 0x040412, 0x042412, 0x042412, 0x040412, 0x042412,
	0x042412, 0x040412, 0x042412, 0x042412, 0x040412, 0x042412, 0x042412, 0x040412,
	0x042412, 0x042412, 0x040092, 0x042092, 0x042092, 0x040092, 0x042092, 0x042092,
	0x040092, 0x042092, 0x042092, 0x040092, 0x042092, 0x042092, 0x040492, 0x042492,
	0x042492, 0x040492, 0x042492, 0x042492, 0x040492, 0x042492, 0x042492, 0x040492,
	0x042492, 0x042492, 0x040492, 0x042492, 0x042492, 0x040492, 0x042492, 0x042492,
	0x040492, 0x042492, 0x042492, 0x040492, 0x042492, 0x042492, 0x040092, 0x042092,
	0x042092, 0x040092, 0x042092, 0x042092, 0x040092, 0x042092, 0x042092, 0x040092,
	0x042092, 0x042092, 0x040492, 0x042492, 0x042492, 0x040492, 0x042492, 0x042492,
	0x040492, 0x042492, 0x042492, 0x040492, 0x042492, 0x042492, 0x040492, 0x042492,
	0x042492, 0x040492, 0x042492, 0x042492, 0x040492, 0x042492, 0x042492, 0x040492,
	0x042492, 0x042492, 0x050012, 0x052012, 0x052012, 0x050012, 0x052012, 0x052012,
	0x050012, 0x052012, 0x052012, 0x050012, 0x052012, 0x052012, 0x050412, 0x052412,
	0x052412, 0x050412, 0x052412, 0x052412, 0x050412, 0x052412, 0x052412, 0x050412,
	0x052412, 0x052412, 0x050412, 0x052412, 0x052412, 0x050412, 0x052412, 0x052412,
	0x050412, 0x052412, 0x052412, 0x050412, 0x052412, 0x052412, 0x050092, 0x052092,
	0x052092, 0x050092, 0x052092, 0x052092, 0x050092, 0x052092, 0x052092, 0x050092,
	0x052092, 0x052092, 0x050492, 0x052492, 0x052492, 0x050492, 0x052492, 0x052492,
	0x050492, 0x052492, 0x052492, 0x050492, 0x052492, 0x052492, 0x050492, 0x052492,
	0x052492, 0x050492, 0x052492, 0x052492, 0x050492, 0x052492, 0x052492, 0x050492,
	0x052492, 0x052492, 0x050092, 0x052092, 0x052092, 0x050092, 0x052092, 0x052092,
	0x050092, 0x052092, 0x052092, 0x050092, 0x052092, 0x052092, 0x050492, 0x052492,
	0x052492, 0x050492, 0x052492, 0x052492, 0x050492, 0x052492, 0x052492, 0x050492,
	0x052492, 0x052492, 0x050492, 0x052492, 0x052492, 0x050492, 0x052492, 0x052492,
	0x050492, 0x052492, 0x052492, 0x050492, 0x052492, 0x052492, 0x050012, 0x052012,
	0x052012, 0x050012, 0x052012, 0x052012, 0x050012, 0x052012, 0x052012, 0x050012,
	0x052012, 0x052012, 0x050412, 0x052412, 0x052412, 0x050412, 0x052412, 0x052412,
	0x050412, 0x052412, 0x052412, 0x050412, 0x052412, 0x052412, 0x050412, 0x052412,
	0x052412, 0x050412, 0x052412, 0x052412, 0x050412, 0x052412, 0x052412, 0x050412,
	0x052412, 0x052412, 0x050092, 0x052092, 0x052092, 0x050092, 0x052092, 0x052092,
	0x050092, 0x052092, 0x052092, 0x050092, 0x052092, 0x052092, 0x050492, 0x052492,
	0x052492, 0x050492, 0x052492, 0x052492, 0x050492, 0x052492, 0x052492, 0x050492,
	0x052492, 0x052492, 0x050492, 0x052492, 0x052492, 0x050492, 0x052492, 0x052492,
	0x050492, 0x052492, 0x052492, 0x050492, 0x052492, 0x052492, 0x050092, 0x052092,
	0x052092, 0x050092, 0x052092, 0x052092, 0x050092, 0x052092, 0x052092, 0x050092,
	0x052092, 0x052092, 0x050492, 0x052492, 0x052492, 0x050492, 0x052492, 0x052492,
	0x050492, 0x052492, 0x052492, 0x050492, 0x052492, 0x052492, 0x050492, 0x052492,
	0x052492, 0x050492, 0x052492, 0x052492, 0x050492, 0x052492, 0x052492, 0x050492,
	0x052492, 0x052492, 0x040012, 0x042012, 0x042012, 0x040012, 0x042012, 0x042012,
	0x040000, 0x042012, 0x042012, 0x040000, 0x042012, 0x042012, 0x040412, 0x042412,
	0x042412, 0x040412, 0x042412, 0x042412, 0x040412, 0x042412, 0x042412, 0x040412,
	0x042412, 0x042412, 0x040412, 0x042412, 0x042412, 0x040412, 0x042412, 0x042412,
	0x040412, 0x042412, 0x042412, 0x040412, 0x042412, 0x042412, 0x040092, 0x042092,
	0x042092, 0x040092, 0x042092, 0x042092, 0x040092, 0x042092, 0x042092, 0x040092,
	0x042092, 0x042092, 0x040492, 0x042492, 0x042492, 0x040492, 0x042492, 0x042492,
	0x040492, 0x042492, 0x042492, 0x040492, 0x042492, 0x042492, 0x040492, 0x042492,
	0x042492, 0x040492, 0x042492, 0x042492, 0x040492, 0x042492, 0x042492, 0x040492,
	0x042492, 0x042492, 0x040092, 0x042092, 0x042092, 0x040092, 0x042092, 0x042092,
	0x040092, 0x042092, 0x042092, 0x040092, 0x042092, 0x042092, 0x040492, 0x042492,
	0x042492, 0x040492, 0x042492, 0x042492, 0x040492, 0x042492, 0x042492, 0x040492,
	0x042492, 0x042492, 0x040492, 0x042492, 0x042492, 0x040492, 0x042492, 0x042492,
	0x040492, 0x042492, 0x042492, 0x040492, 0x042492, 0x042492, 0x050012, 0x052012,
	0x052012, 0x050012, 0x052012, 0x052012, 0x050012, 0x052012, 0x052012, 0x050012,
	0x052012, 0x052012, 0x050412, 0x052412, 0x052412, 0x050412, 0x052412, 0x052412,
	0x050412, 0x052412, 0x052412, 0x050412, 0x052412, 0x052412, 0x050412, 0x052412,
	0x052412, 0x050412, 0x052412, 0x052412, 0x050412, 0x052412, 0x052412, 0x050412,
	0x052412, 0x052412, 0x050092, 0x052092, 0x052092, 0x050092, 0x052092, 0x052092,
	0x050092, 0x052092, 0x052092, 0x050092, 0x052092, 0x052092, 0x050492, 0x052492,
	0x052492, 0x050492, 0x052492, 0x052492, 0x050492, 0x052492, 0x052492, 0x050492,
	0x052492, 0x052492, 0x050492, 0x052492, 0x052492, 0x050492, 0x052492, 0x052492,
	0x050492, 0x052492, 0x052492, 0x050492, 0x052492, 0x052492, 0x050092, 0x052092,
	0x052092, 0x050092, 0x052092, 0x052092, 0x050092, 0x052092, 0x052092, 0x050092,
	0x052092, 0x052092, 0x050492, 0x052492, 0x052492, 0x050492, 0x052492, 0x052492,
	0x050492, 0x052492, 0x052492, 0x050492, 0x052492, 0x052492, 0x050492, 0x052492,
	0x052492, 0x050492, 0x052492, 0x052492, 0x050492, 0x052492, 0x052492, 0x050492,
	0x052492, 0x052492, 0x050012, 0x052012, 0x052012, 0x050012, 0x052012, 0x052012,
	0x050012, 0x052012, 0x052012, 0x050012, 0x052012, 0x052012, 0x050412, 0x052412,
	0x052412, 0x050412, 0x052412, 0x052412, 0x050412, 0x052412, 0x052412, 0x050412,
	0x052412, 0x052412, 0x050412, 0x052412, 0x052412, 0x050412, 0x052412, 0x052412,
	0x050412, 0x052412, 0x052412, 0x050412, 0x052412, 0x052412, 0x050092, 0x052092,
	0x052092, 0x050092, 0x052092, 0x052092, 0x050092, 0x052092, 0x052092, 0x050092,
	0x052092, 0x052092, 0x050492, 0x052492, 0x052492, 0x050492, 0x052492, 0x052492,
	0x050492, 0x052492, 0x052492, 0x050492, 0x052492, 0x052492, 0x050492, 0x052492,
	0x052492, 0x050492, 0x052492, 0x052492, 0x050492, 0x052492, 0x052492, 0x050492,
	0x052492, 0x052492, 0x050092, 0x052092, 0x052092, 0x050092, 0x052092, 0x052092,
	0x050092, 0x052092, 0x052092, 0x050092, 0x052092, 0x052092, 0x050492, 0x052492,
	0x052492, 0x050492, 0x052492, 0x052492, 0x050492, 0x052492, 0x052492, 0x050492,
	0x052492, 0x052492, 0x050492, 0x052492, 0x052492, 0x050492, 0x052492, 0x052492,
	0x050492, 0x052492, 0x052492, 0x050492, 0x052492, 0x052492, 0x040012, 0x042012,
	0x042012, 0x040012, 0x042012, 0x042012, 0x040000, 0x042012, 0x042012, 0x040000,
	0x042012, 0x042012, 0x040412, 0x042412, 0x042412, 0x040412, 0x042412, 0x042412,
	0x040412, 0x042412, 0x042412, 0x040412, 0x042412, 0x042412, 0x040412, 0x042412,
	0x042412, 0x040412, 0x042412, 0x042412, 0x040412, 0x042412, 0x042412, 0x040412,
	0x042412, 0x042412, 0x040092, 0x042092, 0x042092, 0x040092, 0x042092, 0x042092,
	0x040092, 0x042092, 0x042092, 0x040092, 0x042092, 0x042092, 0x040492, 0x042492,
	0x042492, 0x040492, 0x042492, 0x042492, 0x040492, 0x042492, 0x042492, 0x040492,
	0x042492, 0x042492, 0x040492, 0x042492, 0x042492, 0x040492, 0x042492, 0x042492,
	0x040492, 0x042492, 0x042492, 0x040492, 0x042492, 0x042492, 0x040092, 0x042092,
	0x042092, 0x040092, 0x042092, 0x042092, 0x040092, 0x042092, 0x042092, 0x040092,
	0x042092, 0x042092, 0x040492, 0x042492, 0x042492, 0x040492, 0x042492, 0x042492,
	0x040492, 0x042492, 0x042492, 0x040492, 0x042492, 0x042492, 0x040492, 0x042492,
	0x042492, 0x040492, 0x042492, 0x042492, 0x040492, 0x042492, 0x042492, 0x040492,
	0x042492, 0x042492, 0x050012, 0x052012, 0x052012, 0x050012, 0x052012, 0x052012,
	0x050012, 0x052012, 0x052012, 0x050012, 0x052012, 0x052012, 0x050412, 0x052412,
	0x052412, 0x050412, 0x052412, 0x052412, 0x050412, 0x052412, 0x052412, 0x050412,
	0x052412, 0x052412, 0x050412, 0x052412, 0x052412, 0x050412, 0x052412, 0x052412,
	0x050412, 0x052412, 0x052412, 0x050412, 0x052412, 0x052412, 0x050092, 0x052092,
	0x052092, 0x050092, 0x052092, 0x052092, 0x050092, 0x052092, 0x052092, 0x050092,
	0x052092, 0x052092, 0x050492, 0x052492, 0x052492, 0x050492, 0x052492, 0x052492,
	0x050492, 0x052492, 0x052492, 0x050492, 0x052492, 0x052492, 0x050492, 0x052492,
	0x052492, 0x050492, 0x052492, 0x052492, 0x050492, 0x052492, 0x052492, 0x050492,
	0x052492, 0x052492, 0x050092, 0x052092, 0x052092, 0x050092, 0x052092, 0x052092,
	0x050092, 0x052092, 0x052092, 0x050092, 0x052092, 0x052092, 0x050492, 0x052492,
	0x052492, 0x050492, 0x052492, 0x052492, 0x050492, 0x052492, 0x052492, 0x050492,
	0x052492, 0x052492, 0x050492, 0x052492, 0x052492, 0x050492, 0x052492, 0x052492,
	0x050492, 0x052492, 0x052492, 0x050492, 0x052492, 0x052492, 0x050012, 0x052012,
	0x052012, 0x050012, 0x052012, 0x052012, 0x050012, 0x052012, 0x052012, 0x050012,
	0x052012, 0x052012, 0x050412, 0x052412, 0x052412, 0x050412, 0x052412, 0x052412,
	0x050412, 0x052412, 0x052412, 0x050412, 0x052412, 0x052412, 0x050412, 0x052412,
	0x052412, 0x050412, 0x052412, 0x052412, 0x050412, 0x052412, 0x052412, 0x050412,
	0x052412, 0x052412, 0x050092, 0x052092, 0x052092, 0x050092, 0x052092, 0x052092,
	0x050092, 0x052092, 0x052092, 0x050092, 0x052092, 0x052092, 0x050492, 0x052492,
	0x052492, 0x050492, 0x052492, 0x052492, 0x050492, 0x052492, 0x052492, 0x050492,
	0x052492, 0x052492, 0x050492, 0x052492, 0x052492, 0x050492, 0x052492, 0x052492,
	0x050492, 0x052492, 0x052492, 0x050492, 0x052492, 0x052492, 0x050092, 0x052092,
	0x052092, 0x050092, 0x052092, 0x052092, 0x050092, 0x052092, 0x052092, 0x050092,
	0x052092, 0x052092, 0x050492, 0x052492, 0x052492, 0x050492, 0x052492, 0x052492,
	0x050492, 0x052492, 0x052492, 0x050492, 0x052492, 0x052492, 0x050492, 0x052492,
	0x052492, 0x050492, 0x052492, 0x052492, 0x050492, 0x052492, 0x052492, 0x050492,
	0x052492, 0x052492, 0x040012, 0x042012, 0x042012, 0x040012, 0x042012, 0x042012,
	0x040000, 0x042012, 0x042012, 0x040000, 0x042012, 0x042012, 0x040412, 0x042412,
	0x042412, 0x040412, 0x042412, 0x042412, 0x040412, 0x042412, 0x042412, 0x040412,
	0x042412, 0x042412, 0x040412, 0x042412, 0x042412, 0x040412, 0x042412, 0x042412,
	0x040412, 0x042412, 0x042412, 0x040412, 0x042412, 0x042412, 0x040092, 0x042092,
	0x042092, 0x040092, 0x042092, 0x042092, 0x040092, 0x042092, 0x042092, 0x040092,
	0x042092, 0x042092, 0x040492, 0x042492, 0x042492, 0x040492, 0x042492, 0x042492,
	0x040492, 0x042492, 0x042492, 0x040492, 0x042492, 0x042492, 0x040492, 0x042492,
	0x042492, 0x040492, 0x042492, 0x042492, 0x040492, 0x042492, 0x042492, 0x040492,
	0x042492, 0x042492, 0x040092, 0x042092, 0x042092, 0x040092, 0x042092, 0x042092,
	0x040092, 0x042092, 0x042092, 0x040092, 0x042092, 0x042092, 0x040492, 0x042492,
	0x042492, 0x040492, 0x042492, 0x042492, 0x040492, 0x042492, 0x042492, 0x040492,
	0x042492, 0x042492, 0x040492, 0x042492, 0x042492, 0x040492, 0x042492, 0x042492,
	0x040492, 0x042492, 0x042492, 0x040492, 0x042492, 0x042492, 0x050012, 0x052012,
	0x052012, 0x050012, 0x052012, 0x052012, 0x050012, 0x052012, 0x052012, 0x050012,
	0x052012, 0x052012, 0x050412, 0x052412, 0x052412, 0x050412, 0x052412, 0x052412,
	0x050412, 0x052412, 0x052412, 0x050412, 0x052412, 0x052412, 0x050412, 0x052412,
	0x052412, 0x050412, 0x052412, 0x052412, 0x050412, 0x052412, 0x052412, 0x050412,
	0x052412, 0x052412, 0x050092, 0x052092, 0x052092, 0x050092, 0x052092, 0x052092,
	0x050092, 0x052092, 0x052092, 0x050092, 0x052092, 0x052092, 0x050492, 0x052492,
	0x052492, 0x050492, 0x052492, 0x052492, 0x050492, 0x052492, 0x052492, 0x050492,
	0x052492, 0x052492, 0x050492, 0x052492, 0x052492, 0x050492, 0x052492, 0x052492,
	0x050492, 0x052492, 0x052492, 0x050492, 0x052492, 0x052492, 0x050092, 0x052092,
	0x052092, 0x050092, 0x052092, 0x052092, 0x050092, 0x052092, 0x052092, 0x050092,
	0x052092, 0x052092, 0x050492, 0x052492, 0x052492, 0x050492, 0x052492, 0x052492,
	0x050492, 0x052492, 0x052492, 0x050492, 0x052492, 0x052492, 0x050492, 0x052492,
	0x052492, 0x050492, 0x052492, 0x052492, 0x050492, 0x052492, 0x052492, 0x050492,
	0x052492, 0x052492, 0x050012, 0x052012, 0x052012, 0x050012, 0x052012, 0x052012,
	0x050012, 0x052012, 0x052012, 0x050012, 0x052012, 0x052012, 0x050412, 0x052412,
	0x052412, 0x050412, 0x052412, 0x052412, 0x050412, 0x052412, 0x052412, 0x050412,
	0x052412, 0x052412, 0x050412, 0x052412, 0x052412, 0x050412, 0x052412, 0x052412,
	0x050412, 0x052412, 0x052412, 0x050412, 0x052412, 0x052412, 0x050092, 0x052092,
	0x052092, 0x050092, 0x052092, 0x052092, 0x050092, 0x052092, 0x052092, 0x050092,
	0x052092, 0x052092, 0x050492, 0x052492, 0x052492, 0x050492, 0x052492, 0x052492,
	0x050492, 0x052492, 0x052492, 0x050492, 0x052492, 0x052492, 0x050492, 0x052492,
	0x052492, 0x050492, 0x052492, 0x052492, 0x050492, 0x052492, 0x052492, 0x050492,
	0x052492, 0x052492, 0x050092, 0x052092, 0x052092, 0x050092, 0x052092, 0x052092,
	0x050092, 0x052092, 0x052092, 0x050092, 0x052092, 0x052092, 0x050492, 0x052492,
	0x052492, 0x050492, 0x052492, 0x052492, 0x050492, 0x052492, 0x052492, 0x050492,
	0x052492, 0x052492, 0x050492, 0x052492, 0x052492, 0x050492, 0x052492, 0x052492,
	0x050492, 0x052492, 0x052492, 0x050492, 0x052492, 0x052492, 0x040012, 0x042012,
	0x042012, 0x040012, 0x042012, 0x042012, 0x040000, 0x042012, 0x042012, 0x040000,
	0x042012, 0x042012, 0x040412, 0x042412, 0x042412, 0x040412, 0x042412, 0x042412,
	0x040412, 0x042412, 0x042412, 0x040412, 0x042412, 0x042412, 0x040412, 0x042412,
	0x042412, 0x040412, 0x042412, 0x042412, 0x040412, 0x042412, 0x042412, 0x040412,
	0x042412, 0x042412, 0x040092, 0x042092, 0x042092, 0x040092, 0x042092, 0x042092,
	0x040092, 0x042092, 0x042092, 0x040092, 0x042092, 0x042092, 0x040492, 0x042492,
	0x042492, 0x040492, 0x042492, 0x042492, 0x040492, 0x042492, 0x042492, 0x040492,
	0x042492, 0x042492, 0x040492, 0x042492, 0x042492, 0x040492, 0x042492, 0x042492,
	0x040492, 0x042492, 0x042492, 0x040492, 0x042492, 0x042492, 0x040092, 0x042092,
	0x042092, 0x040092, 0x042092, 0x042092, 0x040092, 0x042092, 0x042092, 0x040092,
	0x042092, 0x042092, 0x040492, 0x042492, 0x042492, 0x040492, 0x042492, 0x042492,
	0x040492, 0x042492, 0x042492, 0x040492, 0x042492, 0x042492, 0x040492, 0x042492,
	0x042492, 0x040492, 0x042492, 0x042492, 0x040492, 0x042492, 0x042492, 0x040492,
	0x042492, 0x042492, 0x050012, 0x052012, 0x052012, 0x050012, 0x052012, 0x052012,
	0x050012, 0x052012, 0x052012, 0x050012, 0x052012, 0x052012, 0x050412, 0x052412,
	0x052412, 0x050412, 0x052412, 0x052412, 0x050412, 0x052412, 0x052412, 0x050412,
	0x052412, 0x052412, 0x050412, 0x052412, 0x052412, 0x050412, 0x052412, 0x052412,
	0x050412, 0x052412, 0x052412, 0x050412, 0x052412, 0x052412, 0x050092, 0x052092,
	0x052092, 0x050092, 0x052092, 0x052092, 0x050092, 0x052092, 0x052092, 0x050092,
	0x052092, 0x052092, 0x050492, 0x052492, 0x052492, 0x050492, 0x052492, 0x052492,
	0x050492, 0x052492, 0x052492, 0x050492, 0x052492, 0x052492, 0x050492, 0x052492,
	0x052492, 0x050492, 0x052492, 0x052492, 0x050492, 0x052492, 0x052492, 0x050492,
	0x052492, 0x052492, 0x050092, 0x052092, 0x052092, 0x050092, 0x052092, 0x052092,
	0x050092, 0x052092, 0x052092, 0x050092, 0x052092, 0x052092, 0x050492, 0x052492,
	0x052492, 0x050492, 0x052492, 0x052492, 0x050492, 0x052492, 0x052492, 0x050492,
	0x052492, 0x052492, 0x050492, 0x052492, 0x052492, 0x050492, 0x052492, 0x052492,
	0x050492, 0x052492, 0x052492, 0x050492, 0x052492, 0x052492, 0x050012, 0x052012,
	0x052012, 0x050012, 0x052012, 0x052012, 0x050012, 0x052012, 0x052012, 0x050012,
	0x052012, 0x052012, 0x050412, 0x052412, 0x052412, 0x050412, 0x052412, 0x052412,
	0x050412, 0x052412, 0x052412, 0x050412, 0x052412, 0x052412, 0x050412, 0x052412,
	0x052412, 0x050412, 0x052412, 0x052412, 0x050412, 0x052412, 0x052412, 0x050412,
	0x052412, 0x052412, 0x050092, 0x052092, 0x052092, 0x050092, 0x052092, 0x052092,
	0x050092, 0x052092, 0x052092, 0x050092, 0x052092, 0x052092, 0x050492, 0x052492,
	0x052492, 0x050492, 0x052492, 0x052492, 0x050492, 0x052492, 0x052492, 0x050492,
	0x052492, 0x052492, 0x050492, 0x052492, 0x052492, 0x050492, 0x052492, 0x052492,
	0x050492, 0x052492, 0x052492, 0x050492, 0x052492, 0x052492, 0x050092, 0x052092,
	0x052092, 0x050092, 0x052092, 0x052092, 0x050092, 0x052092, 0x052092, 0x050092,
	0x052092, 0x052092, 0x050492, 0x052492, 0x052492, 0x050492, 0x052492, 0x052492,
	0x050492, 0x052492, 0x052492, 0x050492, 0x052492, 0x052492, 0x050492, 0x052492,
	0x052492, 0x050492, 0x052492, 0x052492, 0x050492, 0x052492, 0x052492, 0x050492,
	0x052492, 0x052492, 0x040012, 0x042012, 0x042012, 0x040012, 0x042012, 0x042012,
	0x040000, 0x042012, 0x042012, 0x040000, 0x042012, 0x042012, 0x040412, 0x042412,
	0x042412, 0x040412, 0x042412, 0x042412, 0x040412, 0x042412, 0x042412, 0x040412,
	0x042412, 0x042412, 0x040412, 0x042412, 0x042412, 0x040412, 0x042412, 0x042412,
	0x040412, 0x042412, 0x042412, 0x040412, 0x042412, 0x042412, 0x040092, 0x042092,
	0x042092, 0x040092, 0x042092, 0x042092, 0x040092, 0x042092, 0x042092, 0x040092,
	0x042092, 0x042092, 0x040492, 0x042492, 0x042492, 0x040492, 0x042492, 0x042492,
	0x040492, 0x042492, 0x042492, 0x040492, 0x042492, 0x042492, 0x040492, 0x042492,
	0x042492, 0x040492, 0x042492, 0x042492, 0x040492, 0x042492, 0x042492, 0x040492,
	0x042492, 0x042492, 0x040092, 0x042092, 0x042092, 0x040092, 0x042092, 0x042092,
	0x040092, 0x042092, 0x042092, 0x040092, 0x042092, 0x042092, 0x040492, 0x042492,
	0x042492, 0x040492, 0x042492, 0x042492, 0x040492, 0x042492, 0x042492, 0x040492,
	0x042492, 0x042492, 0x040492, 0x042492, 0x042492, 0x040492, 0x042492, 0x042492,
	0x040492, 0x042492, 0x042492, 0x040492, 0x042492, 0x042492, 0x050012, 0x052012,
	0x052012, 0x050012, 0x052012, 0x052012, 0x050012, 0x052012, 0x052012, 0x050012,
	0x052012, 0x052012, 0x050412, 0x052412, 0x052412, 0x050412, 0x052412, 0x052412,
	0x050412, 0x052412, 0x052412, 0x050412, 0x052412, 0x052412, 0x050412, 0x052412,
	0x052412, 0x050412, 0x052412, 0x052412, 0x050412, 0x052412, 0x052412, 0x050412,
	0x052412, 0x052412, 0x050092, 0x052092, 0x052092, 0x050092, 0x052092, 0x052092,
	0x050092, 0x052092, 0x052092, 0x050092, 0x052092, 0x052092, 0x050492, 0x052492,
	0x052492, 0x050492, 0x052492, 0x052492, 0x050492, 0x052492, 0x052492, 0x050492,
	0x052492, 0x052492, 0x050492, 0x052492, 0x052492, 0x050492, 0x052492, 0x052492,
	0x050492, 0x052492, 0x052492, 0x050492, 0x052492, 0x052492, 0x050092, 0x052092,
	0x052092, 0x050092, 0x052092, 0x052092, 0x050092, 0x052092, 0x052092, 0x050092,
	0x052092, 0x052092, 0x050492, 0x052492, 0x052492, 0x050492, 0x052492, 0x052492,
	0x050492, 0x052492, 0x052492, 0x050492, 0x052492, 0x052492, 0x050492, 0x052492,
	0x052492, 0x050492, 0x052492, 0x052492, 0x050492, 0x052492, 0x052492, 0x050492,
	0x052492, 0x052492, 0x050012, 0x052012, 0x052012, 0x050012, 0x052012, 0x052012,
	0x050012, 0x052012, 0x052012, 0x050012, 0x052012, 0x052012, 0x050412, 0x052412,
	0x052412, 0x050412, 0x052412, 0x052412, 0x050412, 0x052412, 0x052412, 0x050412,
	0x052412, 0x052412, 0x050412, 0x052412, 0x052412, 0x050412, 0x052412, 0x052412,
	0x050412, 0x052412, 0x052412, 0x050412, 0x052412, 0x052412, 0x050092, 0x052092,
	0x052092, 0x050092, 0x052092, 0x052092, 0x050092, 0x052092, 0x052092, 0x050092,
	0x052092, 0x052092, 0x050492, 0x052492, 0x052492, 0x050492, 0x052492, 0x052492,
	0x050492, 0x052492, 0x052492, 0x050492, 0x052492, 0x052492, 0x050492, 0x052492,
	0x052492, 0x050492, 0x052492, 0x052492, 0x050492, 0x052492, 0x052492, 0x050492,
	0x052492, 0x052492, 0x050092, 0x052092, 0x052092, 0x050092, 0x052092, 0x052092,
	0x050092, 0x052092, 0x052092, 0x050092, 0x052092, 0x052092, 0x050492, 0x052492,
	0x052492, 0x050492, 0x052492, 0x052492, 0x050492, 0x052492, 0x052492, 0x050492,
	0x052492, 0x052492, 0x050492, 0x052492, 0x052492, 0x050492, 0x052492, 0x052492,
	0x050492, 0x052492, 0x052492, 0x050492, 0x052492, 0x052492, 0x040012, 0x042012,
	0x042012, 0x040012, 0x042012, 0x042012, 0x040000, 0x042012, 0x042012, 0x040000,
	0x042012, 0x042012, 0x040412, 0x042412, 0x042412, 0x040412, 0x042412, 0x042412,
	0x040412, 0x042412, 0x042412, 0x040412, 0x042412, 0x042412, 0x040412, 0x042412,
	0x042412, 0x040412, 0x042412, 0x042412, 0x040412, 0x042412, 0x042412, 0x040412,
	0x042412, 0x042412, 0x040092, 0x042092, 0x042092, 0x040092, 0x042092, 0x042092,
	0x040092, 0x042092, 0x042092, 0x040092, 0x042092, 0x042092, 0x040492, 0x042492,
	0x042492, 0x040492, 0x042492, 0x042492, 0x040492, 0x042492, 0x042492, 0x040492,
	0x042492, 0x042492, 0x040492, 0x042492, 0x042492, 0x040492, 0x042492, 0x042492,
	0x040492, 0x042492, 0x042492, 0x040492, 0x042492, 0x042492, 0x040092, 0x042092,
	0x042092, 0x040092, 0x042092, 0x042092, 0x040092, 0x042092, 0x042092, 0x040092,
	0x042092, 0x042092, 0x040492, 0x042492, 0x042492, 0x040492, 0x042492, 0x042492,
	0x040492, 0x042492, 0x042492, 0x040492, 0x042492, 0x042492, 0x040492, 0x042492,
	0x042492, 0x040492, 0x042492, 0x042492, 0x040492, 0x042492, 0x042492, 0x040492,
	0x042492, 0x042492, 0x050012, 0x052012, 0x052012, 0x050012, 0x052012, 0x052012,
	0x050012, 0x052012, 0x052012, 0x050012, 0x052012, 0x052012, 0x050412, 0x052412,
	0x052412, 0x050412, 0x052412, 0x052412, 0x050412, 0x052412, 0x052412, 0x050412,
	0x052412, 0x052412, 0x050412, 0x052412, 0x052412, 0x050412, 0x052412, 0x052412,
	0x050412, 0x052412, 0x052412, 0x050412, 0x052412, 0x052412, 0x050092, 0x052092,
	0x052092, 0x050092, 0x052092, 0x052092, 0x050092, 0x052092, 0x052092, 0x050092,
	0x052092, 0x052092, 0x050492, 0x052492, 0x052492, 0x050492, 0x052492, 0x052492,
	0x050492, 0x052492, 0x052492, 0x050492, 0x052492, 0x052492, 0x050492, 0x052492,
	0x052492, 0x050492, 0x052492, 0x052492, 0x050492, 0x052492, 0x052492, 0x050492,
	0x052492, 0x052492, 0x050092, 0x052092, 0x052092, 0x050092, 0x052092, 0x052092,
	0x050092, 0x052092, 0x052092, 0x050092, 0x052092, 0x052092, 0x050492, 0x052492,
	0x052492, 0x050492, 0x052492, 0x052492, 0x050492, 0x052492, 0x052492, 0x050492,
	0x052492, 0x052492, 0x050492, 0x052492, 0x052492, 0x050492, 0x052492, 0x052492,
	0x050492, 0x052492, 0x052492, 0x050492, 0x052492, 0x052492, 0x050012, 0x052012,
	0x052012, 0x050012, 0x052012, 0x052012, 0x050012, 0x052012, 0x052012, 0x050012,
	0x052012, 0x052012, 0x050412, 0x052412, 0x052412, 0x050412, 0x052412, 0x052412,
	0x050412, 0x052412, 0x052412, 0x050412, 0x052412, 0x052412, 0x050412, 0x052412,
	0x052412, 0x050412, 0x052412, 0x052412, 0x050412, 0x052412, 0x052412, 0x050412,
	0x052412, 0x052412, 0x050092, 0x052092, 0x052092, 0x050092, 0x052092, 0x052092,
	0x050092, 0x052092, 0x052092, 0x050092, 0x052092, 0x052092, 0x050492, 0x052492,
	0x052492, 0x050492, 0x052492, 0x052492, 0x050492, 0x052492, 0x052492, 0x050492,
	0x052492, 0x052492, 0x050492, 0x052492, 0x052492, 0x050492, 0x052492, 0x052492,
	0x050492, 0x052492, 0x052492, 0x050492, 0x052492, 0x052492, 0x050092, 0x052092,
	0x052092, 0x050092, 0x052092, 0x052092, 0x050092, 0x052092, 0x052092, 0x050092,
	0x052092, 0x052092, 0x050492, 0x052492, 0x052492, 0x050492, 0x052492, 0x052492,
	0x050492, 0x052492, 0x052492, 0x050492, 0x052492, 0x052492, 0x050492, 0x052492,
	0x052492, 0x050492, 0x052492, 0x052492, 0x050492, 0x052492, 0x052492, 0x050492,
	0x052492, 0x052492, 0x040012, 0x042012, 0x042012, 0x040012, 0x042012, 0x042012,
	0x040000, 0x042012, 0x042012, 0x040000, 0x042012, 0x042012, 0x040412, 0x042412,
	0x042412, 0x040412, 0x042412, 0x042412, 0x040412, 0x042412, 0x042412, 0x040412,
	0x042412, 0x042412, 0x040412, 0x042412, 0x042412, 0x040412, 0x042412, 0x042412,
	0x040412, 0x042412, 0x042412, 0x040412, 0x042412, 0x042412, 0x040092, 0x042092,
	0x042092, 0x040092, 0x042092, 0x042092, 0x040092, 0x042092, 0x042092, 0x040092,
	0x042092, 0x042092, 0x040492, 0x042492, 0x042492, 0x040492, 0x042492, 0x042492,
	0x040492, 0x042492, 0x042492, 0x040492, 0x042492, 0x042492, 0x040492, 0x042492,
	0x042492, 0x040492, 0x042492, 0x042492, 0x040492, 0x042492, 0x042492, 0x040492,
	0x042492, 0x042492, 0x040092, 0x042092, 0x042092, 0x040092, 0x042092, 0x042092,
	0x040092, 0x042092, 0x042092, 0x040092, 0x042092, 0x042092, 0x040492, 0x042492,
	0x042492, 0x040492, 0x042492, 0x042492, 0x040492, 0x042492, 0x042492, 0x040492,
	0x042492, 0x042492, 0x040492, 0x042492, 0x042492, 0x040492, 0x042492, 0x042492,
	0x040492, 0x042492, 0x042492, 0x040492, 0x042492, 0x042492, 0x050012, 0x052012,
	0x052012, 0x050012, 0x052012, 0x052012, 0x050012, 0x052012, 0x052012, 0x050012,
	0x052012, 0x052012, 0x050412, 0x052412, 0x052412, 0x050412, 0x052412, 0x052412,
	0x050412, 0x052412, 0x052412, 0x050412, 0x052412, 0x052412, 0x050412, 0x052412,
	0x052412, 0x050412, 0x052412, 0x052412, 0x050412, 0x052412, 0x052412, 0x050412,
	0x052412, 0x052412, 0x050092, 0x052092, 0x052092, 0x050092, 0x052092, 0x052092,
	0x050092, 0x052092, 0x052092, 0x050092, 0x052092, 0x052092, 0x050492, 0x052492,
	0x052492, 0x050492, 0x052492, 0x052492, 0x050492, 0x052492, 0x052492, 0x050492,
	0x052492, 0x052492, 0x050492, 0x052492, 0x052492, 0x050492, 0x052492, 0x052492,
	0x050492, 0x052492, 0x052492, 0x050492, 0x052492, 0x052492, 0x050092, 0x052092,
	0x052092, 0x050092, 0x052092, 0x052092, 0x050092, 0x052092, 0x052092, 0x050092,
	0x052092, 0x052092, 0x050492, 0x052492, 0x052492, 0x050492, 0x052492, 0x052492,
	0x050492, 0x052492, 0x052492, 0x050492, 0x052492, 0x052492, 0x050492, 0x052492,
	0x052492, 0x050492, 0x052492, 0x052492, 0x050492, 0x052492, 0x052492, 0x050492,
	0x052492, 0x052492, 0x050012, 0x052012, 0x052012, 0x050012, 0x052012, 0x052012,
	0x050012, 0x052012, 0x052012, 0x050012, 0x052012, 0x052012, 0x050412, 0x052412,
	0x052412, 0x050412, 0x052412, 0x052412, 0x050412, 0x052412, 0x052412, 0x050412,
	0x052412, 0x052412, 0x050412, 0x052412, 0x052412, 0x050412, 0x052412, 0x052412,
	0x050412, 0x052412, 0x052412, 0x050412, 0x052412, 0x052412, 0x050092, 0x052092,
	0x052092, 0x050092, 0x052092, 0x052092, 0x050092, 0x052092, 0x052092, 0x050092,
	0x052092, 0x052092, 0x050492, 0x052492, 0x052492, 0x050492, 0x052492, 0x052492,
	0x050492, 0x052492, 0x052492, 0x050492, 0x052492, 0x052492, 0x050492, 0x052492,
	0x052492, 0x050492, 0x052492, 0x052492, 0x050492, 0x052492, 0x052492, 0x050492,
	0x052492, 0x052492, 0x050092, 0x052092, 0x052092, 0x050092, 0x052092, 0x052092,
	0x050092, 0x052092, 0x052092, 0x050092, 0x052092, 0x052092, 0x050492, 0x052492,
	0x052492, 0x050492, 0x052492, 0x052492, 0x050492, 0x052492, 0x052492, 0x050492,
	0x052492, 0x052492, 0x050492, 0x052492, 0x052492, 0x050492, 0x052492, 0x052492,
	0x050492, 0x052492, 0x052492, 0x050492, 0x052492, 0x052492, 0x040012, 0x042012,
	0x042012, 0x040012, 0x042012, 0x042012, 0x040000, 0x042012, 0x042012, 0x040000,
	0x042012, 0x042012, 0x040412, 0x042412, 0x042412, 0x040412, 0x042412, 0x042412,
	0x040412, 0x042412, 0x042412, 0x040412, 0x042412, 0x042412, 0x040412, 0x042412,
	0x042412, 0x040412, 0x042412, 0x042412, 0x040412, 0x042412, 0x042412, 0x040412,
	0x042412, 0x042412, 0x040092, 0x042092, 0x042092, 0x040092, 0x042092, 0x042092,
	0x040092, 0x042092, 0x042092, 0x040092, 0x042092, 0x042092, 0x040492, 0x042492,
	0x042492, 0x040492, 0x042492, 0x042492, 0x040492, 0x042492, 0x042492, 0x040492,
	0x042492, 0x042492, 0x040492, 0x042492, 0x042492, 0x040492, 0x042492, 0x042492,
	0x040492, 0x042492, 0x042492, 0x040492, 0x042492, 0x042492, 0x040092, 0x042092,
	0x042092, 0x040092, 0x042092, 0x042092, 0x040092, 0x042092, 0x042092, 0x040092,
	0x042092, 0x042092, 0x040492, 0x042492, 0x042492, 0x040492, 0x042492, 0x042492,
	0x040492, 0x042492, 0x042492, 0x040492, 0x042492, 0x042492, 0x040492, 0x042492,
	0x042492, 0x040492, 0x042492, 0x042492, 0x040492, 0x042492, 0x042492, 0x040492,
	0x042492, 0x042492, 0x050012, 0x052012, 0x052012, 0x050012, 0x052012, 0x052012,
	0x050012, 0x052012, 0x052012, 0x050012, 0x052012, 0x052012, 0x050412, 0x052412,
	0x052412, 0x050412, 0x052412, 0x052412, 0x050412, 0x052412, 0x052412, 0x050412,
	0x052412, 0x052412, 0x050412, 0x052412, 0x052412, 0x050412, 0x052412, 0x052412,
	0x050412, 0x052412, 0x052412, 0x050412, 0x052412, 0x052412, 0x050092, 0x052092,
	0x052092, 0x050092, 0x052092, 0x052092, 0x050092, 0x052092, 0x052092, 0x050092,
	0x052092, 0x052092, 0x050492, 0x052492, 0x052492, 0x050492, 0x052492, 0x052492,
	0x050492, 0x052492, 0x052492, 0x050492, 0x052492, 0x052492, 0x050492, 0x052492,
	0x052492, 0x050492, 0x052492, 0x052492, 0x050492, 0x052492, 0x052492, 0x050492,
	0x052492, 0x052492, 0x050092, 0x052092, 0x052092, 0x050092, 0x052092, 0x052092,
	0x050092, 0x052092, 0x052092, 0x050092, 0x052092, 0x052092, 0x050492, 0x052492,
	0x052492, 0x050492, 0x052492, 0x052492, 0x050492, 0x052492, 0x052492, 0x050492,
	0x052492, 0x052492, 0x050492, 0x052492, 0x052492, 0x050492, 0x052492, 0x052492,
	0x050492, 0x052492, 0x052492, 0x050492, 0x052492, 0x052492, 0x050012, 0x052012,
	0x052012, 0x050012, 0x052012, 0x052012, 0x050012, 0x052012, 0x052012, 0x050012,
	0x052012, 0x052012, 0x050412, 0x052412, 0x052412, 0x050412, 0x052412, 0x052412,
	0x050412, 0x052412, 0x052412, 0x050412, 0x052412, 0x052412, 0x050412, 0x052412,
	0x052412, 0x050412, 0x052412, 0x052412, 0x050412, 0x052412, 0x052412, 0x050412,
	0x052412, 0x052412, 0x050092, 0x052092, 0x052092, 0x050092, 0x052092, 0x052092,
	0x050092, 0x052092, 0x052092, 0x050092, 0x052092, 0x052092, 0x050492, 0x052492,
	0x052492, 0x050492, 0x052492, 0x052492, 0x050492, 0x052492, 0x052492, 0x050492,
	0x052492, 0x052492, 0x050492, 0x052492, 0x052492, 0x050492, 0x052492, 0x052492,
	0x050492, 0x052492, 0x052492, 0x050492, 0x052492, 0x052492, 0x050092, 0x052092,
	0x052092, 0x050092, 0x052092, 0x052092, 0x050092, 0x052092, 0x052092, 0x050092,
	0x052092, 0x052092, 0x050492, 0x052492, 0x052492, 0x050492, 0x052492, 0x052492,
	0x050492, 0x052492, 0x052492, 0x050492, 0x052492, 0x052492, 0x050492, 0x052492,
	0x052492, 0x050492, 0x052492, 0x052492, 0x050492, 0x052492, 0x052492, 0x050492,
	0x052492, 0x052492, 0x040012, 0x042012, 0x042012, 0x040012, 0x042012, 0x042012,
	0x040000, 0x042012, 0x042012, 0x040000, 0x042012, 0x042012, 0x040412, 0x042412,
	0x042412, 0x040412, 0x042412, 0x042412, 0x040412, 0x042412, 0x042412, 0x040412,
	0x042412, 0x042412, 0x040412, 0x042412, 0x042412, 0x040412, 0x042412, 0x042412,
	0x040412, 0x042412, 0x042412, 0x040412, 0x042412, 0x042412, 0x040092, 0x042092,
	0x042092, 0x040092, 0x042092, 0x042092, 0x040092, 0x042092, 0x042092, 0x040092,
	0x042092, 0x042092, 0x040492, 0x042492, 0x042492, 0x040492, 0x042492, 0x042492,
	0x040492, 0x042492, 0x042492, 0x040492, 0x042492, 0x042492, 0x040492, 0x042492,
	0x042492, 0x040492, 0x042492, 0x042492, 0x040492, 0x042492, 0x042492, 0x040492,
	0x042492, 0x042492, 0x040092, 0x042092, 0x042092, 0x040092, 0x042092, 0x042092,
	0x040092, 0x042092, 0x042092, 0x040092, 0x042092, 0x042092, 0x040492, 0x042492,
	0x042492, 0x040492, 0x042492, 0x042492, 0x040492, 0x042492, 0x042492, 0x040492,
	0x042492, 0x042492, 0x040492, 0x042492, 0x042492, 0x040492, 0x042492, 0x042492,
	0x040492, 0x042492, 0x042492, 0x040492, 0x042492, 0x042492, 0x050012, 0x052012,
	0x052012, 0x050012, 0x052012, 0x052012, 0x050012, 0x052012, 0x052012, 0x050012,
	0x052012, 0x052012, 0x050412, 0x052412, 0x052412, 0x050412, 0x052412, 0x052412,
	0x050412, 0x052412, 0x052412, 0x050412, 0x052412, 0x052412, 0x050412, 0x052412,
	0x052412, 0x050412, 0x052412, 0x052412, 0x050412, 0x052412, 0x052412, 0x050412,
	0x052412, 0x052412, 0x050092, 0x052092, 0x052092, 0x050092, 0x052092, 0x052092,
	0x050092, 0x052092, 0x052092, 0x050092, 0x052092, 0x052092, 0x050492, 0x052492,
	0x052492, 0x050492, 0x052492, 0x052492, 0x050492, 0x052492, 0x052492, 0x050492,
	0x052492, 0x052492, 0x050492, 0x052492, 0x052492, 0x050492, 0x052492, 0x052492,
	0x050492, 0x052492, 0x052492, 0x050492, 0x052492, 0x052492, 0x050092, 0x052092,
	0x052092, 0x050092, 0x052092, 0x052092, 0x050092, 0x052092, 0x052092, 0x050092,
	0x052092, 0x052092, 0x050492, 0x052492, 0x052492, 0x050492, 0x052492, 0x052492,
	0x050492, 0x052492, 0x052492, 0x050492, 0x052492, 0x052492, 0x050492, 0x052492,
	0x052492, 0x050492, 0x052492, 0x052492, 0x050492, 0x052492, 0x052492, 0x050492,
	0x052492, 0x052492, 0x050012, 0x052012, 0x052012, 0x050012, 0x052012, 0x052012,
	0x050012, 0x052012, 0x052012, 0x050012, 0x052012, 0x052012, 0x050412, 0x052412,
	0x052412, 0x050412, 0x052412, 0x052412, 0x050412, 0x052412, 0x052412, 0x050412,
	0x052412, 0x052412, 0x050412, 0x052412, 0x052412, 0x050412, 0x052412, 0x052412,
	0x050412, 0x052412, 0x052412, 0x050412, 0x052412, 0x052412, 0x050092, 0x052092,
	0x052092, 0x050092, 0x052092, 0x052092, 0x050092, 0x052092, 0x052092, 0x050092,
	0x052092, 0x052092, 0x050492, 0x052492, 0x052492, 0x050492, 0x052492, 0x052492,
	0x050492, 0x052492, 0x052492, 0x050492, 0x052492, 0x052492, 0x050492, 0x052492,
	0x052492, 0x050492, 0x052492, 0x052492, 0x050492, 0x052492, 0x052492, 0x050492,
	0x052492, 0x052492, 0x050092, 0x052092, 0x052092, 0x050092, 0x052092, 0x052092,
	0x050092, 0x052092, 0x052092, 0x050092, 0x052092, 0x052092, 0x050492, 0x052492,
	0x052492, 0x050492, 0x052492, 0x052492, 0x050492, 0x052492, 0x052492, 0x050492,
	0x052492, 0x052492, 0x050492, 0x052492, 0x052492, 0x050492, 0x052492, 0x052492,
	0x050492, 0x052492, 0x052492, 0x050492, 0x052492, 0x052492, 0x040012, 0x042012,
	0x042012, 0x040012, 0x042012, 0x042012, 0x040000, 0x042012, 0x042012, 0x040000,
	0x042012, 0x042012, 0x040412, 0x042412, 0x042412, 0x040412, 0x042412, 0x042412,
	0x040412, 0x042412, 0x042412, 0x040412, 0x042412, 0x042412, 0x040412, 0x042412,
	0x042412, 0x040412, 0x042412, 0x042412, 0x040412, 0x042412, 0x042412, 0x040412,
	0x042412, 0x042412, 0x040092, 0x042092, 0x042092, 0x040092, 0x042092, 0x042092,
	0x040092, 0x042092, 0x042092, 0x040092, 0x042092, 0x042092, 0x040492, 0x042492,
	0x042492, 0x040492, 0x042492, 0x042492, 0x040492, 0x042492, 0x042492, 0x040492,
	0x042492, 0x042492, 0x040492, 0x042492, 0x042492, 0x040492, 0x042492, 0x042492,
	0x040492, 0x042492, 0x042492, 0x040492, 0x042492, 0x042492, 0x040092, 0x042092,
	0x042092, 0x040092, 0x042092, 0x042092, 0x040092, 0x042092, 0x042092, 0x040092,
	0x042092, 0x042092, 0x040492, 0x042492, 0x042492, 0x040492, 0x042492, 0x042492,
	0x040492, 0x042492, 0x042492, 0x040492, 0x042492, 0x042492, 0x040492, 0x042492,
	0x042492, 0x040492, 0x042492, 0x042492, 0x040492, 0x042492, 0x042492, 0x040492,
	0x042492, 0x042492, 0x050012, 0x052012, 0x052012, 0x050012, 0x052012, 0x052012,
	0x050012, 0x052012, 0x052012, 0x050012, 0x052012, 0x052012, 0x050412, 0x052412,
	0x052412, 0x050412, 0x052412, 0x052412, 0x050412, 0x052412, 0x052412, 0x050412,
	0x052412, 0x052412, 0x050412, 0x052412, 0x052412, 0x050412, 0x052412, 0x052412,
	0x050412, 0x052412, 0x052412, 0x050412, 0x052412, 0x052412, 0x050092, 0x052092,
	0x052092, 0x050092, 0x052092, 0x052092, 0x050092, 0x052092, 0x052092, 0x050092,
	0x052092, 0x052092, 0x050492, 0x052492, 0x052492, 0x050492, 0x052492, 0x052492,
	0x050492, 0x052492, 0x052492, 0x050492, 0x052492, 0x052492, 0x050492, 0x052492,
	0x052492, 0x050492, 0x052492, 0x052492, 0x050492, 0x052492, 0x052492, 0x050492,
	0x052492, 0x052492, 0x050092, 0x052092, 0x052092, 0x050092, 0x052092, 0x052092,
	0x050092, 0x052092, 0x052092, 0x050092, 0x052092, 0x052092, 0x050492, 0x052492,
	0x052492, 0x050492, 0x052492, 0x052492, 0x050492, 0x052492, 0x052492, 0x050492,
	0x052492, 0x052492, 0x050492, 0x052492, 0x052492, 0x050492, 0x052492, 0x052492,
	0x050492, 0x052492, 0x052492, 0x050492, 0x052492, 0x052492, 0x050012, 0x052012,
	0x052012, 0x050012, 0x052012, 0x052012, 0x050012, 0x052012, 0x052012, 0x050012,
	0x052012, 0x052012, 0x050412, 0x052412, 0x052412, 0x050412, 0x052412, 0x052412,
	0x050412, 0x052412, 0x052412, 0x050412, 0x052412, 0x052412, 0x050412, 0x052412,
	0x052412, 0x050412, 0x052412, 0x052412, 0x050412, 0x052412, 0x052412, 0x050412,
	0x052412, 0x052412, 0x050092, 0x052092, 0x052092, 0x050092, 0x052092, 0x052092,
	0x050092, 0x052092, 0x052092, 0x050092, 0x052092, 0x052092, 0x050492, 0x052492,
	0x052492, 0x050492, 0x052492, 0x052492, 0x050492, 0x052492, 0x052492, 0x050492,
	0x052492, 0x052492, 0x050492, 0x052492, 0x052492, 0x050492, 0x052492, 0x052492,
	0x050492, 0x052492, 0x052492, 0x050492, 0x052492, 0x052492, 0x050092, 0x052092,
	0x052092, 0x050092, 0x052092, 0x052092, 0x050092, 0x052092, 0x052092, 0x050092,
	0x052092, 0x052092, 0x050492, 0x052492, 0x052492, 0x050492, 0x052492, 0x052492,
	0x050492, 0x052492, 0x052492, 0x050492, 0x052492, 0x052492, 0x050492, 0x052492,
	0x052492, 0x050492, 0x052492, 0x052492, 0x050492, 0x052492, 0x052492, 0x050492,
	0x052492, 0x052492, 0x000038, 0x000038, 0x000038, 0x000038, 0x000038, 0x000038,
	0x000038, 0x000038, 0x000038, 0x000038, 0x000038, 0x000038, 0x000038, 0x000038,
	0x000038, 0x000038, 0x000038, 0x000038, 0x000038, 0x000038, 0x000038, 0x000038,
	0x000038, 0x000038, 0x000038, 0x000038, 0x000038, 0x000038, 0x000038, 0x000038,
	0x000038, 0x000038, 0x1fffff, 0x1fffff, 0x1fffff, 0x1fffff, 0x1fffff, 0x1fffff,
	0x1fffff, 0x1fffff, 0x1fffff, 0x1fffff, 0x1fffff, 0x1fffff, 0x1fffff, 0x1fffff,
	0x1fffff, 0x1fffff, 0x1fffff, 0x1fffff, 0x1fffff, 0x1fffff, 0x1fffff, 0x1fffff,
	0x1fffff, 0x1fffff, 0x1fffff, 0x1fffff, 0x1fffff, 0x1fffff, 0x1fffff, 0x1fffff,
	0x1fffff, 0x1fffff, 0x1fffff, 0x1fffff, 0x040010, 0x040010, 0x040010, 0x040010,
	0x040000, 0x040000, 0x040000, 0x040000, 0x040002, 0x040002, 0x040002, 0x040002,
	0x040007, 0x040007, 0x040007, 0x040007, 0x040007, 0x040007, 0x040007, 0x040007,
	0x040007, 0x040007, 0x040007, 0x040007, 0x040007, 0x040007, 0x040007, 0x040007,
	0x1fffff, 0x040007, 0x040007, 0x040007, 0x040007, 0x052012, 0x052012, 0x052012,
	0x052012, 0x040492, 0x040492, 0x040492, 0x040492, 0x040010, 0x040010, 0x040010,
	0x040010, 0x040010, 0x040010, 0x040010, 0x040010, 0x040000, 0x040000, 0x040000,
	0x040000, 0x040000, 0x040000, 0x040000, 0x040000, 0x040000, 0x040000, 0x040000,
	0x040000, 0x040000, 0x040000, 0x040000, 0x040000, 0x040000, 0x040000, 0x040002,
	0x040002, 0x040000, 0x040000, 0x040002, 0x040002, 0x040000, 0x040000, 0x040002,
	0x040002, 0x040000, 0x040000, 0x040002, 0x040002, 0x040000, 0x040000, 0x040002,
	0x040002, 0x040000, 0x040000, 0x040002, 0x040002, 0x040000, 0x040000, 0x040002,
	0x040002, 0x040000, 0x040000, 0x040002, 0x040002, 0x040000, 0x040000, 0x040002,
	0x040002, 0x040000, 0x040000, 0x040002, 0x040002, 0x040007, 0x040007, 0x040007,
	0x040007, 0x040007, 0x040007, 0x040007, 0x040007, 0x040007, 0x040007, 0x040007,
	0x040007, 0x040007, 0x040007, 0x040007, 0x040007, 0x040007, 0x040007, 0x040007,
	0x040007, 0x040007, 0x040007, 0x040007, 0x040007, 0x040007, 0x040007, 0x040007,
	0x040007, 0x040007, 0x040007, 0x040007, 0x040007, 0x040007, 0x040007, 0x040007,
	0x040007, 0x040007, 0x040007, 0x040007, 0x040007, 0x040007, 0x040007, 0x040007,
	0x040007, 0x040007, 0x040007, 0x040007, 0x040007, 0x040007, 0x040007, 0x040007,
	0x040007, 0x040007, 0x040007, 0x040007, 0x040007, 0x040007, 0x040007, 0x040007,
	0x040007, 0x040007, 0x040007, 0x040007, 0x040007, 0x000000, 0x000000, 0x000000,
	0x000000, 0x1fffff, 0x1fffff, 0x1fffff, 0x1fffff, 0x1fffff, 0x1fffff, 0x1fffff,
	0x1fffff, 0x1fffff, 0x1fffff, 0x1fffff, 0x1fffff, 0x1fffff, 0x000000, 0x1fffff,
	0x000000, 0x000000, 0x1fffff, 0x1fffff, 0x1fffff, 0x1fffff, 0x1fffff, 0x1fffff,
	0x1fffff, 0x1fffff, 0x1fffff, 0x1fffff, 0x1fffff, 0x1fffff, 0x1fffff, 0x000000,
	0x1fffff, 0x000000, 0x000000, 0x000000, 0x000000, 0x000000, 0x000000, 0x000000,
	0x000000, 0x000000, 0x000000, 0x000000, 0x000000, 0x000000, 0x000000, 0x000000,
	0x000000, 0x000000, 0x000000, 0x000000, 0x000000, 0x000000, 0x000000, 0x000000,
	0x000000, 0x000000, 0x000000, 0x000000, 0x000000, 0x000000, 0x000000, 0x000000,
	0x000000, 0x000000, 0x000000, 0x000000, 0x000000, 0x000000, 0x000000, 0x000000,
	0x000000, 0x000000, 0x000000, 0x000000, 0x000000, 0x000000, 0x000000, 0x000000,
	0x000000, 0x000000, 0x000000, 0x000000, 0x000000, 0x000000, 0x000000, 0x000000,
	0x1fffff, 0x1fffff, 0x040038, 0x040038, 0x040007, 0x040007, 0x1fffff, 0x1fffff,
	0x040038, 0x040038, 0x040007, 0x040007, 0x1fffff, 0x1fffff, 0x040000, 0x040000,
	0x040000, 0x040000, 0x052492, 0x050492, 0x052492, 0x050492, 0x052092, 0x050092,
	0x052092, 0x050092, 0x052412, 0x050412, 0x052412, 0x050412, 0x052012, 0x050012,
	0x052012, 0x050012, 0x042492, 0x040492, 0x042492, 0x040492, 0x042092, 0x040092,
	0x042092, 0x040092, 0x042412, 0x040412, 0x042412, 0x040412, 0x042012, 0x040012,
	0x042012, 0x040012, 0x052492, 0x050492, 0x052492, 0x050492, 0x052092, 0x050092,
	0x052092, 0x050092, 0x052412, 0x050412, 0x052412, 0x050412, 0x052012, 0x050012,
	0x052012, 0x050012, 0x042492, 0x040492, 0x042492, 0x040492, 0x042092, 0x040092,
	0x042092, 0x040092, 0x042412, 0x040412, 0x042412, 0x040412, 0x042012, 0x040012,
	0x042012, 0x040012, 0x040e00, 0x040e00, 0x040e00, 0x040e00, 0x040038, 0x040038,
	0x040038, 0x040038, 0x040e00, 0x040e00, 0x040e00, 0x040e00, 0x040007, 0x040007,
	0x040007, 0x040007, 0x0401c0, 0x0401c0, 0x0401c0, 0x0401c0, 0x040038, 0x040038,
	0x040038, 0x040038, 0x0401c0, 0x0401c0, 0x0401c0, 0x0401c0, 0x040007, 0x040007,
	0x040007, 0x040007, 0x078000, 0x078000, 0x078000, 0x078000, 0x040038, 0x040038,
	0x040038, 0x040038, 0x078000, 0x078000, 0x078000, 0x078000, 0x040007, 0x040007,
	0x040007, 0x040007, 0x047000, 0x047000, 0x047000, 0x047000, 0x040038, 0x040038,
	0x040038, 0x040038, 0x047000, 0x047000, 0x047000, 0x047000, 0x040007, 0x040007,
	0x040007, 0x040007, 0x040e00, 0x040e00, 0x040e00, 0x040e00, 0x040038, 0x040038,
	0x040038, 0x040038, 0x040e00, 0x040e00, 0x040e00, 0x040e00, 0x040007, 0x040007,
	0x040007, 0x040007, 0x0401c0, 0x0401c0, 0x0401c0, 0x0401c0, 0x040038, 0x040038,
	0x040038, 0x040038, 0x0401c0, 0x0401c0, 0x0401c0, 0x0401c0, 0x040007, 0x040007,
	0x040007, 0x040007, 0x078000, 0x078000, 0x078000, 0x078000, 0x040038, 0x040038,
	0x040038, 0x040038, 0x078000, 0x078000, 0x078000, 0x078000, 0x040007, 0x040007,
	0x040007, 0x040007, 0x047000, 0x047000, 0x047000, 0x047000, 0x040038, 0x040038,
	0x040038, 0x040038, 0x047000, 0x047000, 0x047000, 0x047000, 0x040007, 0x040007,
	0x040007, 0x040007, 0x040000, 0x040000, 0x040010, 0x040010, 0x040000, 0x040000,
	0x040010, 0x040010, 0x040000, 0x040000, 0x040010, 0x040010, 0x040000, 0x040000,
	0x040010, 0x040010, 0x040000, 0x040000, 0x040010, 0x040010, 0x040000, 0x040000,
	0x040010, 0x040010, 0x040000, 0x040000, 0x040010, 0x040010, 0x040000, 0x040000,
	0x040010, 0x040010, 0x040000, 0x040000, 0x040010, 0x040010, 0x040000, 0x040000,
	0x040010, 0x040010, 0x040000, 0x040000, 0x040010, 0x040010, 0x040000, 0x040000,
	0x040010, 0x040010, 0x040000, 0x040000, 0x040010, 0x040010, 0x040000, 0x040000,
	0x040010, 0x040010, 0x040000, 0x040000, 0x040010, 0x040010, 0x040000, 0x040000,
	0x040010, 0x040010, 0x0401f8, 0x0401f8, 0x0471f8, 0x0471f8, 0x0781f8, 0x0781f8,
	0x040038, 0x040038, 0x040038, 0x040038, 0x0401c7, 0x0401c7, 0x0471c7, 0x0471c7,
	0x0781c7, 0x0781c7, 0x040007, 0x040007, 0x040007, 0x040007, 0x040e38, 0x040e38,
	0x078e38, 0x078e38, 0x047e38, 0x047e38, 0x040038, 0x040038, 0x040038, 0x040038,
	0x040e07, 0x040e07, 0x078e07, 0x078e07, 0x047e07, 0x047e07, 0x040007, 0x040007,
	0x040007, 0x040007, 0x047038, 0x047038, 0x047e38, 0x047e38, 0x0471f8, 0x0471f8,
	0x040038, 0x040038, 0x040038, 0x040038, 0x047007, 0x047007, 0x047e07, 0x047e07,
	0x0471c7, 0x0471c7, 0x040007, 0x040007, 0x040007, 0x040007, 0x078038, 0x078038,
	0x0781f8, 0x0781f8, 0x078e38, 0x078e38, 0x040038, 0x040038, 0x040038, 0x040038,
	0x078007, 0x078007, 0x0781c7, 0x0781c7, 0x078e07, 0x078e07, 0x040007, 0x040007,
	0x040007, 0x040007, 0x0401f8, 0x0401f8, 0x0471f8, 0x0471f8, 0x0781f8, 0x0781f8,
	0x040038, 0x040038, 0x040038, 0x040038, 0x0401c7, 0x0401c7, 0x0471c7, 0x0471c7,
	0x0781c7, 0x0781c7, 0x040007, 0x040007, 0x040007, 0x040007, 0x040e38, 0x040e38,
	0x078e38, 0x078e38, 0x047e38, 0x047e38, 0x040038, 0x040038, 0x040038, 0x040038,
	0x040e07, 0x040e07, 0x078e07, 0x078e07, 0x047e07, 0x047e07, 0x040007, 0x040007,
	0x040007, 0x040007, 0x047038, 0x047038, 0x047e38, 0x047e38, 0x0471f8, 0x0471f8,
	0x040038, 0x040038, 0x040038, 0x040038, 0x047007, 0x047007, 0x047e07, 0x047e07,
	0x0471c7, 0x0471c7, 0x040007, 0x040007, 0x040007, 0x040007, 0x078038, 0x078038,
	0x0781f8, 0x0781f8, 0x078e38, 0x078e38, 0x040038, 0x040038, 0x040038, 0x040038,
	0x078007, 0x078007, 0x0781c7, 0x0781c7, 0x078e07, 0x078e07, 0x040007, 0x040007,
	0x040007, 0x040007, 0x000000, 0x000000, 0x000000, 0x000000, 0x000000, 0x000000,
	0x000000, 0x000000, 0x000000, 0x000000, 0x000000, 0x000000, 0x000000, 0x000000,
	0x000000, 0x000000, 0x000000, 0x000000, 0x000000, 0x000000, 0x000000, 0x000000,
	0x000000, 0x000000, 0x000000, 0x000000, 0x000000, 0x000000, 0x000000, 0x000000,
	0x000000, 0x000000, 0x000000, 0x000000, 0x000000, 0x000000, 0x000000, 0x000000,
	0x000000, 0x000000, 0x000000, 0x000000, 0x000000, 0x000000, 0x000000, 0x000000,
	0x000000, 0x000000, 0x047000, 0x047000, 0x040e00, 0x040e00, 0x078000, 0x078000,
	0x040e00, 0x040e00, 0x047000, 0x047000, 0x040e00, 0x040e00, 0x078000, 0x078000,
	0x040e00, 0x040e00, 0x078000, 0x078000, 0x0401c0, 0x0401c0, 0x047000, 0x047000,
	0x0401c0, 0x0401c0, 0x078000, 0x078000, 0x0401c0, 0x0401c0, 0x047000, 0x047000,
	0x0401c0, 0x0401c0, 0x040e00, 0x040e00, 0x078000, 0x078000, 0x0401c0, 0x0401c0,
	0x078000, 0x078000, 0x040e00, 0x040e00, 0x078000, 0x078000, 0x0401c0, 0x0401c0,
	0x078000, 0x078000, 0x0401c0, 0x0401c0, 0x047000, 0x047000, 0x040e00, 0x040e00,
	0x047000, 0x047000, 0x0401c0, 0x0401c0, 0x047000, 0x047000, 0x040e00, 0x040e00,
	0x047000, 0x047000, 0x047000, 0x047000, 0x040e00, 0x040e00, 0x078000, 0x078000,
	0x040e00, 0x040e00, 0x047000, 0x047000, 0x040e00, 0x040e00, 0x078000, 0x078000,
	0x040e00, 0x040e00, 0x078000, 0x078000, 0x0401c0, 0x0401c0, 0x047000, 0x047000,
	0x0401c0, 0x0401c0, 0x078000, 0x078000, 0x0401c0, 0x0401c0, 0x047000, 0x047000,
	0x0401c0, 0x0401c0, 0x040e00, 0x040e00, 0x078000, 0x078000, 0x0401c0, 0x0401c0,
	0x078000, 0x078000, 0x040e00, 0x040e00, 0x078000, 0x078000, 0x0401c0, 0x0401c0,
	0x078000, 0x078000, 0x0401c0, 0x0401c0, 0x047000, 0x047000, 0x040e00, 0x040e00,
	0x047000, 0x047000, 0x0401c0, 0x0401c0, 0x047000, 0x047000, 0x040e00, 0x040e00,
	0x047000, 0x047000, 0x040000, 0x040000, 0x040000, 0x040000, 0x040000, 0x040000,
	0x040000, 0x040000, 0x040000, 0x040000, 0x040000, 0x040000, 0x040000, 0x040000,
	0x040000, 0x040000, 0x040000, 0x040000, 0x040000, 0x040000, 0x040000, 0x040000,
	0x040000, 0x040000, 0x040000, 0x040000, 0x040000, 0x040000, 0x040000, 0x040000,
	0x040000, 0x040000, 0x040000, 0x040000, 0x040000, 0x040000, 0x040000, 0x040000,
	0x040000, 0x040000, 0x040000, 0x040000, 0x040000, 0x040000, 0x040000, 0x040000,
	0x040000, 0x040000, 0x040000, 0x040000, 0x040000, 0x040000, 0x040000, 0x040000,
	0x040000, 0x040000, 0x040000, 0x040000, 0x040000, 0x040000, 0x040000, 0x040000,
	0x040000, 0x040000, 0x040000, 0x040000, 0x040000, 0x040000, 0x040000, 0x040000,
	0x040000, 0x040000, 0x040000, 0x040000, 0x040000, 0x040000, 0x040000, 0x040000,
	0x040000, 0x040000, 0x1fffff, 0x1fffff, 0x1fffff, 0x1fffff, 0x1fffff, 0x1fffff,
	0x1fffff, 0x1fffff, 0x1fffff, 0x1fffff, 0x1fffff, 0x1fffff, 0x1fffff, 0x1fffff,
	0x1fffff, 0x1fffff, 0x1fffff, 0x1fffff, 0x1fffff, 0x1fffff, 0x1fffff, 0x07ffe7,
	0x07ffe7, 0x07ffe7, 0x07ffe7, 0x07ffe7, 0x07ffe7, 0x07ffe7, 0x07ffe7, 0x07ffe7,
	0x1fffff, 0x1fffff, 0x1fffff, 0x1fffff, 0x1fffff, 0x1fffff, 0x1fffff, 0x1fffff,
	0x1fffff, 0x1fffff, 0x1fffff, 0x1fffff, 0x1fffff, 0x1fffff, 0x1fffff, 0x1fffff,
	0x1fffff, 0x1fffff, 0x1fffff, 0x1fffff, 0x1fffff, 0x1fffff, 0x1fffff, 0x1fffff,
	0x1fffff, 0x1fffff, 0x1fffff, 0x1fffff, 0x1fffff, 0x1fffff, 0x1fffff, 0x1fffff,
	0x1fffff, 0x1fffff, 0x1fffff, 0x1fffff, 0x1fffff, 0x1fffff, 0x1fffff, 0x1fffff,
	0x1fffff, 0x1fffff, 0x1fffff, 0x1fffff, 0x1fffff, 0x1fffff, 0x1fffff, 0x1fffff,
	0x1fffff, 0x1fffff, 0x1fffff, 0x1fffff, 0x1fffff, 0x1fffff, 0x1fffff, 0x1fffff,
	0x1fffff, 0x1fffff, 0x1fffff, 0x1fffff, 0x1fffff, 0x1fffff, 0x1fffff, 0x1fffff,
	0x040002, 0x1fffff, 0x1fffff, 0x1fffff, 0x1fffff, 0x1fffff, 0x1fffff, 0x1fffff,
	0x1fffff, 0x1fffff, 0x000002, 0x000002, 0x000002, 0x000002, 0x1fffff, 0x1fffff,
	0x0401f8, 0x0401f8, 0x0471f8, 0x0471f8, 0x0781f8, 0x0781f8, 0x040038, 0x040038,
	0x040038, 0x040038, 0x0401c7, 0x0401c7, 0x0471c7, 0x0471c7, 0x0781c7, 0x0781c7,
	0x040007, 0x040007, 0x040007, 0x040007, 0x040e38, 0x040e38, 0x078e38, 0x078e38,
	0x047e38, 0x047e38, 0x040038, 0x040038, 0x040038, 0x040038, 0x040e07, 0x040e07,
	0x078e07, 0x078e07, 0x047e07, 0x047e07, 0x040007, 0x040007, 0x040007, 0x040007,
	0x047038, 0x047038, 0x047e38, 0x047e38, 0x0471f8, 0x0471f8, 0x040038, 0x040038,
	0x040038, 0x040038, 0x047007, 0x047007, 0x047e07, 0x047e07, 0x0471c7, 0x0471c7,
	0x040007, 0x040007, 0x040007, 0x040007, 0x078038, 0x078038, 0x0781f8, 0x0781f8,
	0x078e38, 0x078e38, 0x040038, 0x040038, 0x040038, 0x040038, 0x078007, 0x078007,
	0x0781c7, 0x0781c7, 0x078e07, 0x078e07, 0x040007, 0x040007, 0x040007, 0x040007,
	0x040012, 0x042012, 0x042012, 0x040012, 0x042012, 0x042012, 0x040000, 0x042012,
	0x042012, 0x040000, 0x042012, 0x042012, 0x040412, 0x042412, 0x042412, 0x040412,
	0x042412, 0x042412, 0x040412, 0x042412, 0x042412, 0x040412, 0x042412, 0x042412,
	0x040412, 0x042412, 0x042412, 0x040412, 0x042412, 0x042412, 0x040412, 0x042412,
	0x042412, 0x040412, 0x042412, 0x042412, 0x040092, 0x042092, 0x042092, 0x040092,
	0x042092, 0x042092, 0x040092, 0x042092, 0x042092, 0x040092, 0x042092, 0x042092,
	0x040492, 0x042492, 0x042492, 0x040492, 0x042492, 0x042492, 0x040492, 0x042492,
	0x042492, 0x040492, 0x042492, 0x042492, 0x040492, 0x042492, 0x042492, 0x040492,
	0x042492, 0x042492, 0x040492, 0x042492, 0x042492, 0x040492, 0x042492, 0x042492,
	0x040092, 0x042092, 0x042092, 0x040092, 0x042092, 0x042092, 0x040092, 0x042092,
	0x042092, 0x040092, 0x042092, 0x042092, 0x040492, 0x042492, 0x042492, 0x040492,
	0x042492, 0x042492, 0x040492, 0x042492, 0x042492, 0x040492, 0x042492, 0x042492,
	0x040492, 0x042492, 0x042492, 0x040492, 0x042492, 0x042492, 0x040492, 0x042492,
	0x042492, 0x040492, 0x042492, 0x042492, 0x050012, 0x052012, 0x052012, 0x050012,
	0x052012, 0x052012, 0x050012, 0x052012, 0x052012, 0x050012, 0x052012, 0x052012,
	0x050412, 0x052412, 0x052412, 0x050412, 0x052412, 0x052412, 0x050412, 0x052412,
	0x052412, 0x050412, 0x052412, 0x052412, 0x050412, 0x052412, 0x052412, 0x050412,
	0x052412, 0x052412, 0x050412, 0x052412, 0x052412, 0x050412, 0x052412, 0x052412,
	0x050092, 0x052092, 0x052092, 0x050092, 0x052092, 0x052092, 0x050092, 0x052092,
	0x052092, 0x050092, 0x052092, 0x052092, 0x050492, 0x052492, 0x052492, 0x050492,
	0x052492, 0x052492, 0x050492, 0x052492, 0x052492, 0x050492, 0x052492, 0x052492,
	0x050492, 0x052492, 0x052492, 0x050492, 0x052492, 0x052492, 0x050492, 0x052492,
	0x052492, 0x050492, 0x052492, 0x052492, 0x050092, 0x052092, 0x052092, 0x050092,
	0x052092, 0x052092, 0x050092, 0x052092, 0x052092, 0x050092, 0x052092, 0x052092,
	0x050492, 0x052492, 0x052492, 0x050492, 0x052492, 0x052492, 0x050492, 0x052492,
	0x052492, 0x050492, 0x052492, 0x052492, 0x050492, 0x052492, 0x052492, 0x050492,
	0x052492, 0x052492, 0x050492, 0x052492, 0x052492, 0x050492, 0x052492, 0x052492,
	0x050012, 0x052012, 0x052012, 0x050012, 0x052012, 0x052012, 0x050012, 0x052012,
	0x052012, 0x050012, 0x052012, 0x052012, 0x050412, 0x052412, 0x052412, 0x050412,
	0x052412, 0x052412, 0x050412, 0x052412, 0x052412, 0x050412, 0x052412, 0x052412,
	0x050412, 0x052412, 0x052412, 0x050412, 0x052412, 0x052412, 0x050412, 0x052412,
	0x052412, 0x050412, 0x052412, 0x052412, 0x050092, 0x052092, 0x052092, 0x050092,
	0x052092, 0x052092, 0x050092, 0x052092, 0x052092, 0x050092, 0x052092, 0x052092,
	0x050492, 0x052492, 0x052492, 0x050492, 0x052492, 0x052492, 0x050492, 0x052492,
	0x052492, 0x050492, 0x052492, 0x052492, 0x050492, 0x052492, 0x052492, 0x050492,
	0x052492, 0x052492, 0x050492, 0x052492, 0x052492, 0x050492, 0x052492, 0x052492,
	0x050092, 0x052092, 0x052092, 0x050092, 0x052092, 0x052092, 0x050092, 0x052092,
	0x052092, 0x050092, 0x052092, 0x052092, 0x050492, 0x052492, 0x052492, 0x050492,
	0x052492, 0x052492, 0x050492, 0x052492, 0x052492, 0x050492, 0x052492, 0x052492,
	0x050492, 0x052492, 0x052492, 0x050492, 0x052492, 0x052492, 0x050492, 0x052492,
	0x052492, 0x050492, 0x052492, 0x052492, 0x040038, 0x040038, 0x040007, 0x040007,
	0x1fffff, 0x1fffff, 0x1fffff, 0x1fffff, 0x1fffff, 0x1fffff, 0x040038, 0x040038,
	0x040007, 0x040007, 0x1fffff, 0x1fffff, 0x0401f8, 0x0401f8, 0x0471f8, 0x0471f8,
	0x0781f8, 0x0781f8, 0x040038, 0x040038, 0x040038, 0x040038, 0x0401c7, 0x0401c7,
	0x0471c7, 0x0471c7, 0x0781c7, 0x0781c7, 0x040007, 0x040007, 0x040007, 0x040007,
	0x040e38, 0x040e38, 0x078e38, 0x078e38, 0x047e38, 0x047e38, 0x040038, 0x040038,
	0x040038, 0x040038, 0x040e07, 0x040e07, 0x078e07, 0x078e07, 0x047e07, 0x047e07,
	0x040007, 0x040007, 0x040007, 0x040007, 0x047038, 0x047038, 0x047e38, 0x047e38,
	0x0471f8, 0x0471f8, 0x040038, 0x040038, 0x040038, 0x040038, 0x047007, 0x047007,
	0x047e07, 0x047e07, 0x0471c7, 0x0471c7, 0x040007, 0x040007, 0x040007, 0x040007,
	0x078038, 0x078038, 0x0781f8, 0x0781f8, 0x078e38, 0x078e38, 0x040038, 0x040038,
	0x040038, 0x040038, 0x078007, 0x078007, 0x0781c7, 0x0781c7, 0x078e07, 0x078e07,
	0x040007, 0x040007, 0x040007, 0x040007, 0x040012, 0x042012, 0x042012, 0x040012,
	0x042012, 0x042012, 0x040000, 0x042012, 0x042012, 0x040000, 0x042012, 0x042012,
	0x040412, 0x042412, 0x042412, 0x040412, 0x042412, 0x042412, 0x040412, 0x042412,
	0x042412, 0x040412, 0x042412, 0x042412, 0x040412, 0x042412, 0x042412, 0x040412,
	0x042412, 0x042412, 0x040412, 0x042412, 0x042412, 0x040412, 0x042412, 0x042412,
	0x040092, 0x042092, 0x042092, 0x040092, 0x042092, 0x042092, 0x040092, 0x042092,
	0x042092, 0x040092, 0x042092, 0x042092, 0x040492, 0x042492, 0x042492, 0x040492,
	0x042492, 0x042492, 0x040492, 0x042492, 0x042492, 0x040492, 0x042492, 0x042492,
	0x040492, 0x042492, 0x042492, 0x040492, 0x042492, 0x042492, 0x040492, 0x042492,
	0x042492, 0x040492, 0x042492, 0x042492, 0x040092, 0x042092, 0x042092, 0x040092,
	0x042092, 0x042092, 0x040092, 0x042092, 0x042092, 0x040092, 0x042092, 0x042092,
	0x040492, 0x042492, 0x042492, 0x040492, 0x042492, 0x042492, 0x040492, 0x042492,
	0x042492, 0x040492, 0x042492, 0x042492, 0x040492, 0x042492, 0x042492, 0x040492,
	0x042492, 0x042492, 0x040492, 0x042492, 0x042492, 0x040492, 0x042492, 0x042492,
	0x050012, 0x052012, 0x052012, 0x050012, 0x052012, 0x052012, 0x050012, 0x052012,
	0x052012, 0x050012, 0x052012, 0x052012, 0x050412, 0x052412, 0x052412, 0x050412,
	0x052412, 0x052412, 0x050412, 0x052412, 0x052412, 0x050412, 0x052412, 0x052412,
	0x050412, 0x052412, 0x052412, 0x050412, 0x052412, 0x052412, 0x050412, 0x052412,
	0x052412, 0x050412, 0x052412, 0x052412, 0x050092, 0x052092, 0x052092, 0x050092,
	0x052092, 0x052092, 0x050092, 0x052092, 0x052092, 0x050092, 0x052092, 0x052092,
	0x050492, 0x052492, 0x052492, 0x050492, 0x052492, 0x052492, 0x050492, 0x052492,
	0x052492, 0x050492, 0x052492, 0x052492, 0x050492, 0x052492, 0x052492, 0x050492,
	0x052492, 0x052492, 0x050492, 0x052492, 0x052492, 0x050492, 0x052492, 0x052492,
	0x050092, 0x052092, 0x052092, 0x050092, 0x052092, 0x052092, 0x050092, 0x052092,
	0x052092, 0x050092, 0x052092, 0x052092, 0x050492, 0x052492, 0x052492, 0x050492,
	0x052492, 0x052492, 0x050492, 0x052492, 0x052492, 0x050492, 0x052492, 0x052492,
	0x050492, 0x052492, 0x052492, 0x050492, 0x052492, 0x052492, 0x050492, 0x052492,
	0x052492, 0x050492, 0x052492, 0x052492, 0x050012, 0x052012, 0x052012, 0x050012,
	0x052012, 0x052012, 0x050012, 0x052012, 0x052012, 0x050012, 0x052012, 0x052012,
	0x050412, 0x052412, 0x052412, 0x050412, 0x052412, 0x052412, 0x050412, 0x052412,
	0x052412, 0x050412, 0x052412, 0x052412, 0x050412, 0x052412, 0x052412, 0x050412,
	0x052412, 0x052412, 0x050412, 0x052412, 0x052412, 0x050412, 0x052412, 0x052412,
	0x050092, 0x052092, 0x052092, 0x050092, 0x052092, 0x052092, 0x050092, 0x052092,
	0x052092, 0x050092, 0x052092, 0x052092, 0x050492, 0x052492, 0x052492, 0x050492,
	0x052492, 0x052492, 0x050492, 0x052492, 0x052492, 0x050492, 0x052492, 0x052492,
	0x050492, 0x052492, 0x052492, 0x050492, 0x052492, 0x052492, 0x050492, 0x052492,
	0x052492, 0x050492, 0x052492, 0x052492, 0x050092, 0x052092, 0x052092, 0x050092,
	0x052092, 0x052092, 0x050092, 0x052092, 0x052092, 0x050092, 0x052092, 0x052092,
	0x050492, 0x052492, 0x052492, 0x050492, 0x052492, 0x052492, 0x050492, 0x052492,
	0x052492, 0x050492, 0x052492, 0x052492, 0x050492, 0x052492, 0x052492, 0x050492,
	0x052492, 0x052492, 0x050492, 0x052492, 0x052492, 0x050492, 0x052492, 0x052492,
	0x1fffff, 0x0401f8, 0x0401f8, 0x0471f8, 0x0471f8, 0x0781f8, 0x0781f8, 0x040038,
	0x040038, 0x040038, 0x040038, 0x0401c7, 0x0401c7, 0x0471c7, 0x0471c7, 0x0781c7,
	0x0781c7, 0x040007, 0x040007, 0x040007, 0x040007, 0x040e38, 0x040e38, 0x078e38,
	0x078e38, 0x047e38, 0x047e38, 0x040038, 0x040038, 0x040038, 0x040038, 0x040e07,
	0x040e07, 0x078e07, 0x078e07, 0x047e07, 0x047e07, 0x040007, 0x040007, 0x040007,
	0x040007, 0x047038, 0x047038, 0x047e38, 0x047e38, 0x0471f8, 0x0471f8, 0x040038,
	0x040038, 0x040038, 0x040038, 0x047007, 0x047007, 0x047e07, 0x047e07, 0x0471c7,
	0x0471c7, 0x040007, 0x040007, 0x040007, 0x040007, 0x078038, 0x078038, 0x0781f8,
	0x0781f8, 0x078e38, 0x078e38, 0x040038, 0x040038, 0x040038, 0x040038, 0x078007,
	0x078007, 0x0781c7, 0x0781c7, 0x078e07, 0x078e07, 0x040007, 0x040007, 0x040007,
	0x040007, 0x040038, 0x040038, 0x040007, 0x040007, 0x1fffff, 0x1fffff, 0x040000,
	0x040000, 0x000000, 0x000000, 0x000000, 0x000000, 0x000000, 0x000000, 0x000000,
	0x000000, 0x000000, 0x000000, 0x000000, 0x000000, 0x000000, 0x000000, 0x000000,
	0x000000, 0x000000, 0x000000, 0x000000, 0x000000, 0x000000, 0x000000, 0x000000,
	0x000000, 0x040012, 0x042012, 0x042012, 0x040012, 0x042012, 0x042012, 0x040000,
	0x042012, 0x042012, 0x040000, 0x042012, 0x042012, 0x040412, 0x042412, 0x042412,
	0x040412, 0x042412, 0x042412, 0x040412, 0x042412, 0x042412, 0x040412, 0x042412,
	0x042412, 0x040412, 0x042412, 0x042412, 0x040412, 0x042412, 0x042412, 0x040412,
	0x042412, 0x042412, 0x040412, 0x042412, 0x042412, 0x040092, 0x042092, 0x042092,
	0x040092, 0x042092, 0x042092, 0x040092, 0x042092, 0x042092, 0x040092, 0x042092,
	0x042092, 0x040492, 0x042492, 0x042492, 0x040492, 0x042492, 0x042492, 0x040492,
	0x042492, 0x042492, 0x040492, 0x042492, 0x042492, 0x040492, 0x042492, 0x042492,
	0x040492, 0x042492, 0x042492, 0x040492, 0x042492, 0x042492, 0x040492, 0x042492,
	0x042492, 0x040092, 0x042092, 0x042092, 0x040092, 0x042092, 0x042092, 0x040092,
	0x042092, 0x042092, 0x040092, 0x042092, 0x042092, 0x040492, 0x042492, 0x042492,
	0x040492, 0x042492, 0x042492, 0x040492, 0x042492, 0x042492, 0x040492, 0x042492,
	0x042492, 0x040492, 0x042492, 0x042492, 0x040492, 0x042492, 0x042492, 0x040492,
	0x042492, 0x042492, 0x040492, 0x042492, 0x042492, 0x050012, 0x052012, 0x052012,
	0x050012, 0x052012, 0x052012, 0x050012, 0x052012, 0x052012, 0x050012, 0x052012,
	0x052012, 0x050412, 0x052412, 0x052412, 0x050412, 0x052412, 0x052412, 0x050412,
	0x052412, 0x052412, 0x050412, 0x052412, 0x052412, 0x050412, 0x052412, 0x052412,
	0x050412, 0x052412, 0x052412, 0x050412, 0x052412, 0x052412, 0x050412, 0x052412,
	0x052412, 0x050092, 0x052092, 0x052092, 0x050092, 0x052092, 0x052092, 0x050092,
	0x052092, 0x052092, 0x050092, 0x052092, 0x052092, 0x050492, 0x052492, 0x052492,
	0x050492, 0x052492, 0x052492, 0x050492, 0x052492, 0x052492, 0x050492, 0x052492,
	0x052492, 0x050492, 0x052492, 0x052492, 0x050492, 0x052492, 0x052492, 0x050492,
	0x052492, 0x052492, 0x050492, 0x052492, 0x052492, 0x050092, 0x052092, 0x052092,
	0x050092, 0x052092, 0x052092, 0x050092, 0x052092, 0x052092, 0x050092, 0x052092,
	0x052092, 0x050492, 0x052492, 0x052492, 0x050492, 0x052492, 0x052492, 0x050492,
	0x052492, 0x052492, 0x050492, 0x052492, 0x052492, 0x050492, 0x052492, 0x052492,
	0x050492, 0x052492, 0x052492, 0x050492, 0x052492, 0x052492, 0x050492, 0x052492,
	0x052492, 0x050012, 0x052012, 0x052012, 0x050012, 0x052012, 0x052012, 0x050012,
	0x052012, 0x052012, 0x050012, 0x052012, 0x052012, 0x050412, 0x052412, 0x052412,
	0x050412, 0x052412, 0x052412, 0x050412, 0x052412, 0x052412, 0x050412, 0x052412,
	0x052412, 0x050412, 0x052412, 0x052412, 0x050412, 0x052412, 0x052412, 0x050412,
	0x052412, 0x052412, 0x050412, 0x052412, 0x052412, 0x050092, 0x052092, 0x052092,
	0x050092, 0x052092, 0x052092, 0x050092, 0x052092, 0x052092, 0x050092, 0x052092,
	0x052092, 0x050492, 0x052492, 0x052492, 0x050492, 0x052492, 0x052492, 0x050492,
	0x052492, 0x052492, 0x050492, 0x052492, 0x052492, 0x050492, 0x052492, 0x052492,
	0x050492, 0x052492, 0x052492, 0x050492, 0x052492, 0x052492, 0x050492, 0x052492,
	0x052492, 0x050092, 0x052092, 0x052092, 0x050092, 0x052092, 0x052092, 0x050092,
	0x052092, 0x052092, 0x050092, 0x052092, 0x052092, 0x050492, 0x052492, 0x052492,
	0x050492, 0x052492, 0x052492, 0x050492, 0x052492, 0x052492, 0x050492, 0x052492,
	0x052492, 0x050492, 0x052492, 0x052492, 0x050492, 0x052492, 0x052492, 0x050492,
	0x052492, 0x052492, 0x050492, 0x052492, 0x052492, 0x1fffff, 0x1fffff, 0x1fffff,
	0x000002, 0x000002, 0x000002, 0x000002, 0x000002, 0x000002, 0x000002, 0x000002,
	0x000002, 0x000002, 0x000002, 0x000002, 0x000002, 0x000002, 0x000002, 0x000002,
	0x000002, 0x000002, 0x000002, 0x000002, 0x000002, 0x000002, 0x000002, 0x000002,
	0x000002, 0x000002, 0x000002, 0x000002, 0x000002, 0x000002, 0x000002, 0x000002,
	0x000002, 0x000002, 0x000002, 0x000002, 0x000002, 0x000002, 0x000002, 0x000002,
	0x000002, 0x000002, 0x000002, 0x000002, 0x000002, 0x000002, 0x000002, 0x000002,
	0x000002, 0x000002, 0x000002, 0x000002, 0x000002, 0x000002, 0x000002, 0x000002,
	0x000002, 0x000002, 0x000002, 0x000002, 0x000002, 0x000002, 0x000002, 0x000002,
	0x000002, 0x000002, 0x000002, 0x000002, 0x000002, 0x000002, 0x000002, 0x000002,
	0x000002, 0x000002, 0x000002, 0x000002, 0x000002, 0x000002, 0x000002, 0x000002,
	0x000002, 0x000002, 0x000002, 0x000002, 0x000002, 0x000002, 0x000002, 0x000002,
	0x000002, 0x000002, 0x000002, 0x000002, 0x000002, 0x000002, 0x000002, 0x000002,
	0x000002, 0x000002, 0x000002, 0x000002, 0x000002, 0x000002, 0x000002, 0x000002,
	0x000002, 0x000002, 0x000002, 0x000002, 0x000002, 0x000002, 0x000002, 0x000002,
	0x000002, 0x000002, 0x000002, 0x000002, 0x000002, 0x000002, 0x000002, 0x000002,
	0x000002, 0x000002, 0x000002, 0x000002, 0x000002, 0x000002, 0x000002, 0x000002,
	0x000002, 0x000002, 0x000002, 0x000002, 0x000002, 0x000002, 0x000002, 0x000002,
	0x000002, 0x000002, 0x000002, 0x000002, 0x000002, 0x000002, 0x000002, 0x000002,
	0x000002, 0x000002, 0x000002, 0x000002, 0x000002, 0x000002, 0x000002, 0x000002,
	0x000002, 0x000002, 0x000002, 0x000002, 0x000002, 0x000002, 0x000002, 0x000002,
	0x000002, 0x000002, 0x000002, 0x000002, 0x000002, 0x000002, 0x000002, 0x000002,
	0x000002, 0x000002, 0x000002, 0x000002, 0x000002, 0x000002, 0x000002, 0x000002,
	0x000002, 0x000002, 0x000002, 0x000002, 0x000002, 0x000002, 0x000002, 0x000002,
	0x000002, 0x000002, 0x000002, 0x000002, 0x000002, 0x000002, 0x000002, 0x000002,
	0x000002, 0x000002, 0x000002, 0x000002, 0x000002, 0x000002, 0x000002, 0x000002,
	0x000002, 0x000002, 0x000002, 0x000002, 0x000002, 0x000002, 0x000002, 0x000002,
	0x000002, 0x000002, 0x000002, 0x000002, 0x000002, 0x000002, 0x000002, 0x000002,
	0x000002, 0x000002, 0x000002, 0x000002, 0x000002, 0x000002, 0x000002, 0x000002,
	0x000002, 0x000002, 0x000002, 0x000002, 0x000002, 0x000002, 0x000002, 0x000002,
	0x000002, 0x000002, 0x000002, 0x000002, 0x000002, 0x000002, 0x000002, 0x000002,
	0x000002, 0x000002, 0x000002, 0x000002, 0x000002, 0x000002, 0x000002, 0x000002,
	0x000002, 0x000002, 0x000002, 0x000002, 0x000002, 0x000002, 0x000002, 0x000002,
	0x000002, 0x000002, 0x000002, 0x000002, 0x000002, 0x000002, 0x000002, 0x000002,
	0x000002, 0x000002, 0x000002, 0x000002, 0x000002, 0x000002, 0x000002, 0x000002,
	0x040002, 0x040002, 0x040002, 0x040002, 0x040002, 0x040002, 0x040002, 0x040002,
	0x040002, 0x040002, 0x040002, 0x040002, 0x040002, 0x040002, 0x040002, 0x040002,
	0x040002, 0x040002, 0x040002, 0x040002, 0x040002, 0x040002, 0x040002, 0x040002,
	0x040002, 0x040002, 0x040002, 0x040002, 0x040002, 0x040002, 0x040002, 0x040002,
	0x040002, 0x040002, 0x1fffff, 0x1fffff, 0x040000, 0x040000, 0x040000, 0x040000,
	0x040000, 0x040000, 0x040000, 0x040000, 0x040002, 0x040002, 0x040010, 0x040010,
	0x040000, 0x040000, 0x040000, 0x040000, 0x040000, 0x040000, 0x040000, 0x040000,
	0x040002, 0x040002, 0x040010, 0x040010, 0x040000, 0x040000, 0x040000, 0x040000,
	0x040000, 0x040000, 0x040000, 0x040000, 0x040002, 0x040002, 0x040010, 0x040010,
	0x040000, 0x040000, 0x040000, 0x040000, 0x040000, 0x040000, 0x040000, 0x040000,
	0x040002, 0x040002, 0x040010, 0x040010, 0x1fffff, 0x040038, 0x040038, 0x040007,
	0x040007, 0x1fffff, 0x1fffff, 0x0401f8, 0x0401f8, 0x0471f8, 0x0471f8, 0x0781f8,
	0x0781f8, 0x040038, 0x040038, 0x040038, 0x040038, 0x0401c7, 0x0401c7, 0x0471c7,
	0x0471c7, 0x0781c7, 0x0781c7, 0x040007, 0x040007, 0x040007, 0x040007, 0x040e38,
	0x040e38, 0x078e38, 0x078e38, 0x047e38, 0x047e38, 0x040038, 0x040038, 0x040038,
	0x040038, 0x040e07, 0x040e07, 0x078e07, 0x078e07, 0x047e07, 0x047e07, 0x040007,
	0x040007, 0x040007, 0x040007, 0x047038, 0x047038, 0x047e38, 0x047e38, 0x0471f8,
	0x0471f8, 0x040038, 0x040038, 0x040038, 0x040038, 0x047007, 0x047007, 0x047e07,
	0x047e07, 0x0471c7, 0x0471c7, 0x040007, 0x040007, 0x040007, 0x040007, 0x078038,
	0x078038, 0x0781f8, 0x0781f8, 0x078e38, 0x078e38, 0x040038, 0x040038, 0x040038,
	0x040038, 0x078007, 0x078007, 0x0781c7, 0x0781c7, 0x078e07, 0x078e07, 0x040007,
	0x040007, 0x040007, 0x040007, 0x040012, 0x042012, 0x042012, 0x040012, 0x042012,
	0x042012, 0x040000, 0x042012, 0x042012, 0x040000, 0x042012, 0x042012, 0x040412,
	0x042412, 0x042412, 0x040412, 0x042412, 0x042412, 0x040412, 0x042412, 0x042412,
	0x040412, 0x042412, 0x042412, 0x040412, 0x042412, 0x042412, 0x040412, 0x042412,
	0x042412, 0x040412, 0x042412, 0x042412, 0x040412, 0x042412, 0x042412, 0x040092,
	0x042092, 0x042092, 0x040092, 0x042092, 0x042092, 0x040092, 0x042092, 0x042092,
	0x040092, 0x042092, 0x042092, 0x040492, 0x042492, 0x042492, 0x040492, 0x042492,
	0x042492, 0x040492, 0x042492, 0x042492, 0x040492, 0x042492, 0x042492, 0x040492,
	0x042492, 0x042492, 0x040492, 0x042492, 0x042492, 0x040492, 0x042492, 0x042492,
	0x040492, 0x042492, 0x042492, 0x040092, 0x042092, 0x042092, 0x040092, 0x042092,
	0x042092, 0x040092, 0x042092, 0x042092, 0x040092, 0x042092, 0x042092, 0x040492,
	0x042492, 0x042492, 0x040492, 0x042492, 0x042492, 0x040492, 0x042492, 0x042492,
	0x040492, 0x042492, 0x042492, 0x040492, 0x042492, 0x042492, 0x040492, 0x042492,
	0x042492, 0x040492, 0x042492, 0x042492, 0x040492, 0x042492, 0x042492, 0x050012,
	0x052012, 0x052012, 0x050012, 0x052012, 0x052012, 0x050012, 0x052012, 0x052012,
	0x050012, 0x052012, 0x052012, 0x050412, 0x052412, 0x052412, 0x050412, 0x052412,
	0x052412, 0x050412, 0x052412, 0x052412, 0x050412, 0x052412, 0x052412, 0x050412,
	0x052412, 0x052412, 0x050412, 0x052412, 0x052412, 0x050412, 0x052412, 0x052412,
	0x050412, 0x052412, 0x052412, 0x050092, 0x052092, 0x052092, 0x050092, 0x052092,
	0x052092, 0x050092, 0x052092, 0x052092, 0x050092, 0x052092, 0x052092, 0x050492,
	0x052492, 0x052492, 0x050492, 0x052492, 0x052492, 0x050492, 0x052492, 0x052492,
	0x050492, 0x052492, 0x052492, 0x050492, 0x052492, 0x052492, 0x050492, 0x052492,
	0x052492, 0x050492, 0x052492, 0x052492, 0x050492, 0x052492, 0x052492, 0x050092,
	0x052092, 0x052092, 0x050092, 0x052092, 0x052092, 0x050092, 0x052092, 0x052092,
	0x050092, 0x052092, 0x052092, 0x050492, 0x052492, 0x052492, 0x050492, 0x052492,
	0x052492, 0x050492, 0x052492, 0x052492, 0x050492, 0x052492, 0x052492, 0x050492,
	0x052492, 0x052492, 0x050492, 0x052492, 0x052492, 0x050492, 0x052492, 0x052492,
	0x050492, 0x052492, 0x052492, 0x050012, 0x052012, 0x052012, 0x050012, 0x052012,
	0x052012, 0x050012, 0x052012, 0x052012, 0x050012, 0x052012, 0x052012, 0x050412,
	0x052412, 0x052412, 0x050412, 0x052412, 0x052412, 0x050412, 0x052412, 0x052412,
	0x050412, 0x052412, 0x052412, 0x050412, 0x052412, 0x052412, 0x050412, 0x052412,
	0x052412, 0x050412, 0x052412, 0x052412, 0x050412, 0x052412, 0x052412, 0x050092,
	0x052092, 0x052092, 0x050092, 0x052092, 0x052092, 0x050092, 0x052092, 0x052092,
	0x050092, 0x052092, 0x052092, 0x050492, 0x052492, 0x052492, 0x050492, 0x052492,
	0x052492, 0x050492, 0x052492, 0x052492, 0x050492, 0x052492, 0x052492, 0x050492,
	0x052492, 0x052492, 0x050492, 0x052492, 0x052492, 0x050492, 0x052492, 0x052492,
	0x050492, 0x052492, 0x052492, 0x050092, 0x052092, 0x052092, 0x050092, 0x052092,
	0x052092, 0x050092, 0x052092, 0x052092, 0x050092, 0x052092, 0x052092, 0x050492,
	0x052492, 0x052492, 0x050492, 0x052492, 0x052492, 0x050492, 0x052492, 0x052492,
	0x050492, 0x052492, 0x052492, 0x050492, 0x052492, 0x052492, 0x050492, 0x052492,
	0x052492, 0x050492, 0x052492, 0x052492, 0x050492, 0x052492, 0x052492, 0x1fffff,
	0x040038, 0x040038, 0x040007, 0x040007, 0x1fffff, 0x1fffff, 0x0401f8, 0x0401f8,
	0x0471f8, 0x0471f8, 0x0781f8, 0x0781f8, 0x040038, 0x040038, 0x040038, 0x040038,
	0x0401c7, 0x0401c7, 0x0471c7, 0x0471c7, 0x0781c7, 0x0781c7, 0x040007, 0x040007,
	0x040007, 0x040007, 0x040e38, 0x040e38, 0x078e38, 0x078e38, 0x047e38, 0x047e38,
	0x040038, 0x040038, 0x040038, 0x040038, 0x040e07, 0x040e07, 0x078e07, 0x078e07,
	0x047e07, 0x047e07, 0x040007, 0x040007, 0x040007, 0x040007, 0x047038, 0x047038,
	0x047e38, 0x047e38, 0x0471f8, 0x0471f8, 0x040038, 0x040038, 0x040038, 0x040038,
	0x047007, 0x047007, 0x047e07, 0x047e07, 0x0471c7, 0x0471c7, 0x040007, 0x040007,
	0x040007, 0x040007, 0x078038, 0x078038, 0x0781f8, 0x0781f8, 0x078e38, 0x078e38,
	0x040038, 0x040038, 0x040038, 0x040038, 0x078007, 0x078007, 0x0781c7, 0x0781c7,
	0x078e07, 0x078e07, 0x040007, 0x040007, 0x040007, 0x040007, 0x040012, 0x042012,
	0x042012, 0x040012, 0x042012, 0x042012, 0x040000, 0x042012, 0x042012, 0x040000,
	0x042012, 0x042012, 0x040412, 0x042412, 0x042412, 0x040412, 0x042412, 0x042412,
	0x040412, 0x042412, 0x042412, 0x040412, 0x042412, 0x042412, 0x040412, 0x042412,
	0x042412, 0x040412, 0x042412, 0x042412, 0x040412, 0x042412, 0x042412, 0x040412,
	0x042412, 0x042412, 0x040092, 0x042092, 0x042092, 0x040092, 0x042092, 0x042092,
	0x040092, 0x042092, 0x042092, 0x040092, 0x042092, 0x042092, 0x040492, 0x042492,
	0x042492, 0x040492, 0x042492, 0x042492, 0x040492, 0x042492, 0x042492, 0x040492,
	0x042492, 0x042492, 0x040492, 0x042492, 0x042492, 0x040492, 0x042492, 0x042492,
	0x040492, 0x042492, 0x042492, 0x040492, 0x042492, 0x042492, 0x040092, 0x042092,
	0x042092, 0x040092, 0x042092, 0x042092, 0x040092, 0x042092, 0x042092, 0x040092,
	0x042092, 0x042092, 0x040492, 0x042492, 0x042492, 0x040492, 0x042492, 0x042492,
	0x040492, 0x042492, 0x042492, 0x040492, 0x042492, 0x042492, 0x040492, 0x042492,
	0x042492, 0x040492, 0x042492, 0x042492, 0x040492, 0x042492, 0x042492, 0x040492,
	0x042492, 0x042492, 0x050012, 0x052012, 0x052012, 0x050012, 0x052012, 0x052012,
	0x050012, 0x052012, 0x052012, 0x050012, 0x052012, 0x052012, 0x050412, 0x052412,
	0x052412, 0x050412, 0x052412, 0x052412, 0x050412, 0x052412, 0x052412, 0x050412,
	0x052412, 0x052412, 0x050412, 0x052412, 0x052412, 0x050412, 0x052412, 0x052412,
	0x050412, 0x052412, 0x052412, 0x050412, 0x052412, 0x052412, 0x050092, 0x052092,
	0x052092, 0x050092, 0x052092, 0x052092, 0x050092, 0x052092, 0x052092, 0x050092,
	0x052092, 0x052092, 0x050492, 0x052492, 0x052492, 0x050492, 0x052492, 0x052492,
	0x050492, 0x052492, 0x052492, 0x050492, 0x052492, 0x052492, 0x050492, 0x052492,
	0x052492, 0x050492, 0x052492, 0x052492, 0x050492, 0x052492, 0x052492, 0x050492,
	0x052492, 0x052492, 0x050092, 0x052092, 0x052092, 0x050092, 0x052092, 0x052092,
	0x050092, 0x052092, 0x052092, 0x050092, 0x052092, 0x052092, 0x050492, 0x052492,
	0x052492, 0x050492, 0x052492, 0x052492, 0x050492, 0x052492, 0x052492, 0x050492,
	0x052492, 0x052492, 0x050492, 0x052492, 0x052492, 0x050492, 0x052492, 0x052492,
	0x050492, 0x052492, 0x052492, 0x050492, 0x052492, 0x052492, 0x050012, 0x052012,
	0x052012, 0x050012, 0x052012, 0x052012, 0x050012, 0x052012, 0x052012, 0x050012,
	0x052012, 0x052012, 0x050412, 0x052412, 0x052412, 0x050412, 0x052412, 0x052412,
	0x050412, 0x052412, 0x052412, 0x050412, 0x052412, 0x052412, 0x050412, 0x052412,
	0x052412, 0x050412, 0x052412, 0x052412, 0x050412, 0x052412, 0x052412, 0x050412,
	0x052412, 0x052412, 0x050092, 0x052092, 0x052092, 0x050092, 0x052092, 0x052092,
	0x050092, 0x052092, 0x052092, 0x050092, 0x052092, 0x052092, 0x050492, 0x052492,
	0x052492, 0x050492, 0x052492, 0x052492, 0x050492, 0x052492, 0x052492, 0x050492,
	0x052492, 0x052492, 0x050492, 0x052492, 0x052492, 0x050492, 0x052492, 0x052492,
	0x050492, 0x052492, 0x052492, 0x050492, 0x052492, 0x052492, 0x050092, 0x052092,
	0x052092, 0x050092, 0x052092, 0x052092, 0x050092, 0x052092, 0x052092, 0x050092,
	0x052092, 0x052092, 0x050492, 0x052492, 0x052492, 0x050492, 0x052492, 0x052492,
	0x050492, 0x052492, 0x052492, 0x050492, 0x052492, 0x052492, 0x050492, 0x052492,
	0x052492, 0x050492, 0x052492, 0x052492, 0x050492, 0x052492, 0x052492, 0x050492,
	0x052492, 0x052492, 0x1fffff, 0x1fffff, 0x040038, 0x040038, 0x040007, 0x040007,
	0x1fffff, 0x1fffff, 0x0401f8, 0x0401f8, 0x0471f8, 0x0471f8, 0x0781f8, 0x0781f8,
	0x040038, 0x040038, 0x040038, 0x040038, 0x0401c7, 0x0401c7, 0x0471c7, 0x0471c7,
	0x0781c7, 0x0781c7, 0x040007, 0x040007, 0x040007, 0x040007, 0x040e38, 0x040e38,
	0x078e38, 0x078e38, 0x047e38, 0x047e38, 0x040038, 0x040038, 0x040038, 0x040038,
	0x040e07, 0x040e07, 0x078e07, 0x078e07, 0x047e07, 0x047e07, 0x040007, 0x040007,
	0x040007, 0x040007, 0x047038, 0x047038, 0x047e38, 0x047e38, 0x0471f8, 0x0471f8,
	0x040038, 0x040038, 0x040038, 0x040038, 0x047007, 0x047007, 0x047e07, 0x047e07,
	0x0471c7, 0x0471c7, 0x040007, 0x040007, 0x040007, 0x040007, 0x078038, 0x078038,
	0x0781f8, 0x0781f8, 0x078e38, 0x078e38, 0x040038, 0x040038, 0x040038, 0x040038,
	0x078007, 0x078007, 0x0781c7, 0x0781c7, 0x078e07, 0x078e07, 0x040007, 0x040007,
	0x040007, 0x040007, 0x040012, 0x042012, 0x042012, 0x040012, 0x042012, 0x042012,
	0x040000, 0x042012, 0x042012, 0x040000, 0x042012, 0x042012, 0x040412, 0x042412,
	0x042412, 0x040412, 0x042412, 0x042412, 0x040412, 0x042412, 0x042412, 0x040412,
	0x042412, 0x042412, 0x040412, 0x042412, 0x042412, 0x040412, 0x042412, 0x042412,
	0x040412, 0x042412, 0x042412, 0x040412, 0x042412, 0x042412, 0x040092, 0x042092,
	0x042092, 0x040092, 0x042092, 0x042092, 0x040092, 0x042092, 0x042092, 0x040092,
	0x042092, 0x042092, 0x040492, 0x042492, 0x042492, 0x040492, 0x042492, 0x042492,
	0x040492, 0x042492, 0x042492, 0x040492, 0x042492, 0x042492, 0x040492, 0x042492,
	0x042492, 0x040492, 0x042492, 0x042492, 0x040492, 0x042492, 0x042492, 0x040492,
	0x042492, 0x042492, 0x040092, 0x042092, 0x042092, 0x040092, 0x042092, 0x042092,
	0x040092, 0x042092, 0x042092, 0x040092, 0x042092, 0x042092, 0x040492, 0x042492,
	0x042492, 0x040492, 0x042492, 0x042492, 0x040492, 0x042492, 0x042492, 0x040492,
	0x042492, 0x042492, 0x040492, 0x042492, 0x042492, 0x040492, 0x042492, 0x042492,
	0x040492, 0x042492, 0x042492, 0x040492, 0x042492, 0x042492, 0x050012, 0x052012,
	0x052012, 0x050012, 0x052012, 0x052012, 0x050012, 0x052012, 0x052012, 0x050012,
	0x052012, 0x052012, 0x050412, 0x052412, 0x052412, 0x050412, 0x052412, 0x052412,
	0x050412, 0x052412, 0x052412, 0x050412, 0x052412, 0x052412, 0x050412, 0x052412,
	0x052412, 0x050412, 0x052412, 0x052412, 0x050412, 0x052412, 0x052412, 0x050412,
	0x052412, 0x052412, 0x050092, 0x052092, 0x052092, 0x050092, 0x052092, 0x052092,
	0x050092, 0x052092, 0x052092, 0x050092, 0x052092, 0x052092, 0x050492, 0x052492,
	0x052492, 0x050492, 0x052492, 0x052492, 0x050492, 0x052492, 0x052492, 0x050492,
	0x052492, 0x052492, 0x050492, 0x052492, 0x052492, 0x050492, 0x052492, 0x052492,
	0x050492, 0x052492, 0x052492, 0x050492, 0x052492, 0x052492, 0x050092, 0x052092,
	0x052092, 0x050092, 0x052092, 0x052092, 0x050092, 0x052092, 0x052092, 0x050092,
	0x052092, 0x052092, 0x050492, 0x052492, 0x052492, 0x050492, 0x052492, 0x052492,
	0x050492, 0x052492, 0x052492, 0x050492, 0x052492, 0x052492, 0x050492, 0x052492,
	0x052492, 0x050492, 0x052492, 0x052492, 0x050492, 0x052492, 0x052492, 0x050492,
	0x052492, 0x052492, 0x050012, 0x052012, 0x052012, 0x050012, 0x052012, 0x052012,
	0x050012, 0x052012, 0x052012, 0x050012, 0x052012, 0x052012, 0x050412, 0x052412,
	0x052412, 0x050412, 0x052412, 0x052412, 0x050412, 0x052412, 0x052412, 0x050412,
	0x052412, 0x052412, 0x050412, 0x052412, 0x052412, 0x050412, 0x052412, 0x052412,
	0x050412, 0x052412, 0x052412, 0x050412, 0x052412, 0x052412, 0x050092, 0x052092,
	0x052092, 0x050092, 0x052092, 0x052092, 0x050092, 0x052092, 0x052092, 0x050092,
	0x052092, 0x052092, 0x050492, 0x052492, 0x052492, 0x050492, 0x052492, 0x052492,
	0x050492, 0x052492, 0x052492, 0x050492, 0x052492, 0x052492, 0x050492, 0x052492,
	0x052492, 0x050492, 0x052492, 0x052492, 0x050492, 0x052492, 0x052492, 0x050492,
	0x052492, 0x052492, 0x050092, 0x052092, 0x052092, 0x050092, 0x052092, 0x052092,
	0x050092, 0x052092, 0x052092, 0x050092, 0x052092, 0x052092, 0x050492, 0x052492,
	0x052492, 0x050492, 0x052492, 0x052492, 0x050492, 0x052492, 0x052492, 0x050492,
	0x052492, 0x052492, 0x050492, 0x052492, 0x052492, 0x050492, 0x052492, 0x052492,
	0x050492, 0x052492, 0x052492, 0x050492, 0x052492, 0x052492, 0x1fffff, 0x1fffff,
	0x1fffff, 0x1fffff, 0x1fffff, 0x1fffff, 0x1fffff, 0x040038, 0x040038, 0x040007,
	0x040007, 0x1fffff, 0x1fffff, 0x0401f8, 0x0401f8, 0x0471f8, 0x0471f8, 0x0781f8,
	0x0781f8, 0x040038, 0x040038, 0x040038, 0x040038, 0x0401c7, 0x0401c7, 0x0471c7,
	0x0471c7, 0x0781c7, 0x0781c7, 0x040007, 0x040007, 0x040007, 0x040007, 0x040e38,
	0x040e38, 0x078e38, 0x078e38, 0x047e38, 0x047e38, 0x040038, 0x040038, 0x040038,
	0x040038, 0x040e07, 0x040e07, 0x078e07, 0x078e07, 0x047e07, 0x047e07, 0x040007,
	0x040007, 0x040007, 0x040007, 0x047038, 0x047038, 0x047e38, 0x047e38, 0x0471f8,
	0x0471f8, 0x040038, 0x040038, 0x040038, 0x040038, 0x047007, 0x047007, 0x047e07,
	0x047e07, 0x0471c7, 0x0471c7, 0x040007, 0x040007, 0x040007, 0x040007, 0x078038,
	0x078038, 0x0781f8, 0x0781f8, 0x078e38, 0x078e38, 0x040038, 0x040038, 0x040038,
	0x040038, 0x078007, 0x078007, 0x0781c7, 0x0781c7, 0x078e07, 0x078e07, 0x040007,
	0x040007, 0x040007, 0x040007, 0x040012, 0x042012, 0x042012, 0x040012, 0x042012,
	0x042012, 0x040000, 0x042012, 0x042012, 0x040000, 0x042012, 0x042012, 0x040412,
	0x042412, 0x042412, 0x040412, 0x042412, 0x042412, 0x040412, 0x042412, 0x042412,
	0x040412, 0x042412, 0x042412, 0x040412, 0x042412, 0x042412, 0x040412, 0x042412,
	0x042412, 0x040412, 0x042412, 0x042412, 0x040412, 0x042412, 0x042412, 0x040092,
	0x042092, 0x042092, 0x040092, 0x042092, 0x042092, 0x040092, 0x042092, 0x042092,
	0x040092, 0x042092, 0x042092, 0x040492, 0x042492, 0x042492, 0x040492, 0x042492,
	0x042492, 0x040492, 0x042492, 0x042492, 0x040492, 0x042492, 0x042492, 0x040492,
	0x042492, 0x042492, 0x040492, 0x042492, 0x042492, 0x040492, 0x042492, 0x042492,
	0x040492, 0x042492, 0x042492, 0x040092, 0x042092, 0x042092, 0x040092, 0x042092,
	0x042092, 0x040092, 0x042092, 0x042092, 0x040092, 0x042092, 0x042092, 0x040492,
	0x042492, 0x042492, 0x040492, 0x042492, 0x042492, 0x040492, 0x042492, 0x042492,
	0x040492, 0x042492, 0x042492, 0x040492, 0x042492, 0x042492, 0x040492, 0x042492,
	0x042492, 0x040492, 0x042492, 0x042492, 0x040492, 0x042492, 0x042492, 0x050012,
	0x052012, 0x052012, 0x050012, 0x052012, 0x052012, 0x050012, 0x052012, 0x052012,
	0x050012, 0x052012, 0x052012, 0x050412, 0x052412, 0x052412, 0x050412, 0x052412,
	0x052412, 0x050412, 0x052412, 0x052412, 0x050412, 0x052412, 0x052412, 0x050412,
	0x052412, 0x052412, 0x050412, 0x052412, 0x052412, 0x050412, 0x052412, 0x052412,
	0x050412, 0x052412, 0x052412, 0x050092, 0x052092, 0x052092, 0x050092, 0x052092,
	0x052092, 0x050092, 0x052092, 0x052092, 0x050092, 0x052092, 0x052092, 0x050492,
	0x052492, 0x052492, 0x050492, 0x052492, 0x052492, 0x050492, 0x052492, 0x052492,
	0x050492, 0x052492, 0x052492, 0x050492, 0x052492, 0x052492, 0x050492, 0x052492,
	0x052492, 0x050492, 0x052492, 0x052492, 0x050492, 0x052492, 0x052492, 0x050092,
	0x052092, 0x052092, 0x050092, 0x052092, 0x052092, 0x050092, 0x052092, 0x052092,
	0x050092, 0x052092, 0x052092, 0x050492, 0x052492, 0x052492, 0x050492, 0x052492,
	0x052492, 0x050492, 0x052492, 0x052492, 0x050492, 0x052492, 0x052492, 0x050492,
	0x052492, 0x052492, 0x050492, 0x052492, 0x052492, 0x050492, 0x052492, 0x052492,
	0x050492, 0x052492, 0x052492, 0x050012, 0x052012, 0x052012, 0x050012, 0x052012,
	0x052012, 0x050012, 0x052012, 0x052012, 0x050012, 0x052012, 0x052012, 0x050412,
	0x052412, 0x052412, 0x050412, 0x052412, 0x052412, 0x050412, 0x052412, 0x052412,
	0x050412, 0x052412, 0x052412, 0x050412, 0x052412, 0x052412, 0x050412, 0x052412,
	0x052412, 0x050412, 0x052412, 0x052412, 0x050412, 0x052412, 0x052412, 0x050092,
	0x052092, 0x052092, 0x050092, 0x052092, 0x052092, 0x050092, 0x052092, 0x052092,
	0x050092, 0x052092, 0x052092, 0x050492, 0x052492, 0x052492, 0x050492, 0x052492,
	0x052492, 0x050492, 0x052492, 0x052492, 0x050492, 0x052492, 0x052492, 0x050492,
	0x052492, 0x052492, 0x050492, 0x052492, 0x052492, 0x050492, 0x052492, 0x052492,
	0x050492, 0x052492, 0x052492, 0x050092, 0x052092, 0x052092, 0x050092, 0x052092,
	0x052092, 0x050092, 0x052092, 0x052092, 0x050092, 0x052092, 0x052092, 0x050492,
	0x052492, 0x052492, 0x050492, 0x052492, 0x052492, 0x050492, 0x052492, 0x052492,
	0x050492, 0x052492, 0x052492, 0x050492, 0x052492, 0x052492, 0x050492, 0x052492,
	0x052492, 0x050492, 0x052492, 0x052492, 0x050492, 0x052492, 0x052492, 0x1fffff,
	0x040038, 0x040038, 0x040007, 0x040007, 0x1fffff, 0x1fffff, 0x0401f8, 0x0401f8,
	0x0471f8, 0x0471f8, 0x0781f8, 0x0781f8, 0x040038, 0x040038, 0x040038, 0x040038,
	0x0401c7, 0x0401c7, 0x0471c7, 0x0471c7, 0x0781c7, 0x0781c7, 0x040007, 0x040007,
	0x040007, 0x040007, 0x040e38, 0x040e38, 0x078e38, 0x078e38, 0x047e38, 0x047e38,
	0x040038, 0x040038, 0x040038, 0x040038, 0x040e07, 0x040e07, 0x078e07, 0x078e07,
	0x047e07, 0x047e07, 0x040007, 0x040007, 0x040007, 0x040007, 0x047038, 0x047038,
	0x047e38, 0x047e38, 0x0471f8, 0x0471f8, 0x040038, 0x040038, 0x040038, 0x040038,
	0x047007, 0x047007, 0x047e07, 0x047e07, 0x0471c7, 0x0471c7, 0x040007, 0x040007,
	0x040007, 0x040007, 0x078038, 0x078038, 0x0781f8, 0x0781f8, 0x078e38, 0x078e38,
	0x040038, 0x040038, 0x040038, 0x040038, 0x078007, 0x078007, 0x0781c7, 0x0781c7,
	0x078e07, 0x078e07, 0x040007, 0x040007, 0x040007, 0x040007, 0x040012, 0x042012,
	0x042012, 0x040012, 0x042012, 0x042012, 0x040000, 0x042012, 0x042012, 0x040000,
	0x042012, 0x042012, 0x040412, 0x042412, 0x042412, 0x040412, 0x042412, 0x042412,
	0x040412, 0x042412, 0x042412, 0x040412, 0x042412, 0x042412, 0x040412, 0x042412,
	0x042412, 0x040412, 0x042412, 0x042412, 0x040412, 0x042412, 0x042412, 0x040412,
	0x042412, 0x042412, 0x040092, 0x042092, 0x042092, 0x040092, 0x042092, 0x042092,
	0x040092, 0x042092, 0x042092, 0x040092, 0x042092, 0x042092, 0x040492, 0x042492,
	0x042492, 0x040492, 0x042492, 0x042492, 0x040492, 0x042492, 0x042492, 0x040492,
	0x042492, 0x042492, 0x040492, 0x042492, 0x042492, 0x040492, 0x042492, 0x042492,
	0x040492, 0x042492, 0x042492, 0x040492, 0x042492, 0x042492, 0x040092, 0x042092,
	0x042092, 0x040092, 0x042092, 0x042092, 0x040092, 0x042092, 0x042092, 0x040092,
	0x042092, 0x042092, 0x040492, 0x042492, 0x042492, 0x040492, 0x042492, 0x042492,
	0x040492, 0x042492, 0x042492, 0x040492, 0x042492, 0x042492, 0x040492, 0x042492,
	0x042492, 0x040492, 0x042492, 0x042492, 0x040492, 0x042492, 0x042492, 0x040492,
	0x042492, 0x042492, 0x050012, 0x052012, 0x052012, 0x050012, 0x052012, 0x052012,
	0x050012, 0x052012, 0x052012, 0x050012, 0x052012, 0x052012, 0x050412, 0x052412,
	0x052412, 0x050412, 0x052412, 0x052412, 0x050412, 0x052412, 0x052412, 0x050412,
	0x052412, 0x052412, 0x050412, 0x052412, 0x052412, 0x050412, 0x052412, 0x052412,
	0x050412, 0x052412, 0x052412, 0x050412, 0x052412, 0x052412, 0x050092, 0x052092,
	0x052092, 0x050092, 0x052092, 0x052092, 0x050092, 0x052092, 0x052092, 0x050092,
	0x052092, 0x052092, 0x050492, 0x052492, 0x052492, 0x050492, 0x052492, 0x052492,
	0x050492, 0x052492, 0x052492, 0x050492, 0x052492, 0x052492, 0x050492, 0x052492,
	0x052492, 0x050492, 0x052492, 0x052492, 0x050492, 0x052492, 0x052492, 0x050492,
	0x052492, 0x052492, 0x050092, 0x052092, 0x052092, 0x050092, 0x052092, 0x052092,
	0x050092, 0x052092, 0x052092, 0x050092, 0x052092, 0x052092, 0x050492, 0x052492,
	0x052492, 0x050492, 0x052492, 0x052492, 0x050492, 0x052492, 0x052492, 0x050492,
	0x052492, 0x052492, 0x050492, 0x052492, 0x052492, 0x050492, 0x052492, 0x052492,
	0x050492, 0x052492, 0x052492, 0x050492, 0x052492, 0x052492, 0x050012, 0x052012,
	0x052012, 0x050012, 0x052012, 0x052012, 0x050012, 0x052012, 0x052012, 0x050012,
	0x052012, 0x052012, 0x050412, 0x052412, 0x052412, 0x050412, 0x052412, 0x052412,
	0x050412, 0x052412, 0x052412, 0x050412, 0x052412, 0x052412, 0x050412, 0x052412,
	0x052412, 0x050412, 0x052412, 0x052412, 0x050412, 0x052412, 0x052412, 0x050412,
	0x052412, 0x052412, 0x050092, 0x052092, 0x052092, 0x050092, 0x052092, 0x052092,
	0x050092, 0x052092, 0x052092, 0x050092, 0x052092, 0x052092, 0x050492, 0x052492,
	0x052492, 0x050492, 0x052492, 0x052492, 0x050492, 0x052492, 0x052492, 0x050492,
	0x052492, 0x052492, 0x050492, 0x052492, 0x052492, 0x050492, 0x052492, 0x052492,
	0x050492, 0x052492, 0x052492, 0x050492, 0x052492, 0x052492, 0x050092, 0x052092,
	0x052092, 0x050092, 0x052092, 0x052092, 0x050092, 0x052092, 0x052092, 0x050092,
	0x052092, 0x052092, 0x050492, 0x052492, 0x052492, 0x050492, 0x052492, 0x052492,
	0x050492, 0x052492, 0x052492, 0x050492, 0x052492, 0x052492, 0x050492, 0x052492,
	0x052492, 0x050492, 0x052492, 0x052492, 0x050492, 0x052492, 0x052492, 0x050492,
	0x052492, 0x052492, 0x1fffff, 0x040038, 0x040038, 0x040007, 0x040007, 0x1fffff,
	0x1fffff, 0x0401f8, 0x0401f8, 0x0471f8, 0x0471f8, 0x0781f8, 0x0781f8, 0x040038,
	0x040038, 0x040038, 0x040038, 0x0401c7, 0x0401c7, 0x0471c7, 0x0471c7, 0x0781c7,
	0x0781c7, 0x040007, 0x040007, 0x040007, 0x040007, 0x040e38, 0x040e38, 0x078e38,
	0x078e38, 0x047e38, 0x047e38, 0x040038, 0x040038, 0x040038, 0x040038, 0x040e07,
	0x040e07, 0x078e07, 0x078e07, 0x047e07, 0x047e07, 0x040007, 0x040007, 0x040007,
	0x040007, 0x047038, 0x047038, 0x047e38, 0x047e38, 0x0471f8, 0x0471f8, 0x040038,
	0x040038, 0x040038, 0x040038, 0x047007, 0x047007, 0x047e07, 0x047e07, 0x0471c7,
	0x0471c7, 0x040007, 0x040007, 0x040007, 0x040007, 0x078038, 0x078038, 0x0781f8,
	0x0781f8, 0x078e38, 0x078e38, 0x040038, 0x040038, 0x040038, 0x040038, 0x078007,
	0x078007, 0x0781c7, 0x0781c7, 0x078e07, 0x078e07, 0x040007, 0x040007, 0x040007,
	0x040007, 0x040012, 0x042012, 0x042012, 0x040012, 0x042012, 0x042012, 0x040000,
	0x042012, 0x042012, 0x040000, 0x042012, 0x042012, 0x040412, 0x042412, 0x042412,
	0x040412, 0x042412, 0x042412, 0x040412, 0x042412, 0x042412, 0x040412, 0x042412,
	0x042412, 0x040412, 0x042412, 0x042412, 0x040412, 0x042412, 0x042412, 0x040412,
	0x042412, 0x042412, 0x040412, 0x042412, 0x042412, 0x040092, 0x042092, 0x042092,
	0x040092, 0x042092, 0x042092, 0x040092, 0x042092, 0x042092, 0x040092, 0x042092,
	0x042092, 0x040492, 0x042492, 0x042492, 0x040492, 0x042492, 0x042492, 0x040492,
	0x042492, 0x042492, 0x040492, 0x042492, 0x042492, 0x040492, 0x042492, 0x042492,
	0x040492, 0x042492, 0x042492, 0x040492, 0x042492, 0x042492, 0x040492, 0x042492,
	0x042492, 0x040092, 0x042092, 0x042092, 0x040092, 0x042092, 0x042092, 0x040092,
	0x042092, 0x042092, 0x040092, 0x042092, 0x042092, 0x040492, 0x042492, 0x042492,
	0x040492, 0x042492, 0x042492, 0x040492, 0x042492, 0x042492, 0x040492, 0x042492,
	0x042492, 0x040492, 0x042492, 0x042492, 0x040492, 0x042492, 0x042492, 0x040492,
	0x042492, 0x042492, 0x040492, 0x042492, 0x042492, 0x050012, 0x052012, 0x052012,
	0x050012, 0x052012, 0x052012, 0x050012, 0x052012, 0x052012, 0x050012, 0x052012,
	0x052012, 0x050412, 0x052412, 0x052412, 0x050412, 0x052412, 0x052412, 0x050412,
	0x052412, 0x052412, 0x050412, 0x052412, 0x052412, 0x050412, 0x052412, 0x052412,
	0x050412, 0x052412, 0x052412, 0x050412, 0x052412, 0x052412, 0x050412, 0x052412,
	0x052412, 0x050092, 0x052092, 0x052092, 0x050092, 0x052092, 0x052092, 0x050092,
	0x052092, 0x052092, 0x050092, 0x052092, 0x052092, 0x050492, 0x052492, 0x052492,
	0x050492, 0x052492, 0x052492, 0x050492, 0x052492, 0x052492, 0x050492, 0x052492,
	0x052492, 0x050492, 0x052492, 0x052492, 0x050492, 0x052492, 0x052492, 0x050492,
	0x052492, 0x052492, 0x050492, 0x052492, 0x052492, 0x050092, 0x052092, 0x052092,
	0x050092, 0x052092, 0x052092, 0x050092, 0x052092, 0x052092, 0x050092, 0x052092,
	0x052092, 0x050492, 0x052492, 0x052492, 0x050492, 0x052492, 0x052492, 0x050492,
	0x052492, 0x052492, 0x050492, 0x052492, 0x052492, 0x050492, 0x052492, 0x052492,
	0x050492, 0x052492, 0x052492, 0x050492, 0x052492, 0x052492, 0x050492, 0x052492,
	0x052492, 0x050012, 0x052012, 0x052012, 0x050012, 0x052012, 0x052012, 0x050012,
	0x052012, 0x052012, 0x050012, 0x052012, 0x052012, 0x050412, 0x052412, 0x052412,
	0x050412, 0x052412, 0x052412, 0x050412, 0x052412, 0x052412, 0x050412, 0x052412,
	0x052412, 0x050412, 0x052412, 0x052412, 0x050412, 0x052412, 0x052412, 0x050412,
	0x052412, 0x052412, 0x050412, 0x052412, 0x052412, 0x050092, 0x052092, 0x052092,
	0x050092, 0x052092, 0x052092, 0x050092, 0x052092, 0x052092, 0x050092, 0x052092,
	0x052092, 0x050492, 0x052492, 0x052492, 0x050492, 0x052492, 0x052492, 0x050492,
	0x052492, 0x052492, 0x050492, 0x052492, 0x052492, 0x050492, 0x052492, 0x052492,
	0x050492, 0x052492, 0x052492, 0x050492, 0x052492, 0x052492, 0x050492, 0x052492,
	0x052492, 0x050092, 0x052092, 0x052092, 0x050092, 0x052092, 0x052092, 0x050092,
	0x052092, 0x052092, 0x050092, 0x052092, 0x052092, 0x050492, 0x052492, 0x052492,
	0x050492, 0x052492, 0x052492, 0x050492, 0x052492, 0x052492, 0x050492, 0x052492,
	0x052492, 0x050492, 0x052492, 0x052492, 0x050492, 0x052492, 0x052492, 0x050492,
	0x052492, 0x052492, 0x050492, 0x052492, 0x052492, 0x1fffff, 0x1fffff, 0x040038,
	0x040038, 0x040007, 0x040007, 0x1fffff, 0x1fffff, 0x0401f8, 0x0401f8, 0x0471f8,
	0x0471f8, 0x0781f8, 0x0781f8, 0x040038, 0x040038, 0x040038, 0x040038, 0x0401c7,
	0x0401c7, 0x0471c7, 0x0471c7, 0x0781c7, 0x0781c7, 0x040007, 0x040007, 0x040007,
	0x040007, 0x040e38, 0x040e38, 0x078e38, 0x078e38, 0x047e38, 0x047e38, 0x040038,
	0x040038, 0x040038, 0x040038, 0x040e07, 0x040e07, 0x078e07, 0x078e07, 0x047e07,
	0x047e07, 0x040007, 0x040007, 0x040007, 0x040007, 0x047038, 0x047038, 0x047e38,
	0x047e38, 0x0471f8, 0x0471f8, 0x040038, 0x040038, 0x040038, 0x040038, 0x047007,
	0x047007, 0x047e07, 0x047e07, 0x0471c7, 0x0471c7, 0x040007, 0x040007, 0x040007,
	0x040007, 0x078038, 0x078038, 0x0781f8, 0x0781f8, 0x078e38, 0x078e38, 0x040038,
	0x040038, 0x040038, 0x040038, 0x078007, 0x078007, 0x0781c7, 0x0781c7, 0x078e07,
	0x078e07, 0x040007, 0x040007, 0x040007, 0x040007, 0x040012, 0x042012, 0x042012,
	0x040012, 0x042012, 0x042012, 0x040000, 0x042012, 0x042012, 0x040000, 0x042012,
	0x042012, 0x040412, 0x042412, 0x042412, 0x040412, 0x042412, 0x042412, 0x040412,
	0x042412, 0x042412, 0x040412, 0x042412, 0x042412, 0x040412, 0x042412, 0x042412,
	0x040412, 0x042412, 0x042412, 0x040412, 0x042412, 0x042412, 0x040412, 0x042412,
	0x042412, 0x040092, 0x042092, 0x042092, 0x040092, 0x042092, 0x042092, 0x040092,
	0x042092, 0x042092, 0x040092, 0x042092, 0x042092, 0x040492, 0x042492, 0x042492,
	0x040492, 0x042492, 0x042492, 0x040492, 0x042492, 0x042492, 0x040492, 0x042492,
	0x042492, 0x040492, 0x042492, 0x042492, 0x040492, 0x042492, 0x042492, 0x040492,
	0x042492, 0x042492, 0x040492, 0x042492, 0x042492, 0x040092, 0x042092, 0x042092,
	0x040092, 0x042092, 0x042092, 0x040092, 0x042092, 0x042092, 0x040092, 0x042092,
	0x042092, 0x040492, 0x042492, 0x042492, 0x040492, 0x042492, 0x042492, 0x040492,
	0x042492, 0x042492, 0x040492, 0x042492, 0x042492, 0x040492, 0x042492, 0x042492,
	0x040492, 0x042492, 0x042492, 0x040492, 0x042492, 0x042492, 0x040492, 0x042492,
	0x042492, 0x050012, 0x052012, 0x052012, 0x050012, 0x052012, 0x052012, 0x050012,
	0x052012, 0x052012, 0x050012, 0x052012, 0x052012, 0x050412, 0x052412, 0x052412,
	0x050412, 0x052412, 0x052412, 0x050412, 0x052412, 0x052412, 0x050412, 0x052412,
	0x052412, 0x050412, 0x052412, 0x052412, 0x050412, 0x052412, 0x052412, 0x050412,
	0x052412, 0x052412, 0x050412, 0x052412, 0x052412, 0x050092, 0x052092, 0x052092,
	0x050092, 0x052092, 0x052092, 0x050092, 0x052092, 0x052092, 0x050092, 0x052092,
	0x052092, 0x050492, 0x052492, 0x052492, 0x050492, 0x052492, 0x052492, 0x050492,
	0x052492, 0x052492, 0x050492, 0x052492, 0x052492, 0x050492, 0x052492, 0x052492,
	0x050492, 0x052492, 0x052492, 0x050492, 0x052492, 0x052492, 0x050492, 0x052492,
	0x052492, 0x050092, 0x052092, 0x052092, 0x050092, 0x052092, 0x052092, 0x050092,
	0x052092, 0x052092, 0x050092, 0x052092, 0x052092, 0x050492, 0x052492, 0x052492,
	0x050492, 0x052492, 0x052492, 0x050492, 0x052492, 0x052492, 0x050492, 0x052492,
	0x052492, 0x050492, 0x052492, 0x052492, 0x050492, 0x052492, 0x052492, 0x050492,
	0x052492, 0x052492, 0x050492, 0x052492, 0x052492, 0x050012, 0x052012, 0x052012,
	0x050012, 0x052012, 0x052012, 0x050012, 0x052012, 0x052012, 0x050012, 0x052012,
	0x052012, 0x050412, 0x052412, 0x052412, 0x050412, 0x052412, 0x052412, 0x050412,
	0x052412, 0x052412, 0x050412, 0x052412, 0x052412, 0x050412, 0x052412, 0x052412,
	0x050412, 0x052412, 0x052412, 0x050412, 0x052412, 0x052412, 0x050412, 0x052412,
	0x052412, 0x050092, 0x052092, 0x052092, 0x050092, 0x052092, 0x052092, 0x050092,
	0x052092, 0x052092, 0x050092, 0x052092, 0x052092, 0x050492, 0x052492, 0x052492,
	0x050492, 0x052492, 0x052492, 0x050492, 0x052492, 0x052492, 0x050492, 0x052492,
	0x052492, 0x050492, 0x052492, 0x052492, 0x050492, 0x052492, 0x052492, 0x050492,
	0x052492, 0x052492, 0x050492, 0x052492, 0x052492, 0x050092, 0x052092, 0x052092,
	0x050092, 0x052092, 0x052092, 0x050092, 0x052092, 0x052092, 0x050092, 0x052092,
	0x052092, 0x050492, 0x052492, 0x052492, 0x050492, 0x052492, 0x052492, 0x050492,
	0x052492, 0x052492, 0x050492, 0x052492, 0x052492, 0x050492, 0x052492, 0x052492,
	0x050492, 0x052492, 0x052492, 0x050492, 0x052492, 0x052492, 0x050492, 0x052492,
	0x052492, 0x1fffff, 0x040038, 0x040038, 0x040007, 0x040007, 0x1fffff, 0x1fffff,
	0x0401f8, 0x0401f8, 0x0471f8, 0x0471f8, 0x0781f8, 0x0781f8, 0x040038, 0x040038,
	0x040038, 0x040038, 0x0401c7, 0x0401c7, 0x0471c7, 0x0471c7, 0x0781c7, 0x0781c7,
	0x040007, 0x040007, 0x040007, 0x040007, 0x040e38, 0x040e38, 0x078e38, 0x078e38,
	0x047e38, 0x047e38, 0x040038, 0x040038, 0x040038, 0x040038, 0x040e07, 0x040e07,
	0x078e07, 0x078e07, 0x047e07, 0x047e07, 0x040007, 0x040007, 0x040007, 0x040007,
	0x047038, 0x047038, 0x047e38, 0x047e38, 0x0471f8, 0x0471f8, 0x040038, 0x040038,
	0x040038, 0x040038, 0x047007, 0x047007, 0x047e07, 0x047e07, 0x0471c7, 0x0471c7,
	0x040007, 0x040007, 0x040007, 0x040007, 0x078038, 0x078038, 0x0781f8, 0x0781f8,
	0x078e38, 0x078e38, 0x040038, 0x040038, 0x040038, 0x040038, 0x078007, 0x078007,
	0x0781c7, 0x0781c7, 0x078e07, 0x078e07, 0x040007, 0x040007, 0x040007, 0x040007,
	0x040012, 0x042012, 0x042012, 0x040012, 0x042012, 0x042012, 0x040000, 0x042012,
	0x042012, 0x040000, 0x042012, 0x042012, 0x040412, 0x042412, 0x042412, 0x040412,
	0x042412, 0x042412, 0x040412, 0x042412, 0x042412, 0x040412, 0x042412, 0x042412,
	0x040412, 0x042412, 0x042412, 0x040412, 0x042412, 0x042412, 0x040412, 0x042412,
	0x042412, 0x040412, 0x042412, 0x042412, 0x040092, 0x042092, 0x042092, 0x040092,
	0x042092, 0x042092, 0x040092, 0x042092, 0x042092, 0x040092, 0x042092, 0x042092,
	0x040492, 0x042492, 0x042492, 0x040492, 0x042492, 0x042492, 0x040492, 0x042492,
	0x042492, 0x040492, 0x042492, 0x042492, 0x040492, 0x042492, 0x042492, 0x040492,
	0x042492, 0x042492, 0x040492, 0x042492, 0x042492, 0x040492, 0x042492, 0x042492,
	0x040092, 0x042092, 0x042092, 0x040092, 0x042092, 0x042092, 0x040092, 0x042092,
	0x042092, 0x040092, 0x042092, 0x042092, 0x040492, 0x042492, 0x042492, 0x040492,
	0x042492, 0x042492, 0x040492, 0x042492, 0x042492, 0x040492, 0x042492, 0x042492,
	0x040492, 0x042492, 0x042492, 0x040492, 0x042492, 0x042492, 0x040492, 0x042492,
	0x042492, 0x040492, 0x042492, 0x042492, 0x050012, 0x052012, 0x052012, 0x050012,
	0x052012, 0x052012, 0x050012, 0x052012, 0x052012, 0x050012, 0x052012, 0x052012,
	0x050412, 0x052412, 0x052412, 0x050412, 0x052412, 0x052412, 0x050412, 0x052412,
	0x052412, 0x050412, 0x052412, 0x052412, 0x050412, 0x052412, 0x052412, 0x050412,
	0x052412, 0x052412, 0x050412, 0x052412, 0x052412, 0x050412, 0x052412, 0x052412,
	0x050092, 0x052092, 0x052092, 0x050092, 0x052092, 0x052092, 0x050092, 0x052092,
	0x052092, 0x050092, 0x052092, 0x052092, 0x050492, 0x052492, 0x052492, 0x050492,
	0x052492, 0x052492, 0x050492, 0x052492, 0x052492, 0x050492, 0x052492, 0x052492,
	0x050492, 0x052492, 0x052492, 0x050492, 0x052492, 0x052492, 0x050492, 0x052492,
	0x052492, 0x050492, 0x052492, 0x052492, 0x050092, 0x052092, 0x052092, 0x050092,
	0x052092, 0x052092, 0x050092, 0x052092, 0x052092, 0x050092, 0x052092, 0x052092,
	0x050492, 0x052492, 0x052492, 0x050492, 0x052492, 0x052492, 0x050492, 0x052492,
	0x052492, 0x050492, 0x052492, 0x052492, 0x050492, 0x052492, 0x052492, 0x050492,
	0x052492, 0x052492, 0x050492, 0x052492, 0x052492, 0x050492, 0x052492, 0x052492,
	0x050012, 0x052012, 0x052012, 0x050012, 0x052012, 0x052012, 0x050012, 0x052012,
	0x052012, 0x050012, 0x052012, 0x052012, 0x050412, 0x052412, 0x052412, 0x050412,
	0x052412, 0x052412, 0x050412, 0x052412, 0x052412, 0x050412, 0x052412, 0x052412,
	0x050412, 0x052412, 0x052412, 0x050412, 0x052412, 0x052412, 0x050412, 0x052412,
	0x052412, 0x050412, 0x052412, 0x052412, 0x050092, 0x052092, 0x052092, 0x050092,
	0x052092, 0x052092, 0x050092, 0x052092, 0x052092, 0x050092, 0x052092, 0x052092,
	0x050492, 0x052492, 0x052492, 0x050492, 0x052492, 0x052492, 0x050492, 0x052492,
	0x052492, 0x050492, 0x052492, 0x052492, 0x050492, 0x052492, 0x052492, 0x050492,
	0x052492, 0x052492, 0x050492, 0x052492, 0x052492, 0x050492, 0x052492, 0x052492,
	0x050092, 0x052092, 0x052092, 0x050092, 0x052092, 0x052092, 0x050092, 0x052092,
	0x052092, 0x050092, 0x052092, 0x052092, 0x050492, 0x052492, 0x052492, 0x050492,
	0x052492, 0x052492, 0x050492, 0x052492, 0x052492, 0x050492, 0x052492, 0x052492,
	0x050492, 0x052492, 0x052492, 0x050492, 0x052492, 0x052492, 0x050492, 0x052492,
	0x052492, 0x050492, 0x052492, 0x052492, 0x1fffff, 0x040038, 0x040038, 0x040007,
	0x040007, 0x1fffff, 0x1fffff, 0x0401f8, 0x0401f8, 0x0471f8, 0x0471f8, 0x0781f8,
	0x0781f8, 0x040038, 0x040038, 0x040038, 0x040038, 0x0401c7, 0x0401c7, 0x0471c7,
	0x0471c7, 0x0781c7, 0x0781c7, 0x040007, 0x040007, 0x040007, 0x040007, 0x040e38,
	0x040e38, 0x078e38, 0x078e38, 0x047e38, 0x047e38, 0x040038, 0x040038, 0x040038,
	0x040038, 0x040e07, 0x040e07, 0x078e07, 0x078e07, 0x047e07, 0x047e07, 0x040007,
	0x040007, 0x040007, 0x040007, 0x047038, 0x047038, 0x047e38, 0x047e38, 0x0471f8,
	0x0471f8, 0x040038, 0x040038, 0x040038, 0x040038, 0x047007, 0x047007, 0x047e07,
	0x047e07, 0x0471c7, 0x0471c7, 0x040007, 0x040007, 0x040007, 0x040007, 0x078038,
	0x078038, 0x0781f8, 0x0781f8, 0x078e38, 0x078e38, 0x040038, 0x040038, 0x040038,
	0x040038, 0x078007, 0x078007, 0x0781c7, 0x0781c7, 0x078e07, 0x078e07, 0x040007,
	0x040007, 0x040007, 0x040007, 0x040012, 0x042012, 0x042012, 0x040012, 0x042012,
	0x042012, 0x040000, 0x042012, 0x042012, 0x040000, 0x042012, 0x042012, 0x040412,
	0x042412, 0x042412, 0x040412, 0x042412, 0x042412, 0x040412, 0x042412, 0x042412,
	0x040412, 0x042412, 0x042412, 0x040412, 0x042412, 0x042412, 0x040412, 0x042412,
	0x042412, 0x040412, 0x042412, 0x042412, 0x040412, 0x042412, 0x042412, 0x040092,
	0x042092, 0x042092, 0x040092, 0x042092, 0x042092, 0x040092, 0x042092, 0x042092,
	0x040092, 0x042092, 0x042092, 0x040492, 0x042492, 0x042492, 0x040492, 0x042492,
	0x042492, 0x040492, 0x042492, 0x042492, 0x040492, 0x042492, 0x042492, 0x040492,
	0x042492, 0x042492, 0x040492, 0x042492, 0x042492, 0x040492, 0x042492, 0x042492,
	0x040492, 0x042492, 0x042492, 0x040092, 0x042092, 0x042092, 0x040092, 0x042092,
	0x042092, 0x040092, 0x042092, 0x042092, 0x040092, 0x042092, 0x042092, 0x040492,
	0x042492, 0x042492, 0x040492, 0x042492, 0x042492, 0x040492, 0x042492, 0x042492,
	0x040492, 0x042492, 0x042492, 0x040492, 0x042492, 0x042492, 0x040492, 0x042492,
	0x042492, 0x040492, 0x042492, 0x042492, 0x040492, 0x042492, 0x042492, 0x050012,
	0x052012, 0x052012, 0x050012, 0x052012, 0x052012, 0x050012, 0x052012, 0x052012,
	0x050012, 0x052012, 0x052012, 0x050412, 0x052412, 0x052412, 0x050412, 0x052412,
	0x052412, 0x050412, 0x052412, 0x052412, 0x050412, 0x052412, 0x052412, 0x050412,
	0x052412, 0x052412, 0x050412, 0x052412, 0x052412, 0x050412, 0x052412, 0x052412,
	0x050412, 0x052412, 0x052412, 0x050092, 0x052092, 0x052092, 0x050092, 0x052092,
	0x052092, 0x050092, 0x052092, 0x052092, 0x050092, 0x052092, 0x052092, 0x050492,
	0x052492, 0x052492, 0x050492, 0x052492, 0x052492, 0x050492, 0x052492, 0x052492,
	0x050492, 0x052492, 0x052492, 0x050492, 0x052492, 0x052492, 0x050492, 0x052492,
	0x052492, 0x050492, 0x052492, 0x052492, 0x050492, 0x052492, 0x052492, 0x050092,
	0x052092, 0x052092, 0x050092, 0x052092, 0x052092, 0x050092, 0x052092, 0x052092,
	0x050092, 0x052092, 0x052092, 0x050492, 0x052492, 0x052492, 0x050492, 0x052492,
	0x052492, 0x050492, 0x052492, 0x052492, 0x050492, 0x052492, 0x052492, 0x050492,
	0x052492, 0x052492, 0x050492, 0x052492, 0x052492, 0x050492, 0x052492, 0x052492,
	0x050492, 0x052492, 0x052492, 0x050012, 0x052012, 0x052012, 0x050012, 0x052012,
	0x052012, 0x050012, 0x052012, 0x052012, 0x050012, 0x052012, 0x052012, 0x050412,
	0x052412, 0x052412, 0x050412, 0x052412, 0x052412, 0x050412, 0x052412, 0x052412,
	0x050412, 0x052412, 0x052412, 0x050412, 0x052412, 0x052412, 0x050412, 0x052412,
	0x052412, 0x050412, 0x052412, 0x052412, 0x050412, 0x052412, 0x052412, 0x050092,
	0x052092, 0x052092, 0x050092, 0x052092, 0x052092, 0x050092, 0x052092, 0x052092,
	0x050092, 0x052092, 0x052092, 0x050492, 0x052492, 0x052492, 0x050492, 0x052492,
	0x052492, 0x050492, 0x052492, 0x052492, 0x050492, 0x052492, 0x052492, 0x050492,
	0x052492, 0x052492, 0x050492, 0x052492, 0x052492, 0x050492, 0x052492, 0x052492,
	0x050492, 0x052492, 0x052492, 0x050092, 0x052092, 0x052092, 0x050092, 0x052092,
	0x052092, 0x050092, 0x052092, 0x052092, 0x050092, 0x052092, 0x052092, 0x050492,
	0x052492, 0x052492, 0x050492, 0x052492, 0x052492, 0x050492, 0x052492, 0x052492,
	0x050492, 0x052492, 0x052492, 0x050492, 0x052492, 0x052492, 0x050492, 0x052492,
	0x052492, 0x050492, 0x052492, 0x052492, 0x050492, 0x052492, 0x052492, 0x1fffff,
	0x1fffff, 0x0fffff, 0x000000, 0x040007, 0x040007, 0x040007, 0x040007, 0x040007,
	0x040007, 0x040007, 0x040007, 0x040007, 0x040007, 0x040007, 0x040007, 0x040007,
	0x040007, 0x040007, 0x040007, 0x040007, 0x040007, 0x040007, 0x040007, 0x040007,
	0x040007, 0x040007, 0x040007, 0x040007, 0x040007, 0x040007, 0x040007, 0x040007,
	0x040007, 0x040007, 0x040007, 0x040007, 0x040007, 0x040007, 0x040007, 0x040007,
	0x040007, 0x040007, 0x040007, 0x040007, 0x040007, 0x040007, 0x040007, 0x040007,
	0x040007, 0x040007, 0x040007, 0x040007, 0x040007, 0x040007, 0x040007, 0x040007,
	0x040007, 0x040007, 0x040007, 0x040007, 0x040007, 0x040007, 0x040007, 0x040007,
	0x040007, 0x040007, 0x040007, 0x040007, 0x040007, 0x040007, 0x040007, 0x040007,
	0x040007, 0x040007, 0x040007, 0x040007, 0x040007, 0x040007, 0x040007, 0x040007,
	0x040007, 0x040007, 0x040007, 0x040007, 0x040007, 0x040007, 0x040007, 0x040007,
	0x040007, 0x040007, 0x040007, 0x040007, 0x040007, 0x040007, 0x040007, 0x040007,
	0x040007, 0x040007, 0x040007, 0x040007, 0x040007, 0x040007, 0x040007, 0x040007,
	0x040007, 0x040007, 0x040007, 0x040007, 0x040007, 0x040007, 0x040007, 0x040007,
	0x040007, 0x040007, 0x040007, 0x040007, 0x040007, 0x040007, 0x040007, 0x040007,
	0x040007, 0x040007, 0x040007, 0x040007, 0x040007, 0x040007, 0x040007, 0x040007,
	0x040007, 0x040007, 0x040007, 0x040007, 0x040007, 0x040007, 0x040007, 0x040007,
	0x040007, 0x040007, 0x040007, 0x040007, 0x040007, 0x040007, 0x040007, 0x040007,
	0x040007, 0x040007, 0x040007, 0x040007, 0x040007, 0x040007, 0x040007, 0x040007,
	0x040007, 0x040007, 0x040007, 0x040007, 0x040007, 0x040007, 0x040007, 0x040007,
	0x040007, 0x040007, 0x040007, 0x040007, 0x040007, 0x040007, 0x040007, 0x040007,
	0x040007, 0x040007, 0x040007, 0x040007, 0x040007, 0x040007, 0x040007, 0x040007,
	0x040007, 0x040007, 0x040007, 0x040007, 0x040007, 0x040007, 0x040007, 0x040007,
	0x040007, 0x040007, 0x040007, 0x040007, 0x040007, 0x040007, 0x040007, 0x040007,
	0x040007, 0x040007, 0x040007, 0x040007, 0x040007, 0x040007, 0x040007, 0x040007,
	0x040007, 0x040007, 0x040007, 0x040007, 0x040007, 0x040007, 0x040007, 0x040007,
	0x040007, 0x040007, 0x040007, 0x040007, 0x040007, 0x040007, 0x040007, 0x040007,
	0x040007, 0x040007, 0x040007, 0x040007, 0x040007, 0x040007, 0x040007, 0x040007,
	0x040007, 0x040007, 0x040007, 0x040007, 0x040007, 0x040007, 0x040007, 0x040007,
	0x040007, 0x040007, 0x040007, 0x040007, 0x040007, 0x040007, 0x040007, 0x040007,
	0x040007, 0x040007, 0x040007, 0x040007, 0x040007, 0x040007, 0x040007, 0x040007,
	0x040007, 0x040007, 0x040007, 0x040007, 0x040007, 0x040007, 0x040007, 0x040007,
	0x040007, 0x040007, 0x040007, 0x040007, 0x040007, 0x040007, 0x040007, 0x040007,
	0x040007, 0x040007, 0x040007, 0x040007, 0x040007, 0x040007, 0x040007, 0x040007,
	0x040007, 0x040007, 0x040007, 0x040007, 0x040007, 0x040007, 0x040007, 0x040007,
	0x040007, 0x040007, 0x040007, 0x040007, 0x040007, 0x040007, 0x040007, 0x040007,
	0x040007, 0x040007, 0x040007, 0x040007, 0x040007, 0x040007, 0x040007, 0x040007,
	0x040007, 0x040007, 0x040007, 0x040007, 0x040007, 0x040007, 0x040007, 0x040007,
	0x040007, 0x040007, 0x040007, 0x040007, 0x040007, 0x040007, 0x040007, 0x040007,
	0x040007, 0x040007, 0x040007, 0x040007, 0x040007, 0x040007, 0x040007, 0x040007,
	0x040007, 0x040007, 0x040007, 0x040007, 0x040007, 0x040007, 0x040007, 0x040007,
	0x040007, 0x040007, 0x040007, 0x040007, 0x040007, 0x040007, 0x040007, 0x040007,
	0x040007, 0x040007, 0x040007, 0x040007, 0x040007, 0x040007, 0x040007, 0x040007,
	0x040007, 0x040007, 0x040007, 0x040007, 0x040007, 0x040007, 0x040007, 0x040007,
	0x040007, 0x040007, 0x040007, 0x040007, 0x040007, 0x040007, 0x040007, 0x040007,
	0x040007, 0x040007, 0x040007, 0x040007, 0x040007, 0x040007, 0x040007, 0x040007,
	0x040007, 0x040007, 0x040007, 0x040007, 0x040007, 0x040007, 0x040007, 0x040007,
	0x040007, 0x040007, 0x040007, 0x040007, 0x040007, 0x040007, 0x040007, 0x040007,
	0x040007, 0x040007, 0x040007, 0x040007, 0x040007, 0x040007, 0x040007, 0x040007,
	0x040007, 0x040007, 0x040007, 0x040007, 0x040007, 0x040007, 0x040007, 0x040007,
	0x040007, 0x040007, 0x040007, 0x040007, 0x040007, 0x040007, 0x040007, 0x040007,
	0x040007, 0x040007, 0x040007, 0x040007, 0x040007, 0x040007, 0x040007, 0x040007,
	0x040007, 0x040007, 0x040007, 0x040007, 0x040007, 0x040007, 0x040007, 0x040007,
	0x040007, 0x040007, 0x040007, 0x040007, 0x040007, 0x040007, 0x040007, 0x040007,
	0x040007, 0x040007, 0x040007, 0x040007, 0x040007, 0x040007, 0x040007, 0x040007,
	0x040007, 0x040007, 0x040007, 0x040007, 0x040007, 0x040007, 0x040007, 0x040007,
	0x040007, 0x040007, 0x040007, 0x040007, 0x040007, 0x040007, 0x040007, 0x040007,
	0x040007, 0x040007, 0x040007, 0x040007, 0x040007, 0x040007, 0x040007, 0x040007,
	0x040007, 0x040007, 0x040007, 0x040007, 0x040007, 0x040007, 0x040007, 0x040007,
	0x040007, 0x040007, 0x040007, 0x040007, 0x040007, 0x040007, 0x040007, 0x040007,
	0x040007, 0x040007, 0x040007, 0x1fffff, 0x040000, 0x040000, 0x040000, 0x040000,
	0x040000, 0x040000, 0x040000, 0x040000, 0x040000, 0x040000, 0x040000, 0x040000,
	0x040000, 0x040000, 0x040000, 0x040000, 0x040000, 0x040000, 0x040000, 0x040000,
	0x040000, 0x040000, 0x040000, 0x040000, 0x040000, 0x040000, 0x040000, 0x040000,
	0x040000, 0x040000, 0x040000, 0x040000, 0x040000, 0x040000, 0x040000, 0x040000,
	0x040000, 0x040000, 0x040000, 0x040000, 0x040000, 0x040000, 0x040000, 0x040000,
	0x040000, 0x040000, 0x040000, 0x040000, 0x040000, 0x040000, 0x040000, 0x040000,
	0x040000, 0x040000, 0x040000, 0x040000, 0x040000, 0x040000, 0x040000, 0x040000,
	0x040000, 0x040000, 0x040000, 0x040000, 0x040000, 0x040000, 0x040000, 0x040000,
	0x040000, 0x040000, 0x040000, 0x040000, 0x040000, 0x040000, 0x040000, 0x040000,
	0x040000, 0x040000, 0x040000, 0x040000, 0x040000, 0x040000, 0x040000, 0x040000,
	0x040000, 0x040000, 0x040000, 0x040000, 0x040000, 0x040000, 0x040000, 0x040000,
	0x040000, 0x040000, 0x040000, 0x040000, 0x040000, 0x040000, 0x040000, 0x040000,
	0x040000, 0x040000, 0x040000, 0x040000, 0x040000, 0x040000, 0x040000, 0x040000,
	0x040000, 0x040000, 0x040000, 0x040000, 0x040000, 0x040000, 0x040000, 0x040000,
	0x040000, 0x040000, 0x040000, 0x040000, 0x040000, 0x040000, 0x040000, 0x040000,
	0x040000, 0x040000, 0x040000, 0x040000, 0x1fffff, 0x1fffff, 0x040007, 0x040007,
	0x040007, 0x040007, 0x040007, 0x040007, 0x040007, 0x040007, 0x1fffff, 0x1fffff,
	0x1fffff, 0x1fffff, 0x1fffff, 0x1fffff, 0x1fffff, 0x1fffff, 0x1fffff, 0x1fffff,
	0x1fffff, 0x1fffff, 0x1fffff, 0x1fffff, 0x1fffff, 0x1fffff, 0x1fffff, 0x1fffff,
	0x1fffff, 0x1fffff, 0x1fffff, 0x1fffff, 0x1fffff, 0x1fffff, 0x1fffff, 0x1fffff,
	0x0401f8, 0x0401f8, 0x0471f8, 0x0471f8, 0x0781f8, 0x0781f8, 0x040038, 0x040038,
	0x040038, 0x040038, 0x0401c7, 0x0401c7, 0x0471c7, 0x0471c7, 0x0781c7, 0x0781c7,
	0x040007, 0x040007, 0x040007, 0x040007, 0x040e38, 0x040e38, 0x078e38, 0x078e38,
	0x047e38, 0x047e38, 0x040038, 0x040038, 0x040038, 0x040038, 0x040e07, 0x040e07,
	0x078e07, 0x078e07, 0x047e07, 0x047e07, 0x040007, 0x040007, 0x040007, 0x040007,
	0x047038, 0x047038, 0x047e38, 0x047e38, 0x0471f8, 0x0471f8, 0x040038, 0x040038,
	0x040038, 0x040038, 0x047007, 0x047007, 0x047e07, 0x047e07, 0x0471c7, 0x0471c7,
	0x040007, 0x040007, 0x040007, 0x040007, 0x078038, 0x078038, 0x0781f8, 0x0781f8,
	0x078e38, 0x078e38, 0x040038, 0x040038, 0x040038, 0x040038, 0x078007, 0x078007,
	0x0781c7, 0x0781c7, 0x078e07, 0x078e07, 0x040007, 0x040007, 0x040007, 0x040007,
	0x0401f8, 0x0401f8, 0x0471f8, 0x0471f8, 0x0781f8, 0x0781f8, 0x040038, 0x040038,
	0x040038, 0x040038, 0x0401c7, 0x0401c7, 0x0471c7, 0x0471c7, 0x0781c7, 0x0781c7,
	0x040007, 0x040007, 0x040007, 0x040007, 0x040e38, 0x040e38, 0x078e38, 0x078e38,
	0x047e38, 0x047e38, 0x040038, 0x040038, 0x040038, 0x040038, 0x040e07, 0x040e07,
	0x078e07, 0x078e07, 0x047e07, 0x047e07, 0x040007, 0x040007, 0x040007, 0x040007,
	0x047038, 0x047038, 0x047e38, 0x047e38, 0x0471f8, 0x0471f8, 0x040038, 0x040038,
	0x040038, 0x040038, 0x047007, 0x047007, 0x047e07, 0x047e07, 0x0471c7, 0x0471c7,
	0x040007, 0x040007, 0x040007, 0x040007, 0x078038, 0x078038, 0x0781f8, 0x0781f8,
	0x078e38, 0x078e38, 0x040038, 0x040038, 0x040038, 0x040038, 0x078007, 0x078007,
	0x0781c7, 0x0781c7, 0x078e07, 0x078e07, 0x040007, 0x040007, 0x040007, 0x040007,
	0x0401f8, 0x0401f8, 0x0471f8, 0x0471f8, 0x0781f8, 0x0781f8, 0x040038, 0x040038,
	0x040038, 0x040038, 0x0401c7, 0x0401c7, 0x0471c7, 0x0471c7, 0x0781c7, 0x0781c7,
	0x040007, 0x040007, 0x040007, 0x040007, 0x040e38, 0x040e38, 0x078e38, 0x078e38,
	0x047e38, 0x047e38, 0x040038, 0x040038, 0x040038, 0x040038, 0x040e07, 0x040e07,
	0x078e07, 0x078e07, 0x047e07, 0x047e07, 0x040007, 0x040007, 0x040007, 0x040007,
	0x047038, 0x047038, 0x047e38, 0x047e38, 0x0471f8, 0x0471f8, 0x040038, 0x040038,
	0x040038, 0x040038, 0x047007, 0x047007, 0x047e07, 0x047e07, 0x0471c7, 0x0471c7,
	0x040007, 0x040007, 0x040007, 0x040007, 0x078038, 0x078038, 0x0781f8, 0x0781f8,
	0x078e38, 0x078e38, 0x040038, 0x040038, 0x040038, 0x040038, 0x078007, 0x078007,
	0x0781c7, 0x0781c7, 0x078e07, 0x078e07, 0x040007, 0x040007, 0x040007, 0x040007,
	0x0401f8, 0x0401f8, 0x0471f8, 0x0471f8, 0x0781f8, 0x0781f8, 0x040038, 0x040038,
	0x040038, 0x040038, 0x0401c7, 0x0401c7, 0x0471c7, 0x0471c7, 0x0781c7, 0x0781c7,
	0x040007, 0x040007, 0x040007, 0x040007, 0x040e38, 0x040e38, 0x078e38, 0x078e38,
	0x047e38, 0x047e38, 0x040038, 0x040038, 0x040038, 0x040038, 0x040e07, 0x040e07,
	0x078e07, 0x078e07, 0x047e07, 0x047e07, 0x040007, 0x040007, 0x040007, 0x040007,
	0x047038, 0x047038, 0x047e38, 0x047e38, 0x0471f8, 0x0471f8, 0x040038, 0x040038,
	0x040038, 0x040038, 0x047007, 0x047007, 0x047e07, 0x047e07, 0x0471c7, 0x0471c7,
	0x040007, 0x040007, 0x040007, 0x040007, 0x078038, 0x078038, 0x0781f8, 0x0781f8,
	0x078e38, 0x078e38, 0x040038, 0x040038, 0x040038, 0x040038, 0x078007, 0x078007,
	0x0781c7, 0x0781c7, 0x078e07, 0x078e07, 0x040007, 0x040007, 0x040007, 0x040007,
	0x0401f8, 0x0401f8, 0x0471f8, 0x0471f8, 0x0781f8, 0x0781f8, 0x040038, 0x040038,
	0x040038, 0x040038, 0x0401c7, 0x0401c7, 0x0471c7, 0x0471c7, 0x0781c7, 0x0781c7,
	0x040007, 0x040007, 0x040007, 0x040007, 0x040e38, 0x040e38, 0x078e38, 0x078e38,
	0x047e38, 0x047e38, 0x040038, 0x040038, 0x040038, 0x040038, 0x040e07, 0x040e07,
	0x078e07, 0x078e07, 0x047e07, 0x047e07, 0x040007, 0x040007, 0x040007, 0x040007,
	0x047038, 0x047038, 0x047e38, 0x047e38, 0x0471f8, 0x0471f8, 0x040038, 0x040038,
	0x040038, 0x040038, 0x047007, 0x047007, 0x047e07, 0x047e07, 0x0471c7, 0x0471c7,
	0x040007, 0x040007, 0x040007, 0x040007, 0x078038, 0x078038, 0x0781f8, 0x0781f8,
	0x078e38, 0x078e38, 0x040038, 0x040038, 0x040038, 0x040038, 0x078007, 0x078007,
	0x0781c7, 0x0781c7, 0x078e07, 0x078e07, 0x040007, 0x040007, 0x040007, 0x040007,
	0x0401f8, 0x0401f8, 0x0471f8, 0x0471f8, 0x0781f8, 0x0781f8, 0x040038, 0x040038,
	0x040038, 0x040038, 0x0401c7, 0x0401c7, 0x0471c7, 0x0471c7, 0x0781c7, 0x0781c7,
	0x040007, 0x040007, 0x040007, 0x040007, 0x040e38, 0x040e38, 0x078e38, 0x078e38,
	0x047e38, 0x047e38, 0x040038, 0x040038, 0x040038, 0x040038, 0x040e07, 0x040e07,
	0x078e07, 0x078e07, 0x047e07, 0x047e07, 0x040007, 0x040007, 0x040007, 0x040007,
	0x047038, 0x047038, 0x047e38, 0x047e38, 0x0471f8, 0x0471f8, 0x040038, 0x040038,
	0x040038, 0x040038, 0x047007, 0x047007, 0x047e07, 0x047e07, 0x0471c7, 0x0471c7,
	0x040007, 0x040007, 0x040007, 0x040007, 0x078038, 0x078038, 0x0781f8, 0x0781f8,
	0x078e38, 0x078e38, 0x040038, 0x040038, 0x040038, 0x040038, 0x078007, 0x078007,
	0x0781c7, 0x0781c7, 0x078e07, 0x078e07, 0x040007, 0x040007, 0x040007, 0x040007,
	0x0401f8, 0x0401f8, 0x0471f8, 0x0471f8, 0x0781f8, 0x0781f8, 0x040038, 0x040038,
	0x040038, 0x040038, 0x0401c7, 0x0401c7, 0x0471c7, 0x0471c7, 0x0781c7, 0x0781c7,
	0x040007, 0x040007, 0x040007, 0x040007, 0x040e38, 0x040e38, 0x078e38, 0x078e38,
	0x047e38, 0x047e38, 0x040038, 0x040038, 0x040038, 0x040038, 0x040e07, 0x040e07,
	0x078e07, 0x078e07, 0x047e07, 0x047e07, 0x040007, 0x040007, 0x040007, 0x040007,
	0x047038, 0x047038, 0x047e38, 0x047e38, 0x0471f8, 0x0471f8, 0x040038, 0x040038,
	0x040038, 0x040038, 0x047007, 0x047007, 0x047e07, 0x047e07, 0x0471c7, 0x0471c7,
	0x040007, 0x040007, 0x040007, 0x040007, 0x078038, 0x078038, 0x0781f8, 0x0781f8,
	0x078e38, 0x078e38, 0x040038, 0x040038, 0x040038, 0x040038, 0x078007, 0x078007,
	0x0781c7, 0x0781c7, 0x078e07, 0x078e07, 0x040007, 0x040007, 0x040007, 0x040007,
	0x0401f8, 0x0401f8, 0x0471f8, 0x0471f8, 0x0781f8, 0x0781f8, 0x040038, 0x040038,
	0x040038, 0x040038, 0x0401c7, 0x0401c7, 0x0471c7, 0x0471c7, 0x0781c7, 0x0781c7,
	0x040007, 0x040007, 0x040007, 0x040007, 0x040e38, 0x040e38, 0x078e38, 0x078e38,
	0x047e38, 0x047e38, 0x040038, 0x040038, 0x040038, 0x040038, 0x040e07, 0x040e07,
	0x078e07, 0x078e07, 0x047e07, 0x047e07, 0x040007, 0x040007, 0x040007, 0x040007,
	0x047038, 0x047038, 0x047e38, 0x047e38, 0x0471f8, 0x0471f8, 0x040038, 0x040038,
	0x040038, 0x040038, 0x047007, 0x047007, 0x047e07, 0x047e07, 0x0471c7, 0x0471c7,
	0x040007, 0x040007, 0x040007, 0x040007, 0x078038, 0x078038, 0x0781f8, 0x0781f8,
	0x078e38, 0x078e38, 0x040038, 0x040038, 0x040038, 0x040038, 0x078007, 0x078007,
	0x0781c7, 0x0781c7, 0x078e07, 0x078e07, 0x040007, 0x040007, 0x040007, 0x040007,
	0x040038, 0x040038, 0x040007, 0x040007, 0x1fffff, 0x1fffff, 0x040038, 0x040038,
	0x040007, 0x040007, 0x1fffff, 0x1fffff, 0x040038, 0x040038, 0x040007, 0x040007,
	0x1fffff, 0x1fffff, 0x040038, 0x040038, 0x040007, 0x040007, 0x1fffff, 0x1fffff,
	0x040038, 0x040038, 0x040007, 0x040007, 0x1fffff, 0x1fffff, 0x040038, 0x040038,
	0x040007, 0x040007, 0x1fffff, 0x1fffff, 0x040038, 0x040038, 0x040007, 0x040007,
	0x1fffff, 0x1fffff, 0x040038, 0x040038, 0x040007, 0x040007, 0x1fffff, 0x1fffff,
	0x047000, 0x047000, 0x040e00, 0x040e00, 0x078000, 0x078000, 0x040e00, 0x040e00,
	0x047000, 0x047000, 0x040e00, 0x040e00, 0x078000, 0x078000, 0x040e00, 0x040e00,
	0x078000, 0x078000, 0x0401c0, 0x0401c0, 0x047000, 0x047000, 0x0401c0, 0x0401c0,
	0x078000, 0x078000, 0x0401c0, 0x0401c0, 0x047000, 0x047000, 0x0401c0, 0x0401c0,
	0x040e00, 0x040e00, 0x078000, 0x078000, 0x0401c0, 0x0401c0, 0x078000, 0x078000,
	0x040e00, 0x040e00, 0x078000, 0x078000, 0x0401c0, 0x0401c0, 0x078000, 0x078000,
	0x0401c0, 0x0401c0, 0x047000, 0x047000, 0x040e00, 0x040e00, 0x047000, 0x047000,
	0x0401c0, 0x0401c0, 0x047000, 0x047000, 0x040e00, 0x040e00, 0x047000, 0x047000,
	0x047000, 0x047000, 0x040e00, 0x040e00, 0x078000, 0x078000, 0x040e00, 0x040e00,
	0x047000, 0x047000, 0x040e00, 0x040e00, 0x078000, 0x078000, 0x040e00, 0x040e00,
	0x078000, 0x078000, 0x0401c0, 0x0401c0, 0x047000, 0x047000, 0x0401c0, 0x0401c0,
	0x078000, 0x078000, 0x0401c0, 0x0401c0, 0x047000, 0x047000, 0x0401c0, 0x0401c0,
	0x040e00, 0x040e00, 0x078000, 0x078000, 0x0401c0, 0x0401c0, 0x078000, 0x078000,
	0x040e00, 0x040e00, 0x078000, 0x078000, 0x0401c0, 0x0401c0, 0x078000, 0x078000,
	0x0401c0, 0x0401c0, 0x047000, 0x047000, 0x040e00, 0x040e00, 0x047000, 0x047000,
	0x0401c0, 0x0401c0, 0x047000, 0x047000, 0x040e00, 0x040e00, 0x047000, 0x047000,
	0x047000, 0x047000, 0x040e00, 0x040e00, 0x078000, 0x078000, 0x040e00, 0x040e00,
	0x047000, 0x047000, 0x040e00, 0x040e00, 0x078000, 0x078000, 0x040e00, 0x040e00,
	0x078000, 0x078000, 0x0401c0, 0x0401c0, 0x047000, 0x047000, 0x0401c0, 0x0401c0,
	0x078000, 0x078000, 0x0401c0, 0x0401c0, 0x047000, 0x047000, 0x0401c0, 0x0401c0,
	0x040e00, 0x040e00, 0x078000, 0x078000, 0x0401c0, 0x0401c0, 0x078000, 0x078000,
	0x040e00, 0x040e00, 0x078000, 0x078000, 0x0401c0, 0x0401c0, 0x078000, 0x078000,
	0x0401c0, 0x0401c0, 0x047000, 0x047000, 0x040e00, 0x040e00, 0x047000, 0x047000,
	0x0401c0, 0x0401c0, 0x047000, 0x047000, 0x040e00, 0x040e00, 0x047000, 0x047000,
	0x047000, 0x047000, 0x040e00, 0x040e00, 0x078000, 0x078000, 0x040e00, 0x040e00,
	0x047000, 0x047000, 0x040e00, 0x040e00, 0x078000, 0x078000, 0x040e00, 0x040e00,
	0x078000, 0x078000, 0x0401c0, 0x0401c0, 0x047000, 0x047000, 0x0401c0, 0x0401c0,
	0x078000, 0x078000, 0x0401c0, 0x0401c0, 0x047000, 0x047000, 0x0401c0, 0x0401c0,
	0x040e00, 0x040e00, 0x078000, 0x078000, 0x0401c0, 0x0401c0, 0x078000, 0x078000,
	0x040e00, 0x040e00, 0x078000, 0x078000, 0x0401c0, 0x0401c0, 0x078000, 0x078000,
	0x0401c0, 0x0401c0, 0x047000, 0x047000, 0x040e00, 0x040e00, 0x047000, 0x047000,
	0x0401c0, 0x0401c0, 0x047000, 0x047000, 0x040e00, 0x040e00, 0x047000, 0x047000,
	0x047000, 0x047000, 0x040e00, 0x040e00, 0x078000, 0x078000, 0x040e00, 0x040e00,
	0x047000, 0x047000, 0x040e00, 0x040e00, 0x078000, 0x078000, 0x040e00, 0x040e00,
	0x078000, 0x078000, 0x0401c0, 0x0401c0, 0x047000, 0x047000, 0x0401c0, 0x0401c0,
	0x078000, 0x078000, 0x0401c0, 0x0401c0, 0x047000, 0x047000, 0x0401c0, 0x0401c0,
	0x040e00, 0x040e00, 0x078000, 0x078000, 0x0401c0, 0x0401c0, 0x078000, 0x078000,
	0x040e00, 0x040e00, 0x078000, 0x078000, 0x0401c0, 0x0401c0, 0x078000, 0x078000,
	0x0401c0, 0x0401c0, 0x047000, 0x047000, 0x040e00, 0x040e00, 0x047000, 0x047000,
	0x0401c0, 0x0401c0, 0x047000, 0x047000, 0x040e00, 0x040e00, 0x047000, 0x047000,
	0x047000, 0x047000, 0x040e00, 0x040e00, 0x078000, 0x078000, 0x040e00, 0x040e00,
	0x047000, 0x047000, 0x040e00, 0x040e00, 0x078000, 0x078000, 0x040e00, 0x040e00,
	0x078000, 0x078000, 0x0401c0, 0x0401c0, 0x047000, 0x047000, 0x0401c0, 0x0401c0,
	0x078000, 0x078000, 0x0401c0, 0x0401c0, 0x047000, 0x047000, 0x0401c0, 0x0401c0,
	0x040e00, 0x040e00, 0x078000, 0x078000, 0x0401c0, 0x0401c0, 0x078000, 0x078000,
	0x040e00, 0x040e00, 0x078000, 0x078000, 0x0401c0, 0x0401c0, 0x078000, 0x078000,
	0x0401c0, 0x0401c0, 0x047000, 0x047000, 0x040e00, 0x040e00, 0x047000, 0x047000,
	0x0401c0, 0x0401c0, 0x047000, 0x047000, 0x040e00, 0x040e00, 0x047000, 0x047000,
	0x047000, 0x047000, 0x040e00, 0x040e00, 0x078000, 0x078000, 0x040e00, 0x040e00,
	0x047000, 0x047000, 0x040e00, 0x040e00, 0x078000, 0x078000, 0x040e00, 0x040e00,
	0x078000, 0x078000, 0x0401c0, 0x0401c0, 0x047000, 0x047000, 0x0401c0, 0x0401c0,
	0x078000, 0x078000, 0x0401c0, 0x0401c0, 0x047000, 0x047000, 0x0401c0, 0x0401c0,
	0x040e00, 0x040e00, 0x078000, 0x078000, 0x0401c0, 0x0401c0, 0x078000, 0x078000,
	0x040e00, 0x040e00, 0x078000, 0x078000, 0x0401c0, 0x0401c0, 0x078000, 0x078000,
	0x0401c0, 0x0401c0, 0x047000, 0x047000, 0x040e00, 0x040e00, 0x047000, 0x047000,
	0x0401c0, 0x0401c0, 0x047000, 0x047000, 0x040e00, 0x040e00, 0x047000, 0x047000,
	0x047000, 0x047000, 0x040e00, 0x040e00, 0x078000, 0x078000, 0x040e00, 0x040e00,
	0x047000, 0x047000, 0x040e00, 0x040e00, 0x078000, 0x078000, 0x040e00, 0x040e00,
	0x078000, 0x078000, 0x0401c0, 0x0401c0, 0x047000, 0x047000, 0x0401c0, 0x0401c0,
	0x078000, 0x078000, 0x0401c0, 0x0401c0, 0x047000, 0x047000, 0x0401c0, 0x0401c0,
	0x040e00, 0x040e00, 0x078000, 0x078000, 0x0401c0, 0x0401c0, 0x078000, 0x078000,
	0x040e00, 0x040e00, 0x078000, 0x078000, 0x0401c0, 0x0401c0, 0x078000, 0x078000,
	0x0401c0, 0x0401c0, 0x047000, 0x047000, 0x040e00, 0x040e00, 0x047000, 0x047000,
	0x0401c0, 0x0401c0, 0x047000, 0x047000, 0x040e00, 0x040e00, 0x047000, 0x047000,
	0x040e00, 0x040e00, 0x040e00, 0x040e00, 0x040038, 0x040038, 0x040038, 0x040038,
	0x040e00, 0x040e00, 0x040e00, 0x040e00, 0x040007, 0x040007, 0x040007, 0x040007,
	0x0401c0, 0x0401c0, 0x0401c0, 0x0401c0, 0x040038, 0x040038, 0x040038, 0x040038,
	0x0401c0, 0x0401c0, 0x0401c0, 0x0401c0, 0x040007, 0x040007, 0x040007, 0x040007,
	0x078000, 0x078000, 0x078000, 0x078000, 0x040038, 0x040038, 0x040038, 0x040038,
	0x078000, 0x078000, 0x078000, 0x078000, 0x040007, 0x040007, 0x040007, 0x040007,
	0x047000, 0x047000, 0x047000, 0x047000, 0x040038, 0x040038, 0x040038, 0x040038,
	0x047000, 0x047000, 0x047000, 0x047000, 0x040007, 0x040007, 0x040007, 0x040007,
	0x040e00, 0x040e00, 0x040e00, 0x040e00, 0x040038, 0x040038, 0x040038, 0x040038,
	0x040e00, 0x040e00, 0x040e00, 0x040e00, 0x040007, 0x040007, 0x040007, 0x040007,
	0x0401c0, 0x0401c0, 0x0401c0, 0x0401c0, 0x040038, 0x040038, 0x040038, 0x040038,
	0x0401c0, 0x0401c0, 0x0401c0, 0x0401c0, 0x040007, 0x040007, 0x040007, 0x040007,
	0x078000, 0x078000, 0x078000, 0x078000, 0x040038, 0x040038, 0x040038, 0x040038,
	0x078000, 0x078000, 0x078000, 0x078000, 0x040007, 0x040007, 0x040007, 0x040007,
	0x047000, 0x047000, 0x047000, 0x047000, 0x040038, 0x040038, 0x040038, 0x040038,
	0x047000, 0x047000, 0x047000, 0x047000, 0x040007, 0x040007, 0x040007, 0x040007,
	0x040e00, 0x040e00, 0x040e00, 0x040e00, 0x040038, 0x040038, 0x040038, 0x040038,
	0x040e00, 0x040e00, 0x040e00, 0x040e00, 0x040007, 0x040007, 0x040007, 0x040007,
	0x0401c0, 0x0401c0, 0x0401c0, 0x0401c0, 0x040038, 0x040038, 0x040038, 0x040038,
	0x0401c0, 0x0401c0, 0x0401c0, 0x0401c0, 0x040007, 0x040007, 0x040007, 0x040007,
	0x078000, 0x078000, 0x078000, 0x078000, 0x040038, 0x040038, 0x040038, 0x040038,
	0x078000, 0x078000, 0x078000, 0x078000, 0x040007, 0x040007, 0x040007, 0x040007,
	0x047000, 0x047000, 0x047000, 0x047000, 0x040038, 0x040038, 0x040038, 0x040038,
	0x047000, 0x047000, 0x047000, 0x047000, 0x040007, 0x040007, 0x040007, 0x040007,
	0x040e00, 0x040e00, 0x040e00, 0x040e00, 0x040038, 0x040038, 0x040038, 0x040038,
	0x040e00, 0x040e00, 0x040e00, 0x040e00, 0x040007, 0x040007, 0x040007, 0x040007,
	0x0401c0, 0x0401c0, 0x0401c0, 0x0401c0, 0x040038, 0x040038, 0x040038, 0x040038,
	0x0401c0, 0x0401c0, 0x0401c0, 0x0401c0, 0x040007, 0x040007, 0x040007, 0x040007,
	0x078000, 0x078000, 0x078000, 0x078000, 0x040038, 0x040038, 0x040038, 0x040038,
	0x078000, 0x078000, 0x078000, 0x078000, 0x040007, 0x040007, 0x040007, 0x040007,
	0x047000, 0x047000, 0x047000, 0x047000, 0x040038, 0x040038, 0x040038, 0x040038,
	0x047000, 0x047000, 0x047000, 0x047000, 0x040007, 0x040007, 0x040007, 0x040007,
	0x040e00, 0x040e00, 0x040e00, 0x040e00, 0x040038, 0x040038, 0x040038, 0x040038,
	0x040e00, 0x040e00, 0x040e00, 0x040e00, 0x040007, 0x040007, 0x040007, 0x040007,
	0x0401c0, 0x0401c0, 0x0401c0, 0x0401c0, 0x040038, 0x040038, 0x040038, 0x040038,
	0x0401c0, 0x0401c0, 0x0401c0, 0x0401c0, 0x040007, 0x040007, 0x040007, 0x040007,
	0x078000, 0x078000, 0x078000, 0x078000, 0x040038, 0x040038, 0x040038, 0x040038,
	0x078000, 0x078000, 0x078000, 0x078000, 0x040007, 0x040007, 0x040007, 0x040007,
	0x047000, 0x047000, 0x047000, 0x047000, 0x040038, 0x040038, 0x040038, 0x040038,
	0x047000, 0x047000, 0x047000, 0x047000, 0x040007, 0x040007, 0x040007, 0x040007,
	0x040e00, 0x040e00, 0x040e00, 0x040e00, 0x040038, 0x040038, 0x040038, 0x040038,
	0x040e00, 0x040e00, 0x040e00, 0x040e00, 0x040007, 0x040007, 0x040007, 0x040007,
	0x0401c0, 0x0401c0, 0x0401c0, 0x0401c0, 0x040038, 0x040038, 0x040038, 0x040038,
	0x0401c0, 0x0401c0, 0x0401c0, 0x0401c0, 0x040007, 0x040007, 0x040007, 0x040007,
	0x078000, 0x078000, 0x078000, 0x078000, 0x040038, 0x040038, 0x040038, 0x040038,
	0x078000, 0x078000, 0x078000, 0x078000, 0x040007, 0x040007, 0x040007, 0x040007,
	0x047000, 0x047000, 0x047000, 0x047000, 0x040038, 0x040038, 0x040038, 0x040038,
	0x047000, 0x047000, 0x047000, 0x047000, 0x040007, 0x040007, 0x040007, 0x040007,
	0x040e00, 0x040e00, 0x040e00, 0x040e00, 0x040038, 0x040038, 0x040038, 0x040038,
	0x040e00, 0x040e00, 0x040e00, 0x040e00, 0x040007, 0x040007, 0x040007, 0x040007,
	0x0401c0, 0x0401c0, 0x0401c0, 0x0401c0, 0x040038, 0x040038, 0x040038, 0x040038,
	0x0401c0, 0x0401c0, 0x0401c0, 0x0401c0, 0x040007, 0x040007, 0x040007, 0x040007,
	0x078000, 0x078000, 0x078000, 0x078000, 0x040038, 0x040038, 0x040038, 0x040038,
	0x078000, 0x078000, 0x078000, 0x078000, 0x040007, 0x040007, 0x040007, 0x040007,
	0x047000, 0x047000, 0x047000, 0x047000, 0x040038, 0x040038, 0x040038, 0x040038,
	0x047000, 0x047000, 0x047000, 0x047000, 0x040007, 0x040007, 0x040007, 0x040007,
	0x040e00, 0x040e00, 0x040e00, 0x040e00, 0x040038, 0x040038, 0x040038, 0x040038,
	0x040e00, 0x040e00, 0x040e00, 0x040e00, 0x040007, 0x040007, 0x040007, 0x040007,
	0x0401c0, 0x0401c0, 0x0401c0, 0x0401c0, 0x040038, 0x040038, 0x040038, 0x040038,
	0x0401c0, 0x0401c0, 0x0401c0, 0x0401c0, 0x040007, 0x040007, 0x040007, 0x040007,
	0x078000, 0x078000, 0x078000, 0x078000, 0x040038, 0x040038, 0x040038, 0x040038,
	0x078000, 0x078000, 0x078000, 0x078000, 0x040007, 0x040007, 0x040007, 0x040007,
	0x047000, 0x047000, 0x047000, 0x047000, 0x040038, 0x040038, 0x040038, 0x040038,
	0x047000, 0x047000, 0x047000, 0x047000, 0x040007, 0x040007, 0x040007, 0x040007,
	0x0fffff, 0x0fffff, 0x0fffff, 0x0fffff, 0x0fffff, 0x0fffff, 0x0fffff, 0x0fffff,
	0x0fffff, 0x0fffff, 0x0fffff, 0x0fffff, 0x0fffff, 0x0fffff, 0x0fffff, 0x0fffff,
	0x1fffff, 0x1fffff, 0x1fffff, 0x1fffff, 0x1fffff, 0x1fffff, 0x1fffff, 0x1fffff,
	0x1fffff, 0x1fffff, 0x1fffff, 0x1fffff, 0x1fffff, 0x1fffff, 0x1fffff, 0x1fffff,
	0x1fffff, 0x1fffff, 0x1fffff, 0x1fffff, 0x1fffff, 0x1fffff, 0x1fffff, 0x1fffff,
	0x1fffff, 0x1fffff, 0x1fffff, 0x1fffff, 0x1fffff, 0x1fffff, 0x1fffff, 0x1fffff,
	0x040002, 0x040002, 0x050002, 0x050002, 0x042002, 0x042002, 0x040002, 0x040002,
	0x042002, 0x042002, 0x050002, 0x050002, 0x040002, 0x040002, 0x040082, 0x040082,
	0x040402, 0x040402, 0x040002, 0x040002, 0x040402, 0x040402, 0x040082, 0x040082,
	0x040002, 0x040002, 0x050002, 0x050002, 0x042002, 0x042002, 0x040002, 0x040002,
	0x042002, 0x042002, 0x050002, 0x050002, 0x040002, 0x040002, 0x040082, 0x040082,
	0x040402, 0x040402, 0x040002, 0x040002, 0x040402, 0x040402, 0x040082, 0x040082,
	0x040002, 0x040002, 0x050002, 0x050002, 0x042002, 0x042002, 0x040002, 0x040002,
	0x042002, 0x042002, 0x050002, 0x050002, 0x040002, 0x040002, 0x040082, 0x040082,
	0x040402, 0x040402, 0x040002, 0x040002, 0x040402, 0x040402, 0x040082, 0x040082,
	0x040002, 0x040002, 0x050002, 0x050002, 0x042002, 0x042002, 0x040002, 0x040002,
	0x042002, 0x042002, 0x050002, 0x050002, 0x040002, 0x040002, 0x040082, 0x040082,
	0x040402, 0x040402, 0x040002, 0x040002, 0x040402, 0x040402, 0x040082, 0x040082,
	0x040002, 0x040002, 0x050002, 0x050002, 0x042002, 0x042002, 0x040002, 0x040002,
	0x042002, 0x042002, 0x050002, 0x050002, 0x040002, 0x040002, 0x040082, 0x040082,
	0x040402, 0x040402, 0x040002, 0x040002, 0x040402, 0x040402, 0x040082, 0x040082,
	0x040002, 0x040002, 0x050002, 0x050002, 0x042002, 0x042002, 0x040002, 0x040002,
	0x042002, 0x042002, 0x050002, 0x050002, 0x040002, 0x040002, 0x040082, 0x040082,
	0x040402, 0x040402, 0x040002, 0x040002, 0x040402, 0x040402, 0x040082, 0x040082,
	0x040002, 0x040002, 0x050002, 0x050002, 0x042002, 0x042002, 0x040002, 0x040002,
	0x042002, 0x042002, 0x050002, 0x050002, 0x040002, 0x040002, 0x040082, 0x040082,
	0x040402, 0x040402, 0x040002, 0x040002, 0x040402, 0x040402, 0x040082, 0x040082,
	0x040002, 0x040002, 0x050002, 0x050002, 0x042002, 0x042002, 0x040002, 0x040002,
	0x042002, 0x042002, 0x050002, 0x050002, 0x040002, 0x040002, 0x040082, 0x040082,
	0x040402, 0x040402, 0x040002, 0x040002, 0x040402, 0x040402, 0x040082, 0x040082,
	0x000002, 0x000002, 0x000002, 0x000002, 0x000002, 0x000002, 0x000002, 0x000002,
	0x000002, 0x000002, 0x000002, 0x000002, 0x000002, 0x000002, 0x000002, 0x000002,
	0x000002, 0x000002, 0x000002, 0x000002, 0x000002, 0x000002, 0x000002, 0x000002,
	0x000002, 0x000002, 0x000002, 0x000002, 0x000002, 0x000002, 0x000002, 0x000002,
	0x000002, 0x000002, 0x000002, 0x000002, 0x000002, 0x000002, 0x000002, 0x000002,
	0x000002, 0x000002, 0x000002, 0x000002, 0x000002, 0x000002, 0x000002, 0x000002,
	0x000002, 0x000002, 0x000002, 0x000002, 0x000002, 0x000002, 0x000002, 0x000002,
	0x000002, 0x000002, 0x000002, 0x000002, 0x000002, 0x000002, 0x000002, 0x000002,
	0x000002, 0x000002, 0x000002, 0x000002, 0x000002, 0x000002, 0x000002, 0x000002,
	0x000002, 0x000002, 0x000002, 0x000002, 0x000002, 0x000002, 0x000002, 0x000002,
	0x000002, 0x000002, 0x000002, 0x000002, 0x000002, 0x000002, 0x000002, 0x000002,
	0x000002, 0x000002, 0x000002, 0x000002, 0x000002, 0x000002, 0x000002, 0x000002,
	0x000002, 0x000002, 0x000002, 0x000002, 0x000002, 0x000002, 0x000002, 0x000002,
	0x000002, 0x000002, 0x000002, 0x000002, 0x000002, 0x000002, 0x000002, 0x000002,
	0x000002, 0x000002, 0x000002, 0x000002, 0x000002, 0x000002, 0x000002, 0x000002,
	0x000002, 0x000002, 0x000002, 0x000002, 0x000002, 0x000002, 0x000002, 0x000002,
	0x000002, 0x000002, 0x000002, 0x000002, 0x000002, 0x000002, 0x000002, 0x000002,
	0x000002, 0x000002, 0x000002, 0x000002, 0x000002, 0x000002, 0x000002, 0x000002,
	0x000002, 0x000002, 0x000002, 0x000002, 0x000002, 0x000002, 0x000002, 0x000002,
	0x000002, 0x000002, 0x000002, 0x000002, 0x000002, 0x000002, 0x000002, 0x000002,
	0x000002, 0x000002, 0x000002, 0x000002, 0x000002, 0x000002, 0x000002, 0x000002,
	0x000002, 0x000002, 0x000002, 0x000002, 0x000002, 0x000002, 0x000002, 0x000002,
	0x000002, 0x000002, 0x000002, 0x000002, 0x000002, 0x000002, 0x000002, 0x000002,
	0x000002, 0x000002, 0x000002, 0x000002, 0x000002, 0x000002, 0x000002, 0x000002,
	0x000002, 0x000002, 0x000002, 0x000002, 0x000002, 0x000002, 0x000002, 0x000002,
	0x000002, 0x000002, 0x000002, 0x000002, 0x000002, 0x000002, 0x000002, 0x000002,
	0x000002, 0x000002, 0x000002, 0x000002, 0x000002, 0x000002, 0x000002, 0x000002,
	0x000002, 0x000002, 0x000002, 0x000002, 0x000002, 0x000002, 0x000002, 0x000002,
	0x000002, 0x000002, 0x000002, 0x000002, 0x000002, 0x000002, 0x000002, 0x000002,
	0x000002, 0x000002, 0x000002, 0x000002, 0x000002, 0x000002, 0x000002, 0x000002,
	0x000002, 0x000002, 0x000002, 0x000002, 0x000002, 0x000002, 0x000002, 0x000002,
	0x000002, 0x000002, 0x000002, 0x000002, 0x000002, 0x000002, 0x000002, 0x000002,
	0x040000, 0x040000, 0x040000, 0x040000, 0x040000, 0x040000, 0x040000, 0x040000,
	0x040000, 0x040000, 0x040000, 0x040000, 0x040000, 0x040000, 0x040000, 0x040000,
	0x040012, 0x040012, 0x040012, 0x040012, 0x040012, 0x040012, 0x040012, 0x040012,
	0x040000, 0x040000, 0x040000, 0x040000, 0x040000, 0x040000, 0x040000, 0x040000,
	0x040000, 0x040000, 0x040000, 0x040000, 0x040000, 0x040000, 0x040000, 0x040000,
	0x040012, 0x040012, 0x040012, 0x040012, 0x040012, 0x040012, 0x040012, 0x040012,
	0x040000, 0x040000, 0x040000, 0x040000, 0x040000, 0x040000, 0x040000, 0x040000,
	0x040000, 0x040000, 0x040000, 0x040000, 0x040000, 0x040000, 0x040000, 0x040000,
	0x040012, 0x040012, 0x040012, 0x040012, 0x040012, 0x040012, 0x040012, 0x040012,
	0x040000, 0x040000, 0x040000, 0x040000, 0x040000, 0x040000, 0x040000, 0x040000,
	0x040000, 0x040000, 0x040000, 0x040000, 0x040000, 0x040000, 0x040000, 0x040000,
	0x040012, 0x040012, 0x040012, 0x040012, 0x040012, 0x040012, 0x040012, 0x040012,
	0x040000, 0x040000, 0x040000, 0x040000, 0x040000, 0x040000, 0x040000, 0x040000,
	0x040000, 0x040000, 0x040000, 0x040000, 0x040000, 0x040000, 0x040000, 0x040000,
	0x040012, 0x040012, 0x040012, 0x040012, 0x040012, 0x040012, 0x040012, 0x040012,
	0x040000, 0x040000, 0x040000, 0x040000, 0x040000, 0x040000, 0x040000, 0x040000,
	0x040000, 0x040000, 0x040000, 0x040000, 0x040000, 0x040000, 0x040000, 0x040000,
	0x040012, 0x040012, 0x040012, 0x040012, 0x040012, 0x040012, 0x040012, 0x040012,
	0x040000, 0x040000, 0x040000, 0x040000, 0x040000, 0x040000, 0x040000, 0x040000,
	0x040000, 0x040000, 0x040000, 0x040000, 0x040000, 0x040000, 0x040000, 0x040000,
	0x040012, 0x040012, 0x040012, 0x040012, 0x040012, 0x040012, 0x040012, 0x040012,
	0x040000, 0x040000, 0x040000, 0x040000, 0x040000, 0x040000, 0x040000, 0x040000,
	0x040000, 0x040000, 0x040000, 0x040000, 0x040000, 0x040000, 0x040000, 0x040000,
	0x040012, 0x040012, 0x040012, 0x040012, 0x040012, 0x040012, 0x040012, 0x040012,
	0x1fffff, 0x040012, 0x040012, 0x040012, 0x040012, 0x040002, 0x040002, 0x040010,
	0x040010, 0x040012, 0x040012, 0x040012, 0x040012, 0x040012, 0x040012, 0x040012,
	0x040012, 0x042092, 0x042092, 0x042092, 0x042092, 0x040012, 0x040012, 0x040012,
	0x040012, 0x040002, 0x040002, 0x040010, 0x040010, 0x040012, 0x040012, 0x040012,
	0x040012, 0x040012, 0x040012, 0x040012, 0x040012, 0x042092, 0x042092, 0x042092,
	0x042092, 0x000000, 0x000000, 0x000000, 0x000000, 0x000000, 0x000000, 0x000000,
	0x000000, 0x000000, 0x000000, 0x000000, 0x000000, 0x000000, 0x000000, 0x000000,
	0x000000, 0x000000, 0x000000, 0x000000, 0x000000, 0x000000, 0x000000, 0x000000,
	0x000000, 0x000000, 0x000000, 0x000000, 0x000000, 0x000000, 0x000000, 0x000000,
	0x000000, 0x000000, 0x000000, 0x000000, 0x000000, 0x000000, 0x000000, 0x000000,
	0x000000, 0x000000, 0x000000, 0x000000, 0x000000, 0x000000, 0x000000, 0x000000,
	0x000000, 0x000000, 0x000000, 0x000000, 0x000000, 0x000000, 0x000000, 0x000000,
	0x00003a, 0x00003a, 0x000007, 0x000000, 0x000000, 0x000000, 0x000000, 0x000000,
	0x000000, 0x000000, 0x000000, 0x000000, 0x000000, 0x000000, 0x000000, 0x000000,
	0x000000, 0x000000, 0x000000, 0x000000, 0x000000, 0x000000, 0x000000, 0x000000,
	0x000000, 0x000000, 0x000000, 0x000000, 0x000000, 0x000000, 0x000000, 0x000000,
	0x000000, 0x000000, 0x000000, 0x000000, 0x000000, 0x000000, 0x000000, 0x000000,
	0x000000, 0x000000, 0x000000, 0x000000, 0x000000, 0x000000, 0x000000, 0x000000,
	0x000000, 0x000000, 0x000000, 0x1fffff, 0x000000, 0x000000, 0x000000, 0x000000,
	0x000000, 0x000000, 0x000000, 0x000000, 0x000000, 0x000000, 0x000000, 0x000000,
	0x000000, 0x000000, 0x000000, 0x000000, 0x000000, 0x000000, 0x000000, 0x000000,
	0x000000, 0x000000, 0x000000, 0x000000, 0x000000, 0x000000, 0x000000, 0x000000,
	0x000000, 0x000000, 0x000000, 0x000000, 0x000000, 0x000000, 0x000000, 0x000000,
	0x000000, 0x000000, 0x000000, 0x000000, 0x000000, 0x000000, 0x000000, 0x000000,
	0x000000, 0x000000, 0x000000, 0x000000, 0x000000, 0x000000, 0x000000, 0x000000,
	0x000000, 0x000000, 0x000000, 0x000000, 0x000000, 0x000000, 0x1fffff, 0x17ffff,
	0x1fffff, 0x1fffff, 0x1fffff, 0x1fffff, 0x0401f8, 0x0401f8, 0x0471f8, 0x0471f8,
	0x0781f8, 0x0781f8, 0x040038, 0x040038, 0x040038, 0x040038, 0x0401c7, 0x0401c7,
	0x0471c7, 0x0471c7, 0x0781c7, 0x0781c7, 0x040007, 0x040007, 0x040007, 0x040007,
	0x040e38, 0x040e38, 0x078e38, 0x078e38, 0x047e38, 0x047e38, 0x040038, 0x040038,
	0x040038, 0x040038, 0x040e07, 0x040e07, 0x078e07, 0x078e07, 0x047e07, 0x047e07,
	0x040007, 0x040007, 0x040007, 0x040007, 0x047038, 0x047038, 0x047e38, 0x047e38,
	0x0471f8, 0x0471f8, 0x040038, 0x040038, 0x040038, 0x040038, 0x047007, 0x047007,
	0x047e07, 0x047e07, 0x0471c7, 0x0471c7, 0x040007, 0x040007, 0x040007, 0x040007,
	0x078038, 0x078038, 0x0781f8, 0x0781f8, 0x078e38, 0x078e38, 0x040038, 0x040038,
	0x040038, 0x040038, 0x078007, 0x078007, 0x0781c7, 0x0781c7, 0x078e07, 0x078e07,
	0x040007, 0x040007, 0x040007, 0x040007, 0x040038, 0x040038, 0x040007, 0x040007,
	0x1fffff, 0x1fffff, 0x040012, 0x042012, 0x042012, 0x040012, 0x042012, 0x042012,
	0x040000, 0x042012, 0x042012, 0x040000, 0x042012, 0x042012, 0x040412, 0x042412,
	0x042412, 0x040412, 0x042412, 0x042412, 0x040412, 0x042412, 0x042412, 0x040412,
	0x042412, 0x042412, 0x040412, 0x042412, 0x042412, 0x040412, 0x042412, 0x042412,
	0x040412, 0x042412, 0x042412, 0x040412, 0x042412, 0x042412, 0x040092, 0x042092,
	0x042092, 0x040092, 0x042092, 0x042092, 0x040092, 0x042092, 0x042092, 0x040092,
	0x042092, 0x042092, 0x040492, 0x042492, 0x042492, 0x040492, 0x042492, 0x042492,
	0x040492, 0x042492, 0x042492, 0x040492, 0x042492, 0x042492, 0x040492, 0x042492,
	0x042492, 0x040492, 0x042492, 0x042492, 0x040492, 0x042492, 0x042492, 0x040492,
	0x042492, 0x042492, 0x040092, 0x042092, 0x042092, 0x040092, 0x042092, 0x042092,
	0x040092, 0x042092, 0x042092, 0x040092, 0x042092, 0x042092, 0x040492, 0x042492,
	0x042492, 0x040492, 0x042492, 0x042492, 0x040492, 0x042492, 0x042492, 0x040492,
	0x042492, 0x042492, 0x040492, 0x042492, 0x042492, 0x040492, 0x042492, 0x042492,
	0x040492, 0x042492, 0x042492, 0x040492, 0x042492, 0x042492, 0x050012, 0x052012,
	0x052012, 0x050012, 0x052012, 0x052012, 0x050012, 0x052012, 0x052012, 0x050012,
	0x052012, 0x052012, 0x050412, 0x052412, 0x052412, 0x050412, 0x052412, 0x052412,
	0x050412, 0x052412, 0x052412, 0x050412, 0x052412, 0x052412, 0x050412, 0x052412,
	0x052412, 0x050412, 0x052412, 0x052412, 0x050412, 0x052412, 0x052412, 0x050412,
	0x052412, 0x052412, 0x050092, 0x052092, 0x052092, 0x050092, 0x052092, 0x052092,
	0x050092, 0x052092, 0x052092, 0x050092, 0x052092, 0x052092, 0x050492, 0x052492,
	0x052492, 0x050492, 0x052492, 0x052492, 0x050492, 0x052492, 0x052492, 0x050492,
	0x052492, 0x052492, 0x050492, 0x052492, 0x052492, 0x050492, 0x052492, 0x052492,
	0x050492, 0x052492, 0x052492, 0x050492, 0x052492, 0x052492, 0x050092, 0x052092,
	0x052092, 0x050092, 0x052092, 0x052092, 0x050092, 0x052092, 0x052092, 0x050092,
	0x052092, 0x052092, 0x050492, 0x052492, 0x052492, 0x050492, 0x052492, 0x052492,
	0x050492, 0x052492, 0x052492, 0x050492, 0x052492, 0x052492, 0x050492, 0x052492,
	0x052492, 0x050492, 0x052492, 0x052492, 0x050492, 0x052492, 0x052492, 0x050492,
	0x052492, 0x052492, 0x050012, 0x052012, 0x052012, 0x050012, 0x052012, 0x052012,
	0x050012, 0x052012, 0x052012, 0x050012, 0x052012, 0x052012, 0x050412, 0x052412,
	0x052412, 0x050412, 0x052412, 0x052412, 0x050412, 0x052412, 0x052412, 0x050412,
	0x052412, 0x052412, 0x050412, 0x052412, 0x052412, 0x050412, 0x052412, 0x052412,
	0x050412, 0x052412, 0x052412, 0x050412, 0x052412, 0x052412, 0x050092, 0x052092,
	0x052092, 0x050092, 0x052092, 0x052092, 0x050092, 0x052092, 0x052092, 0x050092,
	0x052092, 0x052092, 0x050492, 0x052492, 0x052492, 0x050492, 0x052492, 0x052492,
	0x050492, 0x052492, 0x052492, 0x050492, 0x052492, 0x052492, 0x050492, 0x052492,
	0x052492, 0x050492, 0x052492, 0x052492, 0x050492, 0x052492, 0x052492, 0x050492,
	0x052492, 0x052492, 0x050092, 0x052092, 0x052092, 0x050092, 0x052092, 0x052092,
	0x050092, 0x052092, 0x052092, 0x050092, 0x052092, 0x052092, 0x050492, 0x052492,
	0x052492, 0x050492, 0x052492, 0x052492, 0x050492, 0x052492, 0x052492, 0x050492,
	0x052492, 0x052492, 0x050492, 0x052492, 0x052492, 0x050492, 0x052492, 0x052492,
	0x050492, 0x052492, 0x052492, 0x050492, 0x052492, 0x052492, 0x1fffff, 0x0401f8,
	0x0401f8, 0x0471f8, 0x0471f8, 0x0781f8, 0x0781f8, 0x040038, 0x040038, 0x040038,
	0x040038, 0x0401c7, 0x0401c7, 0x0471c7, 0x0471c7, 0x0781c7, 0x0781c7, 0x040007,
	0x040007, 0x040007, 0x040007, 0x040e38, 0x040e38, 0x078e38, 0x078e38, 0x047e38,
	0x047e38, 0x040038, 0x040038, 0x040038, 0x040038, 0x040e07, 0x040e07, 0x078e07,
	0x078e07, 0x047e07, 0x047e07, 0x040007, 0x040007, 0x040007, 0x040007, 0x047038,
	0x047038, 0x047e38, 0x047e38, 0x0471f8, 0x0471f8, 0x040038, 0x040038, 0x040038,
	0x040038, 0x047007, 0x047007, 0x047e07, 0x047e07, 0x0471c7, 0x0471c7, 0x040007,
	0x040007, 0x040007, 0x040007, 0x078038, 0x078038, 0x0781f8, 0x0781f8, 0x078e38,
	0x078e38, 0x040038, 0x040038, 0x040038, 0x040038, 0x078007, 0x078007, 0x0781c7,
	0x0781c7, 0x078e07, 0x078e07, 0x040007, 0x040007, 0x040007, 0x040007, 0x040038,
	0x040038, 0x040007, 0x040007, 0x1fffff, 0x1fffff, 0x040012, 0x042012, 0x042012,
	0x040012, 0x042012, 0x042012, 0x040000, 0x042012, 0x042012, 0x040000, 0x042012,
	0x042012, 0x040412, 0x042412, 0x042412, 0x040412, 0x042412, 0x042412, 0x040412,
	0x042412, 0x042412, 0x040412, 0x042412, 0x042412, 0x040412, 0x042412, 0x042412,
	0x040412, 0x042412, 0x042412, 0x040412, 0x042412, 0x042412, 0x040412, 0x042412,
	0x042412, 0x040092, 0x042092, 0x042092, 0x040092, 0x042092, 0x042092, 0x040092,
	0x042092, 0x042092, 0x040092, 0x042092, 0x042092, 0x040492, 0x042492, 0x042492,
	0x040492, 0x042492, 0x042492, 0x040492, 0x042492, 0x042492, 0x040492, 0x042492,
	0x042492, 0x040492, 0x042492, 0x042492, 0x040492, 0x042492, 0x042492, 0x040492,
	0x042492, 0x042492, 0x040492, 0x042492, 0x042492, 0x040092, 0x042092, 0x042092,
	0x040092, 0x042092, 0x042092, 0x040092, 0x042092, 0x042092, 0x040092, 0x042092,
	0x042092, 0x040492, 0x042492, 0x042492, 0x040492, 0x042492, 0x042492, 0x040492,
	0x042492, 0x042492, 0x040492, 0x042492, 0x042492, 0x040492, 0x042492, 0x042492,
	0x040492, 0x042492, 0x042492, 0x040492, 0x042492, 0x042492, 0x040492, 0x042492,
	0x042492, 0x050012, 0x052012, 0x052012, 0x050012, 0x052012, 0x052012, 0x050012,
	0x052012, 0x052012, 0x050012, 0x052012, 0x052012, 0x050412, 0x052412, 0x052412,
	0x050412, 0x052412, 0x052412, 0x050412, 0x052412, 0x052412, 0x050412, 0x052412,
	0x052412, 0x050412, 0x052412, 0x052412, 0x050412, 0x052412, 0x052412, 0x050412,
	0x052412, 0x052412, 0x050412, 0x052412, 0x052412, 0x050092, 0x052092, 0x052092,
	0x050092, 0x052092, 0x052092, 0x050092, 0x052092, 0x052092, 0x050092, 0x052092,
	0x052092, 0x050492, 0x052492, 0x052492, 0x050492, 0x052492, 0x052492, 0x050492,
	0x052492, 0x052492, 0x050492, 0x052492, 0x052492, 0x050492, 0x052492, 0x052492,
	0x050492, 0x052492, 0x052492, 0x050492, 0x052492, 0x052492, 0x050492, 0x052492,
	0x052492, 0x050092, 0x052092, 0x052092, 0x050092, 0x052092, 0x052092, 0x050092,
	0x052092, 0x052092, 0x050092, 0x052092, 0x052092, 0x050492, 0x052492, 0x052492,
	0x050492, 0x052492, 0x052492, 0x050492, 0x052492, 0x052492, 0x050492, 0x052492,
	0x052492, 0x050492, 0x052492, 0x052492, 0x050492, 0x052492, 0x052492, 0x050492,
	0x052492, 0x052492, 0x050492, 0x052492, 0x052492, 0x050012, 0x052012, 0x052012,
	0x050012, 0x052012, 0x052012, 0x050012, 0x052012, 0x052012, 0x050012, 0x052012,
	0x052012, 0x050412, 0x052412, 0x052412, 0x050412, 0x052412, 0x052412, 0x050412,
	0x052412, 0x052412, 0x050412, 0x052412, 0x052412, 0x050412, 0x052412, 0x052412,
	0x050412, 0x052412, 0x052412, 0x050412, 0x052412, 0x052412, 0x050412, 0x052412,
	0x052412, 0x050092, 0x052092, 0x052092, 0x050092, 0x052092, 0x052092, 0x050092,
	0x052092, 0x052092, 0x050092, 0x052092, 0x052092, 0x050492, 0x052492, 0x052492,
	0x050492, 0x052492, 0x052492, 0x050492, 0x052492, 0x052492, 0x050492, 0x052492,
	0x052492, 0x050492, 0x052492, 0x052492, 0x050492, 0x052492, 0x052492, 0x050492,
	0x052492, 0x052492, 0x050492, 0x052492, 0x052492, 0x050092, 0x052092, 0x052092,
	0x050092, 0x052092, 0x052092, 0x050092, 0x052092, 0x052092, 0x050092, 0x052092,
	0x052092, 0x050492, 0x052492, 0x052492, 0x050492, 0x052492, 0x052492, 0x050492,
	0x052492, 0x052492, 0x050492, 0x052492, 0x052492, 0x050492, 0x052492, 0x052492,
	0x050492, 0x052492, 0x052492, 0x050492, 0x052492, 0x052492, 0x050492, 0x052492,
	0x052492, 0x1fffff, 0x0401f8, 0x0401f8, 0x0471f8, 0x0471f8, 0x0781f8, 0x0781f8,
	0x040038, 0x040038, 0x040038, 0x040038, 0x0401c7, 0x0401c7, 0x0471c7, 0x0471c7,
	0x0781c7, 0x0781c7, 0x040007, 0x040007, 0x040007, 0x040007, 0x040e38, 0x040e38,
	0x078e38, 0x078e38, 0x047e38, 0x047e38, 0x040038, 0x040038, 0x040038, 0x040038,
	0x040e07, 0x040e07, 0x078e07, 0x078e07, 0x047e07, 0x047e07, 0x040007, 0x040007,
	0x040007, 0x040007, 0x047038, 0x047038, 0x047e38, 0x047e38, 0x0471f8, 0x0471f8,
	0x040038, 0x040038, 0x040038, 0x040038, 0x047007, 0x047007, 0x047e07, 0x047e07,
	0x0471c7, 0x0471c7, 0x040007, 0x040007, 0x040007, 0x040007, 0x078038, 0x078038,
	0x0781f8, 0x0781f8, 0x078e38, 0x078e38, 0x040038, 0x040038, 0x040038, 0x040038,
	0x078007, 0x078007, 0x0781c7, 0x0781c7, 0x078e07, 0x078e07, 0x040007, 0x040007,
	0x040007, 0x040007, 0x040038, 0x040038, 0x040007, 0x040007, 0x1fffff, 0x1fffff,
	0x040012, 0x042012, 0x042012, 0x040012, 0x042012, 0x042012, 0x040000, 0x042012,
	0x042012, 0x040000, 0x042012, 0x042012, 0x040412, 0x042412, 0x042412, 0x040412,
	0x042412, 0x042412, 0x040412, 0x042412, 0x042412, 0x040412, 0x042412, 0x042412,
	0x040412, 0x042412, 0x042412, 0x040412, 0x042412, 0x042412, 0x040412, 0x042412,
	0x042412, 0x040412, 0x042412, 0x042412, 0x040092, 0x042092, 0x042092, 0x040092,
	0x042092, 0x042092, 0x040092, 0x042092, 0x042092, 0x040092, 0x042092, 0x042092,
	0x040492, 0x042492, 0x042492, 0x040492, 0x042492, 0x042492, 0x040492, 0x042492,
	0x042492, 0x040492, 0x042492, 0x042492, 0x040492, 0x042492, 0x042492, 0x040492,
	0x042492, 0x042492, 0x040492, 0x042492, 0x042492, 0x040492, 0x042492, 0x042492,
	0x040092, 0x042092, 0x042092, 0x040092, 0x042092, 0x042092, 0x040092, 0x042092,
	0x042092, 0x040092, 0x042092, 0x042092, 0x040492, 0x042492, 0x042492, 0x040492,
	0x042492, 0x042492, 0x040492, 0x042492, 0x042492, 0x040492, 0x042492, 0x042492,
	0x040492, 0x042492, 0x042492, 0x040492, 0x042492, 0x042492, 0x040492, 0x042492,
	0x042492, 0x040492, 0x042492, 0x042492, 0x050012, 0x052012, 0x052012, 0x050012,
	0x052012, 0x052012, 0x050012, 0x052012, 0x052012, 0x050012, 0x052012, 0x052012,
	0x050412, 0x052412, 0x052412, 0x050412, 0x052412, 0x052412, 0x050412, 0x052412,
	0x052412, 0x050412, 0x052412, 0x052412, 0x050412, 0x052412, 0x052412, 0x050412,
	0x052412, 0x052412, 0x050412, 0x052412, 0x052412, 0x050412, 0x052412, 0x052412,
	0x050092, 0x052092, 0x052092, 0x050092, 0x052092, 0x052092, 0x050092, 0x052092,
	0x052092, 0x050092, 0x052092, 0x052092, 0x050492, 0x052492, 0x052492, 0x050492,
	0x052492, 0x052492, 0x050492, 0x052492, 0x052492, 0x050492, 0x052492, 0x052492,
	0x050492, 0x052492, 0x052492, 0x050492, 0x052492, 0x052492, 0x050492, 0x052492,
	0x052492, 0x050492, 0x052492, 0x052492, 0x050092, 0x052092, 0x052092, 0x050092,
	0x052092, 0x052092, 0x050092, 0x052092, 0x052092, 0x050092, 0x052092, 0x052092,
	0x050492, 0x052492, 0x052492, 0x050492, 0x052492, 0x052492, 0x050492, 0x052492,
	0x052492, 0x050492, 0x052492, 0x052492, 0x050492, 0x052492, 0x052492, 0x050492,
	0x052492, 0x052492, 0x050492, 0x052492, 0x052492, 0x050492, 0x052492, 0x052492,
	0x050012, 0x052012, 0x052012, 0x050012, 0x052012, 0x052012, 0x050012, 0x052012,
	0x052012, 0x050012, 0x052012, 0x052012, 0x050412, 0x052412, 0x052412, 0x050412,
	0x052412, 0x052412, 0x050412, 0x052412, 0x052412, 0x050412, 0x052412, 0x052412,
	0x050412, 0x052412, 0x052412, 0x050412, 0x052412, 0x052412, 0x050412, 0x052412,
	0x052412, 0x050412, 0x052412, 0x052412, 0x050092, 0x052092, 0x052092, 0x050092,
	0x052092, 0x052092, 0x050092, 0x052092, 0x052092, 0x050092, 0x052092, 0x052092,
	0x050492, 0x052492, 0x052492, 0x050492, 0x052492, 0x052492, 0x050492, 0x052492,
	0x052492, 0x050492, 0x052492, 0x052492, 0x050492, 0x052492, 0x052492, 0x050492,
	0x052492, 0x052492, 0x050492, 0x052492, 0x052492, 0x050492, 0x052492, 0x052492,
	0x050092, 0x052092, 0x052092, 0x050092, 0x052092, 0x052092, 0x050092, 0x052092,
	0x052092, 0x050092, 0x052092, 0x052092, 0x050492, 0x052492, 0x052492, 0x050492,
	0x052492, 0x052492, 0x050492, 0x052492, 0x052492, 0x050492, 0x052492, 0x052492,
	0x050492, 0x052492, 0x052492, 0x050492, 0x052492, 0x052492, 0x050492, 0x052492,
	0x052492, 0x050492, 0x052492, 0x052492, 0x1fffff, 0x0401f8, 0x0401f8, 0x0471f8,
	0x0471f8, 0x0781f8, 0x0781f8, 0x040038, 0x040038, 0x040038, 0x040038, 0x0401c7,
	0x0401c7, 0x0471c7, 0x0471c7, 0x0781c7, 0x0781c7, 0x040007, 0x040007, 0x040007,
	0x040007, 0x040e38, 0x040e38, 0x078e38, 0x078e38, 0x047e38, 0x047e38, 0x040038,
	0x040038, 0x040038, 0x040038, 0x040e07, 0x040e07, 0x078e07, 0x078e07, 0x047e07,
	0x047e07, 0x040007, 0x040007, 0x040007, 0x040007, 0x047038, 0x047038, 0x047e38,
	0x047e38, 0x0471f8, 0x0471f8, 0x040038, 0x040038, 0x040038, 0x040038, 0x047007,
	0x047007, 0x047e07, 0x047e07, 0x0471c7, 0x0471c7, 0x040007, 0x040007, 0x040007,
	0x040007, 0x078038, 0x078038, 0x0781f8, 0x0781f8, 0x078e38, 0x078e38, 0x040038,
	0x040038, 0x040038, 0x040038, 0x078007, 0x078007, 0x0781c7, 0x0781c7, 0x078e07,
	0x078e07, 0x040007, 0x040007, 0x040007, 0x040007, 0x040038, 0x040038, 0x040007,
	0x040007, 0x1fffff, 0x1fffff, 0x040012, 0x042012, 0x042012, 0x040012, 0x042012,
	0x042012, 0x040000, 0x042012, 0x042012, 0x040000, 0x042012, 0x042012, 0x040412,
	0x042412, 0x042412, 0x040412, 0x042412, 0x042412, 0x040412, 0x042412, 0x042412,
	0x040412, 0x042412, 0x042412, 0x040412, 0x042412, 0x042412, 0x040412, 0x042412,
	0x042412, 0x040412, 0x042412, 0x042412, 0x040412, 0x042412, 0x042412, 0x040092,
	0x042092, 0x042092, 0x040092, 0x042092, 0x042092, 0x040092, 0x042092, 0x042092,
	0x040092, 0x042092, 0x042092, 0x040492, 0x042492, 0x042492, 0x040492, 0x042492,
	0x042492, 0x040492, 0x042492, 0x042492, 0x040492, 0x042492, 0x042492, 0x040492,
	0x042492, 0x042492, 0x040492, 0x042492, 0x042492, 0x040492, 0x042492, 0x042492,
	0x040492, 0x042492, 0x042492, 0x040092, 0x042092, 0x042092, 0x040092, 0x042092,
	0x042092, 0x040092, 0x042092, 0x042092, 0x040092, 0x042092, 0x042092, 0x040492,
	0x042492, 0x042492, 0x040492, 0x042492, 0x042492, 0x040492, 0x042492, 0x042492,
	0x040492, 0x042492, 0x042492, 0x040492, 0x042492, 0x042492, 0x040492, 0x042492,
	0x042492, 0x040492, 0x042492, 0x042492, 0x040492, 0x042492, 0x042492, 0x050012,
	0x052012, 0x052012, 0x050012, 0x052012, 0x052012, 0x050012, 0x052012, 0x052012,
	0x050012, 0x052012, 0x052012, 0x050412, 0x052412, 0x052412, 0x050412, 0x052412,
	0x052412, 0x050412, 0x052412, 0x052412, 0x050412, 0x052412, 0x052412, 0x050412,
	0x052412, 0x052412, 0x050412, 0x052412, 0x052412, 0x050412, 0x052412, 0x052412,
	0x050412, 0x052412, 0x052412, 0x050092, 0x052092, 0x052092, 0x050092, 0x052092,
	0x052092, 0x050092, 0x052092, 0x052092, 0x050092, 0x052092, 0x052092, 0x050492,
	0x052492, 0x052492, 0x050492, 0x052492, 0x052492, 0x050492, 0x052492, 0x052492,
	0x050492, 0x052492, 0x052492, 0x050492, 0x052492, 0x052492, 0x050492, 0x052492,
	0x052492, 0x050492, 0x052492, 0x052492, 0x050492, 0x052492, 0x052492, 0x050092,
	0x052092, 0x052092, 0x050092, 0x052092, 0x052092, 0x050092, 0x052092, 0x052092,
	0x050092, 0x052092, 0x052092, 0x050492, 0x052492, 0x052492, 0x050492, 0x052492,
	0x052492, 0x050492, 0x052492, 0x052492, 0x050492, 0x052492, 0x052492, 0x050492,
	0x052492, 0x052492, 0x050492, 0x052492, 0x052492, 0x050492, 0x052492, 0x052492,
	0x050492, 0x052492, 0x052492, 0x050012, 0x052012, 0x052012, 0x050012, 0x052012,
	0x052012, 0x050012, 0x052012, 0x052012, 0x050012, 0x052012, 0x052012, 0x050412,
	0x052412, 0x052412, 0x050412, 0x052412, 0x052412, 0x050412, 0x052412, 0x052412,
	0x050412, 0x052412, 0x052412, 0x050412, 0x052412, 0x052412, 0x050412, 0x052412,
	0x052412, 0x050412, 0x052412, 0x052412, 0x050412, 0x052412, 0x052412, 0x050092,
	0x052092, 0x052092, 0x050092, 0x052092, 0x052092, 0x050092, 0x052092, 0x052092,
	0x050092, 0x052092, 0x052092, 0x050492, 0x052492, 0x052492, 0x050492, 0x052492,
	0x052492, 0x050492, 0x052492, 0x052492, 0x050492, 0x052492, 0x052492, 0x050492,
	0x052492, 0x052492, 0x050492, 0x052492, 0x052492, 0x050492, 0x052492, 0x052492,
	0x050492, 0x052492, 0x052492, 0x050092, 0x052092, 0x052092, 0x050092, 0x052092,
	0x052092, 0x050092, 0x052092, 0x052092, 0x050092, 0x052092, 0x052092, 0x050492,
	0x052492, 0x052492, 0x050492, 0x052492, 0x052492, 0x050492, 0x052492, 0x052492,
	0x050492, 0x052492, 0x052492, 0x050492, 0x052492, 0x052492, 0x050492, 0x052492,
	0x052492, 0x050492, 0x052492, 0x052492, 0x050492, 0x052492, 0x052492, 0x1fffff,
	0x1fffff, 0x1fffff, 0x1fffff, 0x1fffff, 0x1fffff, 0x1fffff, 0x1fffff, 0x1fffff,
	0x1fffff, 0x000002, 0x000002, 0x1fffff, 0x1fffff, 0x1fffff, 0x1fffff, 0x1fffff,
	0x1fffff, 0x1fffff, 0x1fffff, 0x1fffff, 0x000000, 0x1fffff, 0x040012, 0x040012,
	0x040012, 0x040012, 0x040012, 0x040012, 0x040012, 0x040012, 0x040012, 0x040012,
	0x040012, 0x040012, 0x040012, 0x040012, 0x040012, 0x040012, 0x1fffff, 0x1fffff,
	0x1fffff, 0x1fffff, 0x1fffff, 0x1fffff, 0x1fffff, 0x1fffff, 0x1fffff, 0x1fffff,
	0x1fffff, 0x1fffff, 0x1fffff, 0x1fffff, 0x1fffff, 0x1fffff, 0x1fffff, 0x1fffff,
	0x1fffff, 0x1fffff, 0x1fffff, 0x1fffff, 0x1fffff, 0x1fffff, 0x1fffff, 0x1fffff,
	0x1fffff, 0x1fffff, 0x1fffff, 0x1fffff, 0x1fffff, 0x1fffff, 0x1fffff, 0x1fffff,
	0x1fffff, 0x1fffff, 0x1fffff, 0x1fffff, 0x1fffff, 0x1fffff, 0x1fffff, 0x1fffff,
	0x1fffff, 0x1fffff, 0x1fffff, 0x1fffff, 0x1fffff, 0x1fffff, 0x1fffff, 0x1fffff,
	0x1fffff, 0x1fffff, 0x1fffff, 0x1fffff, 0x1fffff, 0x1fffff, 0x1fffff, 0x1fffff,
	0x1fffff, 0x1fffff, 0x1fffff, 0x1fffff, 0x1fffff, 0x1fffff, 0x1fffff, 0x1fffff,
	0x1fffff, 0x1fffff, 0x1fffff, 0x1fffff, 0x1fffff, 0x1fffff, 0x1fffff, 0x1fffff,
	0x1fffff, 0x1fffff, 0x1fffff, 0x1fffff, 0x1fffff, 0x1fffff, 0x1fffff, 0x1fffff,
	0x1fffff, 0x1fffff, 0x1fffff, 0x1fffff, 0x1fffff, 0x1fffff, 0x1fffff, 0x1fffff,
	0x1fffff, 0x1fffff, 0x000002, 0x000002, 0x1fffff, 0x000007, 0x000007, 0x000007,
	0x000007, 0x000007, 0x000007, 0x000007, 0x000007, 0x000007, 0x000007, 0x000007,
	0x000007, 0x000007, 0x000007, 0x000007, 0x000007, 0x000007, 0x000007, 0x000007,
	0x000007, 0x000007, 0x000007, 0x000007, 0x000007, 0x000007, 0x000007, 0x000007,
	0x000007, 0x000007, 0x000007, 0x000007, 0x000007, 0x000007, 0x000007, 0x000007,
	0x000007, 0x000007, 0x000007, 0x000007, 0x000007, 0x000007, 0x000007, 0x000007,
	0x000007, 0x000007, 0x000007, 0x000007, 0x000007, 0x000007, 0x000007, 0x000007,
	0x000007, 0x000007, 0x000007, 0x000007, 0x000007, 0x000007, 0x000007, 0x000007,
	0x000007, 0x000007, 0x000007, 0x000007, 0x000007, 0x000007, 0x000007, 0x000007,
	0x000007, 0x000007, 0x000007, 0x000007, 0x000007, 0x000007, 0x000007, 0x000007,
	0x000007, 0x000007, 0x000007, 0x000007, 0x000007, 0x000007, 0x000000, 0x000000,
	0x000000, 0x000000, 0x000000, 0x000000, 0x000000, 0x000000, 0x000000, 0x000000,
	0x000000, 0x000000, 0x000000, 0x000000, 0x000000, 0x000000, 0x000000, 0x000000,
	0x000000, 0x000000, 0x000000, 0x000000, 0x000000, 0x000000, 0x000000, 0x000000,
	0x000000, 0x000000, 0x000000, 0x000000, 0x000000, 0x000000, 0x000000, 0x000000,
	0x000000, 0x000000, 0x000000, 0x000000, 0x000000, 0x000000, 0x000000, 0x000000,
	0x000000, 0x000000, 0x000000, 0x000000, 0x000000, 0x000000, 0x000000, 0x000000,
	0x000000, 0x000000, 0x000000, 0x000000, 0x000000, 0x000000, 0x000000, 0x000000,
	0x000000, 0x000000, 0x000000, 0x000000, 0x000000, 0x000000, 0x000000, 0x000000,
	0x000000, 0x000000, 0x000000, 0x000000, 0x000000, 0x000000, 0x000000, 0x000000,
	0x000000, 0x000000, 0x000000, 0x000000, 0x000000, 0x000000, 0x000000, 0x000000,
	0x000000, 0x000000, 0x000000, 0x000002, 0x000002, 0x000000,
}

// IsFaceSturdy reports BlockBehaviour$BlockStateBase.isFaceSturdy(EmptyBlockGetter, ZERO,
// dir, supportType) for the given state — a pure lookup into the vanilla per-state support
// cache (the table built with NO world context at registration time). This is the
// server-authoritative, no-context face-sturdiness used by worldgen ground checks and
// attachment-block survival. CITE: javap BlockBehaviour$BlockStateBase.isFaceSturdy(...,
// SupportType) — when the cache is present it returns cache.faceSturdy[getFaceSupportIndex].
//
// Out-of-range state ids and dir/supportType return false (vanilla never queries those here).
func IsFaceSturdy(s StateID, dir Direction, supportType SupportType) bool {
	if int(s) < 0 || int(s) >= len(blockSupport) {
		return false
	}
	if dir > East || supportType > SupportRigid {
		return false
	}
	idx := uint(dir)*supportTypeCount + uint(supportType)
	return blockSupport[s]&(1<<idx) != 0
}

// IsSolid reports BlockBehaviour$BlockStateBase.isSolid() (the legacySolid field) for the
// state. This is the flag a few blocks (e.g. signs via state.isSolid()) read — it is NOT the
// same as isFaceSturdy. CITE: javap BlockStateBase.isSolid — getfield legacySolid.
func IsSolid(s StateID) bool {
	if int(s) < 0 || int(s) >= len(blockSupport) {
		return false
	}
	return blockSupport[s]&(1<<bitIsSolid) != 0
}

// IsCollisionShapeFullBlock reports
// BlockBehaviour$BlockStateBase.isCollisionShapeFullBlock(EmptyBlockGetter, ZERO) for the
// state: Block.isShapeFullBlock(state.getCollisionShape(...)) with no world context. CITE:
// javap BlockBehaviour$BlockStateBase$Cache.<init> — putfield isCollisionShapeFullBlock.
func IsCollisionShapeFullBlock(s StateID) bool {
	if int(s) < 0 || int(s) >= len(blockSupport) {
		return false
	}
	return blockSupport[s]&(1<<bitIsCollisionFullBlock) != 0
}

// BlocksMotion is the 1:1 port of BlockBehaviour$BlockStateBase.blocksMotion():
//
//	Block block = getBlock();
//	return block != Blocks.COBWEB && block != Blocks.BAMBOO_SAPLING && isSolid();
//
// isSolid() is the baked legacySolid flag (IsSolid above). Cobweb and bamboo_sapling
// are the two solid-collision blocks vanilla explicitly excludes from motion-blocking.
// This is the predicate behind Heightmap.Types MATERIAL_MOTION_BLOCKING / OCEAN_FLOOR and
// the block half of MOTION_BLOCKING (blocksMotion() || !fluid). CITE: javap
// BlockBehaviour$BlockStateBase.blocksMotion (if_acmpeq COBWEB / BAMBOO_SAPLING; isSolid).
func BlocksMotion(s StateID) bool {
	if int(s) < 0 || int(s) >= len(StateList) {
		return false
	}
	switch StateList[s].(type) {
	case Cobweb, BambooSapling:
		return false
	}
	return IsSolid(s)
}

// HasFluidState reports whether a state's vanilla getFluidState() is non-empty -- i.e. the
// state is a water/lava block (IsFluid) OR a waterlogged block (SimpleWaterloggedBlock
// getFluidState returns Fluids.WATER). This is the `!state.getFluidState().isEmpty()` half
// of Heightmap.Types MOTION_BLOCKING / MOTION_BLOCKING_NO_LEAVES. CITE: BlockStateBase.
// getFluidState; SimpleWaterloggedBlock.getFluidState (WATERLOGGED -> WATER).
func HasFluidState(s StateID) bool {
	if int(s) < 0 || int(s) >= len(StateList) {
		return false
	}
	b := StateList[s]
	if IsFluidBlock(b) {
		return true
	}
	return isWaterlogged(b)
}

// IsLeavesBlockInstance reports whether a state's block is `instanceof LeavesBlock` -- the
// exact test in Heightmap.Types MOTION_BLOCKING_NO_LEAVES (`!(getBlock() instanceof
// LeavesBlock)`). It aliases IsLeaves (the DecayingLeaves LeavesBlock family: the eight tree
// leaves + azalea + flowering azalea + mangrove) since those are precisely the concrete
// LeavesBlock subclasses. CITE: Heightmap$Types.lambda$static$1 (instanceof LeavesBlock).
func IsLeavesBlockInstance(s StateID) bool {
	return IsLeaves(s)
}

// IsSuffocating reports BlockBehaviour$BlockStateBase.isSuffocating(EmptyBlockGetter, ZERO) for
// the state: the per-block isSuffocating StatePredicate (default
// blocksMotion() && isCollisionShapeFullBlock(); some blocks override it) evaluated with no
// world context. This is the server-authoritative IN_WALL suffocation test. CITE: javap
// BlockBehaviour$BlockStateBase.isSuffocating — invokevirtual on the isSuffocating predicate
// field. The default predicate's isCollisionShapeFullBlock(getter,pos) is context-free for
// non-dynamic blocks, so the baked no-context value matches the live read for the suffocation
// case (a head inside a full cube — dirt/stone/sand/etc.).
func IsSuffocating(s StateID) bool {
	if int(s) < 0 || int(s) >= len(blockSupport) {
		return false
	}
	return blockSupport[s]&(1<<bitIsSuffocating) != 0
}
